code,name,lat,lon,junction,source
A01,New Ashok Nagar,28.591321,77.30252,,osm
A02,Anand Vihar,28.647471,77.316799,,osm
A03,Sahibabad,28.667639,77.368132,,osm
A04,Ghaziabad,28.672555,77.413731,,osm
A05,Guldhar,28.699543,77.44575,,osm
A06,Duhai,28.727017,77.471407,,osm
A07,Murad Nagar,28.770382,77.510704,,osm
A08,Modinagar South,28.817729,77.556741,,osm
A09,Modinagar North,28.843488,77.583196,,osm
A10,Meerut South,28.904729,77.632839,,osm
A11,Partapur,28.922018,77.650585,,osm
A12,Rithani,28.932037,77.660548,,osm
A13,Shatabdi Nagar,28.947748,77.673876,,osm
A14,Brahmapuri,28.960296,77.684812,,osm
A15,Meerut Central,28.972872,77.690603,,osm
A16,Bhainsali,28.988092,77.700317,,osm
A17,Begumpul,28.996738,77.705602,,osm
A18,MES Colony,29.015964,77.704621,,osm
A19,Daurli,29.040706,77.706856,,osm
A20,Meerut North,29.053349,77.708017,,osm
A21,Modipuram,29.072329,77.708884,,osm
AA,Ataria,27.172724,80.861014,,osm
AABH,Ambika Bhawani Halt,25.751691,84.969681,,osm
AAD,آباد,28.192304,68.519067,,osm
AADR,Amb Andaura,31.670355,76.110373,,osm
AAH,Itehar,26.561873,78.672026,,osm
AAL,Amlai,23.173088,81.592889,,osm
AAR,Adesar,23.5527,70.972855,,osm
AAS,Asranada,26.397399,73.305984,,osm
ABB,Abada,22.547871,88.199521,,osm
ABD,Ambli Road,23.053531,72.493409,,osm
ABE,Ambkeshwar,26.366013,77.972587,,osm
ABFC,Ambari Falakata,26.641148,88.510506,,osm
ABG,آبِ گم,29.803753,67.403161,,osm
ABGM,Ambalgram,23.692813,88.079121,,osm
ABH,Ambarnath,19.210061,73.184688,,osm
ABK,عبدالحکیم ریلوے اسٹیشن,30.554444,72.131795,,osm
ABKA,Ambika Kalna,23.212637,88.35387,,osm
ABKP,Ambikapur,23.136827,83.144012,,osm
ABLE,Ambale,18.413774,74.187037,,osm
ABO,Asthal Bohar Junction,28.858154,76.629053,,osm
ABP,Akbarpur Junction,26.429668,82.539318,,osm
ABR,Abu Road,24.481274,72.785287,,osm
ABRV,Ambari Richhavi,22.319554,74.271894,,osm
ABS,Abohar Junction,30.139419,74.19535,,osm
ABW,Abutara Halt,26.060431,89.529566,,osm
ABY,Ambivli,19.268291,73.172246,,osm
ACHH,علی پور چٹھہ ریلوے اسٹیشن,32.255443,73.816446,,osm
ACL,Ancheli,20.84507,72.94541,,osm
ACLE,Azimganj City,24.239835,88.255341,,osm
ACND,Acharya Narendra Dev Nagar,26.775521,82.157957,,osm
ACRN,Achirne,16.446684,73.743893,,osm
ACU,Achuara Halt,25.452935,85.657339,,osm
ADD,Chalvada,23.938487,71.592305,,osm
ADE,Adari Road,20.987149,70.330715,,osm
ADF,Adina,25.114633,88.122985,,osm
ADH,Andheri,19.119698,72.84642,,osm
ADI,Ahmedabad Junction,23.026331,72.601,,osm
ADK,کوٹ ادو جنکشن ریلوے اسٹیشن‬,30.469349,70.962258,,osm
ADL,Andul,22.575702,88.239446,,osm
ADN,الله دادانی,27.789939,68.565582,,osm
ADQ,Adhikari,26.576733,88.169911,,osm
ADR,Mandi Adampur,29.283165,75.468743,,osm
ADRA,Adra Junction,23.495768,86.674648,,osm
ADS,ﷲ دینو ساند,25.503539,68.52231,,osm
ADST,Adisaptagram,22.954922,88.378957,,osm
ADTL,Adhartal,23.227958,79.972919,,osm
ADTP,Adityapur,22.782674,86.159036,,osm
ADVI,Adavali,16.921545,73.592809,,osm
ADW,آدم واہن ریلوے اسٹیشن,29.467077,71.645169,,osm
ADX,Adapur,26.925492,84.9418,,osm
AE,Amreli,21.607881,71.228115,,osm
AED,Aulenda,27.032889,77.615763,,osm
AEE,Alachor,31.167773,76.127715,,osm
AEH,Anant Paith,25.95535,78.276429,,osm
AEJ,Arnej,22.581423,72.267784,,osm
AEL,Ateli,28.100659,76.253532,,osm
AEP,Amreli Para,21.589202,71.212741,,osm
AERH,Agrer,25.020045,84.040745,,osm
AF,Agra Fort,27.183003,78.018713,,osm
AFR,Asafpur,28.405291,78.905618,,osm
AFS,اشرف شاہ,29.75513,72.110586,,osm
AFTM,Dr. Ambedkar Chowk Station,27.174968,78.022205,,osm
AG,Aranghata,23.242173,88.613518,,osm
AGA,Agra City,27.194131,78.015519,,osm
AGAE,Agradwip,23.581217,88.226288,,osm
AGAS,Agas,22.502057,72.883858,,osm
AGC,Agra Cantonment,27.158953,77.990048,,osm
AGCI,Angadi,22.80763,73.286142,,osm
AGD,Agasod,24.233963,78.21762,,osm
AGE,Angai,26.604442,77.462927,,osm
AGMN,Agomoni,26.277916,89.76591,,osm
AGP,Agarpara,22.682878,88.385364,,osm
AGR,Amargarh,23.062727,74.737431,,osm
AGTR,Agauthar Halt,26.008522,84.844046,,osm
AGV,Angua,21.89526,87.270792,,osm
AGY,Agori Khas,24.596989,83.05524,,osm
AH,Achhnera Junction,27.18159,77.758176,,osm
AHA,Abhaipur,25.215745,86.322878,,osm
AHH,Ahmedgarh,30.683495,75.829001,,osm
AHJU,Ahju,32.024062,76.706899,,osm
AHLR,Ahalyapur,26.468381,83.824844,,osm
AHM,Ahimanpur,25.252222,82.511596,,osm
AHMP,Adarsh Manpur,25.133494,85.922237,,osm
AHN,Ahiran,24.518868,88.041613,,osm
AHO,Adarshnagar,26.410942,74.653534,,osm
AHP,احسان پور,30.648907,70.951271,,osm
AHQ,Ahera Halt,28.931065,77.277635,,osm
AHR,عباس پور ریلوے اسٹیشن,31.328845,72.945679,,osm
AHRM,Ashram,28.572423,77.258598,,osm
AHT,Amghata,23.412593,88.420474,,osm
AHU,اتھل پور,31.161373,74.387212,,osm
AHZ,Adhinpur,26.418619,81.726747,,osm
AI,Adipur Junction,23.076406,70.078166,,osm
AIA,Ajaraka,27.960221,76.563797,,osm
AIG,Algawan,27.700793,79.963934,,osm
AIH,Alawalpur Idrispur,29.047777,77.271193,,osm
AII,Ajmer Junction,26.456336,74.637348,,osm
AIIMS,A.I.I.M.S.,28.56686,77.207806,,osm
AILM,Ailam,29.271671,77.291709,,osm
AIR,Alindra Road,22.452001,73.256299,,osm
AIRL,Airoli,19.158523,72.999402,,osm
AIT,Ait Junction,25.902896,79.22962,,osm
AJ,Ajgain,26.617364,80.62135,,osm
AJE,Anjar,23.119428,70.03638,,osm
AJH,Ajhai,27.636249,77.558095,,osm
AJI,Anjhi Shahabad,27.644302,79.974234,,osm
AJIT,Ajit,25.859679,72.677461,,osm
AJKI,Ajit Kheri,23.039655,76.045301,,osm
AJL,Ajitwal,30.808273,75.33535,,osm
AJMI,Adraj Moti,23.258206,72.565157,,osm
AJN,Ajnod,22.931421,75.738395,,osm
AJR,Ajaibpur,28.472312,77.594129,,osm
AJTM,Ajit Gill Matta,30.482873,74.864104,,osm
AJWA,Ajwa,22.358769,73.384886,,osm
AKD,Akodia,23.378655,76.599357,,osm
AKI,Adarki,17.922209,74.192763,,osm
AKIP,Akaipur,23.095252,88.717382,,osm
AKJ,Akbarganj,26.530971,81.503715,,osm
AKL,Anakhol,23.276458,72.410083,,osm
AKN,Akbarnagar,25.235326,86.835349,,osm
AKO,اکوڑا خٹک,33.994682,72.147148,,osm
AKP,Anakapalle,17.694631,83.008648,,osm
AKR,Akolner,18.983933,74.668318,,osm
AKRA,Akra,22.514737,88.249279,,osm
AKRD,Akurdi,18.648636,73.764716,,osm
AKS,Ankuspur,25.571319,83.494012,,osm
AKSMP,Araniya Kalan Salempura,26.647063,76.311927,,osm
AKT,Akaltara,22.029146,82.422475,,osm
AKV,Ankleshwar Junction,21.625615,73.001118,,osm
AKVU,Ankleshwar Udyog Nagar,21.633441,73.033639,,osm
AKW,Akona,25.581901,80.147098,,osm
AKZ,Akashi,23.404771,84.831139,,osm
ALAI,Alai,27.33762,73.585187,,osm
ALAL,Alal,30.377162,75.73194,,osm
ALAU,Alau,22.210418,71.688227,,osm
ALB,Alia Bada,22.447061,70.21088,,osm
ALE,Amleta,21.837893,73.405675,,osm
ALJ,Aliganj,29.114262,78.919765,,osm
ALJN,Aligarh Junction,27.888807,78.074736,,osm
ALM,Alamanda,18.012079,83.270631,,osm
ALMG,Alamganj,26.119037,90.025594,,osm
ALMR,Alampur,21.959953,71.711103,,osm
ALMW,Almau,25.264001,82.475544,,osm
ALN,Alandi,18.462903,74.06419,,osm
ALNI,Alniya,25.032184,75.909077,,osm
ALNP,Akelahanspur,28.332195,80.323975,,osm
ALPD,Adalpahari,24.208218,87.709578,,osm
ALS,Amlori Sarsar,26.291267,84.346237,,osm
ALV,Anklav,22.393003,72.999869,,osm
AMA,Atamanda,28.564383,79.463553,,osm
AMB,Ambadala,19.83526,83.457221,,osm
AMBG,Arambag,22.888193,87.791574,,osm
AMD,Amila,26.188336,83.522814,,osm
AME,Amethi,26.152874,81.806104,,osm
AMG,Alamnagar,26.84152,80.868266,,osm
AMH,Azamgarh,26.039014,83.161713,,osm
AMIN,Amin,29.904621,76.899603,,osm
AML,Amalsad,20.811416,72.95602,,osm
AMLA,Amla Juncion,21.91951,78.122756,,osm
AMLI,Amli,25.828125,76.285943,,osm
AMLO,Amlo,23.768902,85.982189,,osm
AMLP,Amalpur,22.162642,73.511743,,osm
AMNA,Aman Lodge,19.001379,73.281714,,osm
AMO,Amolwa,27.21184,84.477948,,osm
AMP,Ahmadpur Junction,23.832677,87.692805,,osm
AMPL,Ammapali,25.271662,87.459249,,osm
AMPR,Amarpura Rathan,29.441954,74.013449,,osm
AMR,آمری,26.16983,68.008697,,osm
AMRI,Anajmandi Rewari,28.183667,76.605543,,osm
AMRO,Amroha,28.892213,78.474427,,osm
AMRR,امیر پور ہالٹ,29.675467,71.974093,,osm
AMS,Amausi,26.774287,80.841426,,osm
AMZ,Amta,22.574403,88.018885,,osm
ANA,Aslana,23.860078,79.31957,,osm
ANAH,Aunta Halt,25.380294,85.949684,,osm
ANAS,Anas,22.865624,74.42154,,osm
AND,Anandnagar,18.509572,73.814075,,osm
ANDI,Adarsh Nagar,28.714401,77.167288,,osm
ANDN,Anand Nagar Junction,27.099533,83.269898,,osm
ANG,Ahmadnagar,19.074352,74.721998,,osm
ANGL,Angul,20.860251,85.102104,,osm
ANGM,Aungari Dham,25.191331,85.226319,,osm
ANH,Ankorha,24.76092,84.169784,,osm
ANI,Ajanti,21.894881,76.286169,,osm
ANJE,Angarpathra Halt,23.795918,86.311242,,osm
ANKI,Anakhi,22.075139,72.854073,,osm
ANKL,Ankola,14.645359,74.331925,,osm
ANND,Anand Junction,22.561721,72.965946,,osm
ANO,Anjani,17.621055,73.399731,,osm
ANPR,Anpara,24.216908,82.766124,,osm
ANQ,Amnapur,17.046408,74.464191,,osm
ANR,Anara,23.481713,86.560558,,osm
ANSB,Anandpur Sahib,31.229986,76.500578,,osm
ANT,Anantnag,33.738585,75.107435,,osm
ANVR,Anand Vihar (Pink Line),28.646616,77.315532,,osm
ANVT,Anand Vihar Terminal,28.648851,77.3155,,osm
ANW,Anaval,20.843073,73.267793,,osm
AO,Aonla,28.295874,79.168854,,osm
AOD,آرائیں روڈ,27.732164,68.81412,,osm
AOR,Argora,23.347264,85.315037,,osm
APA,Amarpura,26.114207,74.256705,,osm
APD,Alipurduar,26.478924,89.521035,,osm
APDC,Alipur Duar Court,26.501588,89.52788,,osm
APDJ,Alipur Duar Junction,26.523273,89.533694,,osm
APG,Anupganj,26.761522,81.103247,,osm
APH,Anupgarh,29.196744,73.204616,,osm
APJ,Amarpur Jorasi,28.009559,76.055082,,osm
APKH,Asanpur Kupha,26.300191,86.628367,,osm
APMN,Ashok Park Main,28.671605,77.155291,,osm
APOT,IGI Airport,28.556463,77.086699,,osm
APP,Ambapendarpur Halt,25.264731,85.530069,,osm
APQ,Aditpara,21.669888,69.672986,,osm
APR,Anuppur Junction,23.117876,81.69647,,osm
APRD,Ashapurna Devi,21.721644,87.632621,,osm
APRH,Alehpur Halt,26.209465,84.788986,,osm
APTA,Apta,18.863708,73.153299,,osm
AQG,Ashapura Gomat,26.950561,71.893097,,osm
ARA,Ara Junction,25.548466,84.661632,,osm
ARD,Amarda Road,21.733933,87.102364,,osm
ARE,Arnetha,25.389871,76.018584,,osm
ARF,عارف والہ,30.293309,73.065355,,osm
ARG,Angar Ghat,25.793381,85.909812,,osm
ARGD,Arigada,23.64433,85.467985,,osm
ARGL,Argul,20.124244,85.670639,,osm
ARI,Antri,26.035644,78.226953,,osm
ARJ,Aunrihar Junction,25.545133,83.187645,,osm
ARK,Araku,18.332922,82.865258,,osm
ARKA,Arkha,25.887496,81.31372,,osm
ARKV,Araku Valley,18.302793,82.910352,,osm
ARL,Aroul,26.920644,80.018951,,osm
ARNA,Arniya,27.010643,76.517738,,osm
ARP,Atrampur,25.572282,81.745967,,osm
ARPR,Alirajpur,22.300168,74.398718,,osm
ARQ,Araria Court,26.114822,87.447284,,osm
ARR,Arariya,26.136362,87.411945,,osm
ARW,Ahraura Road,25.196586,83.019278,,osm
ARX,Areli,28.019018,79.885622,,osm
ARYJ,Aarey JVLR,19.130428,72.884349,,osm
AS,Arjansar,28.931939,73.871807,,osm
AS2,Duhai Depot Station,28.742282,77.467641,,osm
ASA,آدم صحابہ,28.359697,70.224356,,osm
ASAN,Asan,29.401351,76.869373,,osm
ASAR,Asara,29.249397,77.291497,,osm
ASB,Asanboni,22.705409,86.321382,,osm
ASCE,Athsarai,25.678937,81.262207,,osm
ASDM,Akshardham,28.617933,77.279424,,osm
ASE,Asaudah,28.736759,76.859708,,osm
ASH,Aishbagh,26.837359,80.909795,,osm
ASKN,Ashok Nagar,24.579243,77.727973,,osm
ASKR,Ashoknagar Road,22.826755,88.628623,,osm
ASL,Aslaoda,23.230926,75.607953,,osm
ASLU,Aslu,28.368516,75.07516,,osm
ASM,Asarma,21.458933,73.064358,,osm
ASN,Asansol Junction,23.69131,86.974792,,osm
ASO,Asangaon,19.439747,73.308012,,osm
ASR,Amritsar Junction,31.633213,74.867143,,osm
AST,Asaoti,28.253176,77.323616,,osm
ASV,Asarva,23.044093,72.613216,,osm
AT,Asnoti,14.87629,74.147593,,osm
ATA,Ata,26.04436,79.598655,,osm
ATCY,اٹک سٹی جنکشن,33.77451,72.351618,,osm
ATDA,Atladara,22.275249,73.153552,,osm
ATE,Atarra,25.29074,80.576971,,osm
ATG,Atgaon,19.503542,73.328257,,osm
ATH,Antah,25.160813,76.307155,,osm
ATHA,Arthala,28.676999,77.391892,,osm
ATKD,اٹک خورد,33.873684,72.240945,,osm
ATL,Athmal Gola,25.453451,85.621995,,osm
ATM,Altagram,26.610649,88.943223,,osm
ATMO,Aithal,29.808069,78.043909,,osm
ATNR,Awatar Nagar,25.764803,84.956961,,osm
ATPA,Awantipura,33.887997,74.991892,,osm
ATR,Attar,21.998528,76.205355,,osm
ATRR,Atraura Halt,25.321697,82.299066,,osm
ATRU,Atru,24.882068,76.670046,,osm
ATS,Attabira,21.387956,83.792911,,osm
ATT,Attari,31.59455,74.606621,,osm
ATUL,Atul,20.547282,72.927824,,osm
AUB,Aluabari Road Junction (Islampur),26.269043,88.185247,,osm
AUBR,Anugraha Narayan Road,24.855785,84.329734,,osm
AUI,Aurahi,25.823021,87.135054,,osm
AUL,Agsauli,27.717785,78.476993,,osm
AUN,Aurang Nagar,29.032522,75.979605,,osm
AUNG,Aung,26.161523,80.546668,,osm
AUR,Atrauli Road,28.095872,78.21933,,osm
AUS,Anupshahr,28.947519,75.212306,,osm
AUWA,Auwa,25.660661,73.561502,,osm
AV,Asvali,19.82045,73.717591,,osm
AVA,Ambewadi,15.272911,74.617434,,osm
AVH,Avidha,21.74983,73.192482,,osm
AVL,Amritvel,21.076363,71.661252,,osm
AVRD,Aravali Road,17.316657,73.538091,,osm
AWI,علو والی,32.364957,71.418511,,osm
AWL,Alawalpur,31.42553,75.642859,,osm
AWR,Alwar Junction,27.56049,76.621353,,osm
AWS,Awasani,27.162649,84.052727,,osm
AXA,Amarsar,22.58614,70.916598,,osm
AXK,Ashokhar,26.546375,78.605888,,osm
AY,Ayodhya Dham Junction,26.787937,82.201003,,osm
AYC,Ayodhya Cantt,26.768993,82.135802,,osm
AYRN,Akshaywat Rai Nagar,25.688744,85.314057,,osm
AZ,Azimganj Junction,24.230042,88.25991,,osm
AZR,Azamnagar Road,25.555962,87.852733,,osm
AZTL,عظمت والا,29.570144,70.53371,,osm
AZU,Azadpur (Yellow Line),28.707045,77.180372,,osm
BA,Bandra,19.054979,72.84022,,osm
BAA,Barala,24.265991,88.16174,,osm
BAAR,Bandar,22.052957,88.088537,,osm
BAB,Babina,25.239269,78.453636,,osm
BAC,Bargachia,22.666749,88.13807,,osm
BAD,Baad,27.397091,77.688213,,osm
BADH,Badhauna Halt,25.297819,85.423808,,osm
BADK,Barka,29.072858,77.273858,,osm
BADR,Bhader,21.364963,70.928876,,osm
BAE,Baliakheri,29.928392,77.633645,,osm
BAF,Bap,27.378786,72.385466,,osm
BAGA,Bhagega,27.677181,75.721051,,osm
BAGD,Bagwada,20.433892,72.916241,,osm
BAGJ,Barharganj,26.921227,83.919728,,osm
BAGL,Baragopal,25.765237,84.908274,,osm
BAH,Bhabhar,24.065083,71.615528,,osm
BAHL,Banihal,33.450759,75.189138,,osm
BAHN,Babhabgaon Halt,25.465085,87.816909,,osm
BAHW,Bahir Khanda,22.853295,88.068158,,osm
BAI,Bassi,26.841109,76.047737,,osm
BAJ,Bhalej,22.635477,73.038537,,osm
BAJN,Bajana,23.104165,71.776896,,osm
BAK,Bhan Kari,26.962408,76.409358,,osm
BAKA,Banka,24.866853,86.912574,,osm
BAKT,Barhara Kothi,25.776942,87.096319,,osm
BALI,Bhaili,22.265646,73.130704,,osm
BALR,Baitalpur,26.55229,83.737958,,osm
BALU,Balugaon,19.74804,85.2015,,osm
BAM,Brahmapur,19.296752,84.7974,,osm
BAMA,Birambad,26.924692,77.321102,,osm
BAMR,Bamur,21.006688,84.474059,,osm
BAN,ڀان سعيدآباد,26.557288,67.725294,,osm
BANE,Basni,26.223029,73.010839,,osm
BANI,Bani,26.233215,81.610957,,osm
BANO,Bano,22.664807,84.902613,,osm
BAO,Banmor,26.355471,78.098603,,osm
BAOL,Baoli,29.140283,77.278251,,osm
BAP,Belapur,19.619764,74.659901,,osm
BAPB,Badarpur,28.493258,77.30303,,osm
BAPR,Ballupur,27.587175,79.141662,,osm
BAQ,Ganj Basoda,23.845913,77.94462,,osm
BAR,Bar,26.064067,74.111111,,osm
BARA,Bilara,26.186148,73.700008,,osm
BARD,Duvri Kalan,23.99281,81.52931,,osm
BARH,Sahari,25.475819,85.72822,,osm
BARI,Bari,26.649855,77.617613,,osm
BARJ,Bharatgarh,31.11062,76.592878,,osm
BARL,Baral,28.496037,77.80987,,osm
BARN,Baranagar Road,22.653486,88.378858,,osm
BARS,Barsana,27.441889,77.146761,,osm
BARU,Baharu,22.204738,88.444184,,osm
BASN,Bhainswan,29.095248,76.680087,,osm
BASR,Batesar,26.907959,78.558863,,osm
BAT,Batala Junction,31.821405,75.194553,,osm
BATL,Baihatola,23.229375,82.050571,,osm
BATM,Batala Sugar Mills,31.859303,75.23093,,osm
BATS,Bhatsar,23.637645,72.064623,,osm
BAV,Baruva,18.901135,84.554463,,osm
BAWA,Balwara,25.501467,72.554492,,osm
BAWD,Bhadwad,21.324828,74.103631,,osm
BAYD,Bayad,23.222036,73.207625,,osm
BAZ,Baran,25.095267,76.507049,,osm
BBA,Babrala,28.266646,78.403503,,osm
BBAE,Baidyabati,22.79491,88.331772,,osm
BBAI,Bhadbhunja,21.162742,73.664993,,osm
BBAR,Bara,23.977666,81.116829,,osm
BBC,Bhachhbar,25.733148,71.001321,,osm
BBCE,Bulbulchandi,24.971078,88.243084,,osm
BBDA,Barbenda,23.420954,86.118863,,osm
BBDB,BBD Bagh,22.576842,88.346628,,osm
BBDE,Babarpur,29.449984,76.966619,,osm
BBE,Baghi Bardiha,24.949359,85.623013,,osm
BBG,بادامی باغ,31.596029,74.317187,,osm
BBH,بابر کچھ,29.792274,67.986411,,osm
BBJ,Babaganj,27.960817,81.566177,,osm
BBK,Barabanki Junction,23.743026,87.019012,,osm
BBKR,Baba Bakala Raiya,31.541303,75.239613,,osm
BBL,Balrai,26.920759,78.824029,,osm
BBLA,Bhyabla Halt,22.655344,88.853745,,osm
BBLK,Baba Laxman Daspuri,27.31631,79.363178,,osm
BBM,Barabhum,23.093505,86.211887,,osm
BBMN,Bari Brahman,32.638584,74.9164,,osm
BBN,Barbil,22.104861,85.369045,,osm
BBO,Babugarh,28.747535,77.857034,,osm
BBR,Bagbazar,22.605491,88.365506,,osm
BBS,Bhubaneswar,20.266777,85.843559,,osm
BBSL,Baba Sodhal Nagar,31.351382,75.566731,,osm
BBSN,Bhubaneswar New,20.381515,85.835448,,osm
BBT,Birati,22.66432,88.427496,,osm
BBTR,Barbatpur,22.196907,77.919728,,osm
BBU,Bhabua Road,25.172543,83.619816,,osm
BBW,Bodarwar,26.878,83.638191,,osm
BBY,Bhadroli,26.301155,78.180919,,osm
BC,Bareilly City,28.356201,79.403172,,osm
BCA,Bachwara Junction,25.583675,85.89868,,osm
BCB,Bhowrah,23.669941,86.416899,,osm
BCD,Bansdih Road,25.811358,84.214822,,osm
BCF,Bankapasi,23.5704,88.037219,,osm
BCGM,Bainchigram,23.106842,88.215674,,osm
BCGN,Botanical Garden,28.563957,77.334106,,osm
BCH,Bercha,23.283609,76.33535,,osm
BCHN,Bochasan Junction,22.40191,72.848636,,osm
BCHR,Bachar,21.952004,73.164023,,osm
BCJ,Bagahabishunpur,24.823108,84.213412,,osm
BCK,Balichak,22.357706,87.552912,,osm
BCN,Bachhrawan,26.476601,81.104952,,osm
BCOB,Bhachau,23.304063,70.350733,,osm
BCP,Bichpuri,27.176529,77.914653,,osm
BCQ,Barachak,23.707162,86.92844,,osm
BCR,بوچیری,26.353555,68.365584,,osm
BCRD,Barchi Road,21.95255,78.312022,,osm
BCSD,Bengal Chemical,22.580067,88.401296,,osm
BCU,Bhuchu Mandi,30.21011,75.09528,,osm
BCW,Bhawi,26.225469,73.617013,,osm
BCY,Varanasi City,25.334337,83.014275,,osm
BCYN,Budhdevchak Y Nagar,25.497198,85.328244,,osm
BDAG,Bonidanga,24.82364,87.809921,,osm
BDB,Vrindavan,27.576332,77.694208,,osm
BDBA,Badabandha,20.277131,86.520391,,osm
BDBG,Badhai Balamgarh,30.453373,74.423068,,osm
BDBP,Basudebpur,24.63586,87.980989,,osm
BDC,Bandel Junction,22.923669,88.378286,,osm
BDDR,Badodar,21.345731,70.280649,,osm
BDE,Bodeli,22.269829,73.716143,,osm
BDGM,Badgam station,34.038525,74.736016,,osm
BDH,Bhedia railway station,23.589986,87.711392,,osm
BDHA,Badhada,21.269895,71.337096,,osm
BDHL,Badhal,27.251411,75.450871,,osm
BDHP,Bhudpur,29.217357,77.291047,,osm
BDHY,Budhi,32.440625,75.43543,,osm
BDIH,Bandhdih,23.671094,86.261091,,osm
BDIN,Bhadaiyan,26.171113,82.169148,,osm
BDJR,Bhadora Jagir,24.78809,77.412525,,osm
BDK,Bedag,16.822744,74.728026,,osm
BDKD,Bhandarkund,21.836262,78.918438,,osm
BDKN,Bandhua Kalan,26.272884,81.995801,,osm
BDKT,Badakhandeita,20.36584,86.08386,,osm
BDL,Vindhyachal Railroad Station,25.160226,82.502465,,osm
BDMA,Budhma Station,25.901012,86.864621,,osm
BDME,Baidyanathdham,24.488957,86.692722,,osm
BDMJ,Bhodwal Majri,29.185226,77.008419,,osm
BDN,Bhadan,26.979447,78.737603,,osm
BDNL,بادل نالا,24.844825,67.367164,,osm
BDNP,Bidanpur,25.585119,81.442131,,osm
BDO,Bahalda Road,22.441687,86.164322,,osm
BDP,بڈھا پور,25.674728,68.329015,,osm
BDPA,Badalpur,21.709211,87.614816,,osm
BDPG,Bada Padagaon,20.570516,85.873632,,osm
BDPK,Budhapank,20.852648,85.256013,,osm
BDPR,Brindabanpur,23.307628,87.280141,,osm
BDQ,Budora,23.779023,86.236002,,osm
BDR,باڈہ,27.328945,68.028676,,osm
BDRI,Bhadrauli,26.894247,78.48214,,osm
BDRN,Bhadran,22.35685,72.891513,,osm
BDS,Baradighi,26.797435,88.740105,,osm
BDSR,Bhadreshwar Road,22.882483,69.834298,,osm
BDSW,Budh Singhwala,29.83229,74.222332,,osm
BDTS,Bandra Terminus,19.062704,72.841303,,osm
BDUA,Basudeopur Chandail Halt,25.648112,85.542244,,osm
BDVR,Boddavara,18.175193,83.113338,,osm
BDW,Bandanwara,26.123209,74.69116,,osm
BDWA,Badhwabara,23.294644,81.286855,,osm
BDWL,Biradhwal,29.174488,73.896569,,osm
BDWS,Badarwas,24.983592,77.562278,,osm
BDX,بدين,24.662329,68.838472,,osm
BDXT,Basai Dhankot,28.464584,76.982817,,osm
BDYK,Bindayaka,26.923616,75.651594,,osm
BDYP,Bidyadharpur,22.424699,88.454013,,osm
BDYR,Bidyadabri,26.211429,89.782291,,osm
BDZ,Badkulla,23.305505,88.526126,,osm
BE,Bareilly Junction,28.338104,79.410266,,osm
BEA,Bihiya,25.558638,84.448868,,osm
BEAS,Beas Junction,31.520281,75.291336,,osm
BEB,Beldanga,23.933331,88.243073,,osm
BECN,Bikaner East,27.973121,73.369625,,osm
BED,Baseri,26.748598,77.543397,,osm
BEDM,Bedham,27.453899,77.209511,,osm
BEF,Bhupdeopur,21.974827,83.259252,,osm
BEG,Behtagokul,27.530434,80.054854,,osm
BEH,Bagdihi,21.951269,84.186841,,osm
BEHJ,Vehaj,27.482452,77.387357,,osm
BEHR,Beohari,24.000534,81.380013,,osm
BEHS,Bihar Sharif Junction,25.203267,85.539523,,osm
BEHT,Bihat Halt,25.44977,86.033456,,osm
BEK,Bundki,29.522577,78.393285,,osm
BEL,بہل,31.41244,71.022879,,osm
BELA,Bela,24.979839,84.981671,,osm
BELD,Belkhera,22.982558,79.30174,,osm
BELT,Bela,25.038288,86.998565,,osm
BEM,Budaun,28.02865,79.137005,,osm
BEN,বেনাপোল রেলওয়ে স্টেশন,23.043099,88.902778,,osm
BEO,Birohe,25.172358,82.456926,,osm
BEP,Bheerpur,25.265024,81.98924,,osm
BEPR,CBD Belapur,19.019008,73.03913,,osm
BEQ,Belur,22.635732,88.339822,,osm
BER,Beawar,26.107056,74.312842,,osm
BERO,Bero,23.548325,86.726928,,osm
BES,Bes,23.905611,85.324248,,osm
BET,Bareth,23.914445,77.999846,,osm
BETI,Bhetasi,22.421991,73.032478,,osm
BEU,Bisheshwarganj,27.342962,81.832206,,osm
BEX,Belboni,23.27655,87.152004,,osm
BFE,Bahawalbas,30.146632,74.276301,,osm
BFG,Bagthar,26.796204,77.522302,,osm
BFM,Bhalui,25.073415,86.173186,,osm
BFN,Bugana,29.280059,75.839636,,osm
BFP,Bilochpura,27.2019,77.986789,,osm
BFPA,Bhopatpur,28.45171,79.812338,,osm
BFQ,Bendi,23.756679,84.426163,,osm
BFS,Bharawas,28.116645,76.585474,,osm
BFT,Bhabta,23.986949,88.241624,,osm
BFV,Bahelia Buzurg,28.037786,80.533421,,osm
BFX,Baghi Ghauspur,25.048686,85.679511,,osm
BFY,Bhesana,25.823887,73.717179,,osm
BFZ,Bhandartikuri,23.432899,88.330027,,osm
BGA,Bagalia,23.447013,86.518935,,osm
BGAE,Balagarh,23.122116,88.452961,,osm
BGAN,Bangain,27.272072,81.878401,,osm
BGB,Komagata Maru Budge Budge,22.49289,88.194858,,osm
BGBI,Bagribari,26.204547,90.120587,,osm
BGD,Baragudha,29.697464,75.001841,,osm
BGDI,Bagadia,20.278851,86.586204,,osm
BGDS,Bhagwanpur Desu,25.825746,85.847375,,osm
BGE,بیگ مانجی,27.591,68.827858,,osm
BGF,Bagila,23.158328,88.126004,,osm
BGG,Banta Raghunathgarh,25.602225,73.527452,,osm
BGH,Baghauli,27.227975,80.296447,,osm
BGHI,Baghai Road,24.550802,81.051668,,osm
BGHT,Barkagaon Halt,26.14783,84.639831,,osm
BGHU,Borra Guhalu,18.274907,83.040169,,osm
BGJT,Baghajatin,22.482739,88.386671,,osm
BGKA,Bangurkela,22.286823,84.971207,,osm
BGKT,Bhagat Ki Kothi,26.250796,73.014533,,osm
BGL,Bagula,23.33497,88.645799,,osm
BGM,Belagavi,15.849057,74.508943,,osm
BGMR,Bagumra,21.148877,72.997696,,osm
BGMU,Bangarmau,26.892286,80.22161,,osm
BGNA,Balgona,23.458066,87.950407,,osm
BGO,Bogri Road,22.882021,87.326102,,osm
BGP,Bhagalpur Junction,25.241364,86.972797,,osm
BGPL,Baghuapal,21.042081,86.012893,,osm
BGPR,Bhagwanpura,25.408074,73.354504,,osm
BGQ,Bhongaon,27.259198,79.166469,,osm
BGRA,Baghnapara,23.242185,88.328988,,osm
BGRD,Beliaghata Road,22.674796,88.607681,,osm
BGRI,باگیاری,33.99865,71.324821,,osm
BGRM,Biggabas Ramsara,28.04762,74.204553,,osm
BGS,Begu Sarai,25.425108,86.134511,,osm
BGTA,Bagratawa,22.632026,77.994468,,osm
BGTN,Bhagtanwala,31.608935,74.864337,,osm
BGU,Bairagnia,26.737391,85.275868,,osm
BGUA,Baiguda,18.827213,82.965674,,osm
BGWI,Begdewadi,18.700945,73.708,,osm
BGX,Bagri Sajjanpur,25.918524,73.824616,,osm
BGY,Bangriposi,22.146482,86.540076,,osm
BGZ,Bahadurgarh,28.701224,76.930357,,osm
BH,Bharuch Junction,21.703515,72.999247,,osm
BHA,Bhandai Junction,27.06868,77.966583,,osm
BHAL,Bhatiel,22.484167,72.854645,,osm
BHAN,Bhoyani,23.361065,72.234314,,osm
BHAS,Bhojaras,25.78885,74.634467,,osm
BHAT,Bhatpura,26.327427,77.676275,,osm
BHAU,Bhalua,24.678881,86.690084,,osm
BHB,Badla Ghat,25.553194,86.586774,,osm
BHBR,Bathua Bazar,26.497172,84.232356,,osm
BHBT,Block Hut Basantar,32.558235,75.068332,,osm
BHC,Bhadrak Junction,21.090906,86.516542,,osm
BHCL,Bahora Chandil Halt,25.366209,83.495386,,osm
BHD,Badli,28.74654,77.137462,,osm
BHDH,Bahadurpur,27.944618,79.797191,,osm
BHDR,Bhadri,25.67705,81.567861,,osm
BHE,باندھی,26.586569,68.301387,,osm
BHET,Bhestan,21.122583,72.863034,,osm
BHG,Bhaton-Ki-Gali,27.103678,75.713336,,osm
BHGH,Bahirgachhi,23.275572,88.634272,,osm
BHGJ,Bihariganj,25.732045,86.992414,,osm
BHHT,Barhara,26.441455,86.365255,,osm
BHHZ,Behta Hazipur,28.720212,77.303649,,osm
BHI,Baheri,28.778123,79.500543,,osm
BHJ,Barhaj Bazar,26.283924,83.7309,,osm
BHJA,Bheja,18.47282,82.685316,,osm
BHK,Badhari Kalan,27.796296,78.737146,,osm
BHKA,Bahira Kalibari,22.685971,88.564894,,osm
BHKD,Bhurkunda,23.637173,85.372175,,osm
BHKH,Baghoi Kusa,24.840327,84.460336,,osm
BHKR,بھکر,31.622111,71.065058,,osm
BHL,Bhilwara,25.345179,74.6315,,osm
BHLA,Behula,23.180707,88.428936,,osm
BHLE,Barahat Junction,24.920427,87.010407,,osm
BHLP,Bhulanpur,25.287363,82.956562,,osm
BHM,Bahram,31.195906,75.901614,,osm
BHME,Bhandaridah,23.756633,86.055249,,osm
BHMW,Bhambewa,29.239112,76.550741,,osm
BHN,Bhuli,23.801859,86.394676,,osm
BHNA,Bhayna,23.311988,88.641423,,osm
BHNP,Bishanpur Halt,25.614545,87.742528,,osm
BHOJ,Bhoj Padra,22.182588,73.005158,,osm
BHP,Bolpur Shantiniketan,23.658043,87.698828,,osm
BHPA,Bahirpuya Halt,22.229912,88.349072,,osm
BHPI,Bichhupali,20.73523,83.616707,,osm
BHR,Bhadreshwar,22.828202,88.341494,,osm
BHRJ,Bechraji,23.503297,72.046556,,osm
BHRJR,Behrajor,24.770636,87.190646,,osm
BHRL,Bharoli Junction,32.271538,75.616385,,osm
BHS,Vidisha,23.522579,77.8148,,osm
BHSA,Bhisa Halt,26.576207,85.534667,,osm
BHT,Bhattu,29.386687,75.340048,,osm
BHTA,Bhatiya,22.088543,69.280072,,osm
BHTH,Bharopatti Station,25.896506,86.895238,,osm
BHTK,Bhanwar Tonk,22.608314,81.897207,,osm
BHTL,Bhatel,22.164038,69.493545,,osm
BHTN,Bhitoni,23.142232,79.673264,,osm
BHTR,Bhatpar Rani,26.309809,84.032329,,osm
BHTS,Bhatasa,27.504052,79.384897,,osm
BHU,Bhandu Motidau,23.691775,72.390738,,osm
BHUA,Bhua,25.944481,79.349946,,osm
BHUJ,Bhuj,23.265795,69.678392,,osm
BHV,Bhoma,22.171372,79.689457,,osm
BHW,Barharwa Junction,24.858564,87.774446,,osm
BHWA,Bechhiwara,23.787872,73.535188,,osm
BHWR,Bhitiharwa Ashram,27.24451,84.483973,,osm
BHX,Bulluana,30.217959,74.782938,,osm
BHY,Bhayavadar,21.847904,70.236262,,osm
BI,Bari Sadri,24.411521,74.468969,,osm
BIB,Birpur,26.134543,77.136978,,osm
BIC,Bichia,28.306238,81.154143,,osm
BICI,Barkichampi,23.551158,84.734396,,osm
BIDD,Bidiyad,26.980914,74.703714,,osm
BIF,Bhaironpur,22.440474,77.41898,,osm
BIG,Belgahna,22.431241,82.032446,,osm
BIGA,Bigga,28.051161,74.146012,,osm
BII,Boridra,21.666427,73.088554,,osm
BIJ,Birnagar,23.236237,88.551732,,osm
BIK,Bhira Kheri,28.335565,80.487326,,osm
BILA,Bheslana,27.065464,75.304091,,osm
BILD,Bildi,23.225138,74.918242,,osm
BILK,Bilkha,21.443387,70.599725,,osm
BILP,Bhilupur,22.194523,73.329133,,osm
BIM,Bilimora Junction,20.766635,72.970008,,osm
BIML,Bhimal,24.752499,73.922468,,osm
BIMR,Haiderpur Badli Mor,28.72994,77.149104,,osm
BINA,Bina Junction,24.171233,78.185181,,osm
BINR,Brij Nagar,27.439149,77.089945,,osm
BINRI,Binauri,26.514915,76.36559,,osm
BIO,Bordi,22.866835,74.348098,,osm
BIP,Bahilpurwa,25.135266,80.997718,,osm
BIPR,Bheempura,25.120715,72.384816,,osm
BIQ,Bansi Paharpur,26.934591,77.48231,,osm
BIR,Bir,22.052871,76.547165,,osm
BIRD,Bhivandi Road,19.268874,73.046312,,osm
BIRL,Biraul,25.938513,86.233193,,osm
BIRP,Birarajpur,22.823281,86.065402,,osm
BIRT,Biratoli,23.722784,84.777866,,osm
BISH,Bishengarh,25.448292,72.574877,,osm
BITAN,Bithan,25.698477,86.28099,,osm
BIV,Bamhani Banjar,22.478156,80.362707,,osm
BIWK,Bisalwas Kalan,24.497684,74.78405,,osm
BIX,Bhind,26.588492,78.777188,,osm
BIY,Bardoli,21.133829,73.10539,,osm
BIZI,بدلی مزاری,29.187684,70.368782,,osm
BJ,Bahjoi,28.4007,78.630231,,osm
BJA,Bijrotha,24.946612,78.421158,,osm
BJB,بابری بانڈہ,33.529423,71.575714,,osm
BJBA,Bijbiara,33.789516,75.075699,,osm
BJBGA,Birju Bigha,25.443725,85.138587,,osm
BJD,Barejadi Nandej,22.895396,72.677106,,osm
BJE,Bhojudih Junction,23.641659,86.447361,,osm
BJG,Bajrangarh,22.988042,74.643779,,osm
BJI,Bijauli,25.37624,78.517492,,osm
BJIH,Bijuli,26.186863,85.979588,,osm
BJK,Bijora,25.144837,76.395415,,osm
BJKN,Bajekan,29.523605,75.096695,,osm
BJLP,Barai Jalalpur,27.450956,80.79863,,osm
BJMA,Burj Mohar,30.185323,74.203469,,osm
BJMD,Bara Jamda,22.164968,85.409283,,osm
BJMR,Baijnath Mandir,32.045423,76.64435,,osm
BJN,Bejnal,24.966872,73.911924,,osm
BJNR,Bijainagar,25.929287,74.652321,,osm
BJO,Bijnor,29.385683,78.146799,,osm
BJPL,Baijnath Paprola,32.051147,76.635099,,osm
BJPR,Bijaipur Road,26.188275,77.293035,,osm
BJPRA,Bajipara,20.53999,86.363783,,osm
BJQ,Baghora,24.136255,78.260465,,osm
BJR,Barrajpur,26.685861,80.138977,,osm
BJRA,Bhajera,27.116931,76.739021,,osm
BJRI,Bijuri,23.251205,82.119637,,osm
BJT,Bajpatti,26.543216,85.62647,,osm
BJU,Barauni Junction,25.46296,85.987909,,osm
BJUD,Bajud,21.736031,71.829241,,osm
BJV,Bijauria,28.560772,79.617725,,osm
BJW,Bajva,22.366843,73.14378,,osm
BJWS,Bojawas,28.295149,76.213276,,osm
BJY,Bangalbaree,25.626997,88.229973,,osm
BK,Bakra Road,25.213661,72.488712,,osm
BKA,Barkhera,22.916846,77.650036,,osm
BKB,براؤدآباد,24.937649,67.903238,,osm
BKC,Bhikamkor,26.80576,72.788439,,osm
BKCP,Bhikaji Cama Place,28.570262,77.187871,,osm
BKD,Bhankoda,23.270431,72.128399,,osm
BKDE,Budhakhera,29.378195,76.556308,,osm
BKDK,بختیار آباد,28.990936,68.009926,,osm
BKDR,Begun Kudar,23.387371,86.021802,,osm
BKF,Bhikhna Thori,27.333121,84.614448,,osm
BKG,Banka Ghat,25.547308,85.273359,,osm
BKH,Bankhedi,22.774713,78.533444,,osm
BKHR,Bakhri,25.500535,87.310917,,osm
BKI,Bandikui Junction,27.040026,76.566719,,osm
BKJT,بخش جتوئی,27.409961,68.097288,,osm
BKKA,Bhukarka,29.237529,74.751059,,osm
BKKI,Bakarkudi,23.097539,85.96371,,osm
BKKS,Bakkas,26.771179,81.024556,,osm
BKLA,Bakulha,25.79793,84.542628,,osm
BKLE,Bakudi,24.926421,87.780676,,osm
BKN,Bikaner Junction,28.015244,73.315641,,osm
BKND,Bikna,23.244528,87.097222,,osm
BKNG,Bhaktinagar,22.281768,70.793096,,osm
BKNM,Banka Nayabaz,22.595421,88.277558,,osm
BKO,Bindki Road,26.116535,80.580767,,osm
BKP,Bakhtiyarpur Junction,25.456106,85.530779,,osm
BKPR,Bakaspur,22.979494,84.95379,,osm
BKR,باکرانی روڈ,27.458003,68.138042,,osm
BKRA,بکٹرالہ ریلوے اسٹیشن,33.075351,73.448629,,osm
BKRD,Bhaluka Road,25.33153,87.922652,,osm
BKRH,Brij Kishor Halt,26.31374,84.69461,,osm
BKRL,Bakrol,22.587893,73.419035,,osm
BKRM,Barakhambha Road,28.629768,77.225005,,osm
BKRO,Bokaro Thermal,23.786703,85.879769,,osm
BKSA,Bakhsha,25.786024,82.569335,,osm
BKSC,Bokaro Steel City,23.65796,86.083916,,osm
BKSL,Bikramshila,25.299616,87.299849,,osm
BKSN,Chas Road,23.688775,86.213446,,osm
BKT,Bakshi Ka Talab,26.986801,80.921678,,osm
BKTL,Baktal,23.25153,77.012775,,osm
BKTU,Khatu,27.115314,74.33102,,osm
BKWA,Bakayanwala,30.142521,73.987764,,osm
BL,Valsad,20.608208,72.933505,,osm
BLA,Bajalta,32.762055,74.952123,,osm
BLAE,Balarambati,22.808053,88.211684,,osm
BLAX,Barlai,22.894017,75.962101,,osm
BLD,Bhilad,20.275493,72.887325,,osm
BLDA,Belda,22.071147,87.33661,,osm
BLDI,Bhildi Junction,24.194424,72.00934,,osm
BLDK,Balauda Takun,22.873758,75.756438,,osm
BLDL,Balle Da Pir Larth,32.215971,75.932895,,osm
BLE,বিরল,25.635259,88.539119,,osm
BLG,Bilhar Ghat,26.681307,82.268998,,osm
BLGR,Balangir Junction,20.689174,83.494333,,osm
BLGT,Balurghat,25.232944,88.75811,,osm
BLH,Belgharia,22.661361,88.389214,,osm
BLHR,Balahapur,25.105457,86.155832,,osm
BLJA,Bhalojala,31.486582,75.239531,,osm
BLK,Belakoba,26.591365,88.585422,,osm
BLLI,Balli,15.151774,74.021181,,osm
BLM,Balamau Junction,27.168063,80.35189,,osm
BLME,Bholldih,23.898362,86.116955,,osm
BLMK,Bhalumaska,19.327716,83.293969,,osm
BLN,Ballygunge Junction,22.519341,88.371978,,osm
BLND,Bolinna Doaba,31.342143,75.656301,,osm
BLNG,Barlanga,23.444481,85.839314,,osm
BLNR,Birlanagar,26.238073,78.195412,,osm
BLO,Bhulon,24.643041,76.954016,,osm
BLP,Balrampur,27.415635,82.160978,,osm
BLPA,Bilasipara,26.242434,90.23593,,osm
BLPU,Bilpur,28.08109,79.626993,,osm
BLQR,Bilaspur Road,28.865088,79.253818,,osm
BLRD,Bala road,22.798014,71.697512,,osm
BLRG,Balasiring,23.268604,85.281015,,osm
BLRI,Belari Halt,25.816787,85.802174,,osm
BLS,Balasore,21.500642,86.919884,,osm
BLSD,Balsamand,27.581209,74.473559,,osm
BLSR,Belasar,27.995516,73.653852,,osm
BLT,Balotra,25.830056,72.247095,,osm
BLTR,Belthara Road,26.120754,83.841337,,osm
BLU,Bilhaur,26.839657,80.060635,,osm
BLV,Bhelwa,26.995531,84.771505,,osm
BLW,Balawali,29.628188,78.11152,,osm
BLWD,Bolwad,16.816559,74.684958,,osm
BLWR,Bileshwar,22.382441,70.830995,,osm
BLX,Bolai,23.361548,76.486994,,osm
BLY,Bally,22.655065,88.340303,,osm
BLYG,Bally Ghat,22.65243,88.347909,,osm
BLYH,Bally Halt,22.652328,88.338538,,osm
BLZ,Budhlada,29.921854,75.549861,,osm
BMAE,Belmuri,22.932421,88.152418,,osm
BMB,Bamra,22.051651,84.291562,,osm
BMC,Bhimalgondi,21.75147,78.928928,,osm
BMCK,Bissamcuttack,19.486981,83.458773,,osm
BMDI,Brahmanvada,23.657487,72.080384,,osm
BMDR,Baman-Dongri,18.97517,73.024404,,osm
BME,Barmer,25.746033,71.397288,,osm
BMG,Bamangachi,22.749007,88.509976,,osm
BMGA,Bhimgara Junction,23.73821,87.284508,,osm
BMGR,Bamangram,25.623121,88.198435,,osm
BMHR,Baman Heri,29.510669,77.706505,,osm
BMI,Bamnia,23.094978,74.758542,,osm
BMJ,Bridgemanganj,27.195288,83.196957,,osm
BMK,Birang Khera,29.912229,74.635627,,osm
BMKI,Bapudham Motihari,26.654076,84.905107,,osm
BMLL,Bamla,28.831188,76.229393,,osm
BMM,Bhaskarapara,22.991391,71.91012,,osm
BMN,Bhimana,24.595832,72.886829,,osm
BMNL,Bamanwali,28.367785,73.521288,,osm
BMNWS,Bamanwas,26.534971,76.578629,,osm
BMPR,Badampahar,22.088791,86.112118,,osm
BMPT,Banni Mahamman Patti,25.889971,84.777651,,osm
BMQ,Bhimarlai,25.893018,71.882085,,osm
BMR,Bikrampur,23.082414,79.586737,,osm
BMRN,Bhimrana,22.392674,68.99424,,osm
BMSB,Bhimasar,23.186608,70.174876,,osm
BMSN,Bamsin,25.762,72.544139,,osm
BMU,Bamhrauli,25.444983,81.738618,,osm
BMVR,Bhaner Minawada Road,22.876737,72.974468,,osm
BMY,Bamiana,28.262458,79.32898,,osm
BMZ,Bamourgaon,26.340326,78.103448,,osm
BNAA,Bibhuti Bhushan Halt,23.000217,88.803885,,osm
BNAR,Binaur,26.395194,80.162125,,osm
BNB,Banstola,22.421534,87.062673,,osm
BNBH,Vani Vihar,20.292598,85.853279,,osm
BNBR,Bahanaga Bazar,21.335937,86.761576,,osm
BNCR,Banchari,27.945678,77.363215,,osm
BND,Bhandup,19.142757,72.937654,,osm
BNDA,Banda,25.47753,80.334921,,osm
BNDI,Barundini,25.176219,74.934283,,osm
BNDM,Bondamunda,22.235903,84.925499,,osm
BNDN,Bhandana,26.881689,76.263933,,osm
BNDP,Buniadpur,25.386004,88.40122,,osm
BNDR,Bhanduri,21.105277,70.284716,,osm
BNE,Bohani,22.913165,78.915571,,osm
BNF,Bandhua,24.752656,85.066064,,osm
BNG,Barnagar,23.060305,75.376897,,osm
BNGL,Bhangala,32.025059,75.612219,,osm
BNGM,Bangurgram,26.140909,74.348536,,osm
BNGO,Bingaon,23.166688,85.165814,,osm
BNGY,Babhan Jotia,26.967832,82.425389,,osm
BNH,Bhimnath,22.239498,71.922076,,osm
BNHR,Banbihari Gwalipur,20.339649,86.205305,,osm
BNI,Budhni,22.786886,77.681475,,osm
BNJ,Bangaon Junction,23.030572,88.832973,,osm
BNJL,Binjhol Halt,29.356605,76.940072,,osm
BNJN,Binjana,22.934517,75.993645,,osm
BNKA,Bankim Nagar,23.209047,88.591604,,osm
BNKI,Banmankhi Junction,25.884955,87.194437,,osm
BNKJ,Bankeyganj,28.162223,80.413768,,osm
BNLS,Bangi Nihal Singh,30.010276,74.95516,,osm
BNLW,Banasthali Niwai,26.383895,75.935315,,osm
BNLY,Bhanupali,31.299023,76.420585,,osm
BNM,Baragaon,26.755794,81.847511,,osm
BNN,Barnala,30.371036,75.549896,,osm
BNNR,Bhindar,24.529168,74.179418,,osm
BNO,Banar,26.339526,73.147063,,osm
BNPH,Basantpur Halt,26.162882,84.68781,,osm
BNPL,Bondapalli,18.246272,83.337308,,osm
BNPR,Banikpur Halt,25.400136,87.138869,,osm
BNPT,Bennipatti Pirapur,25.891683,85.308883,,osm
BNQ,Banarhat,26.798976,89.025757,,osm
BNQL,Bhankla,29.845056,77.474377,,osm
BNR,Bhagwanpur,25.858341,85.301202,,osm
BNRD,Balangir Road,20.706576,83.499284,,osm
BNS,Banas,24.713822,72.989506,,osm
BNSA,Banbasa,28.992439,80.073994,,osm
BNSL,Bansinala Halt,24.665464,85.161529,,osm
BNSP,Bansapahar,25.05716,81.060166,,osm
BNSR,Bhagwansar,29.343612,73.862009,,osm
BNT,Bhartana,26.750731,79.217111,,osm
BNTH,Bandhnath,21.434632,70.357138,,osm
BNU,Bandakpur,23.848094,79.575434,,osm
BNV,Binnaguri,26.747008,89.053669,,osm
BNVD,Bhanvad,21.93333,69.798477,,osm
BNW,Bhiwani Junction,28.80057,76.124493,,osm
BNWC,Bhiwani City,28.825391,76.144005,,osm
BNWS,Bhanwsa,26.833116,75.217351,,osm
BNXR,Bidhannagar Road,22.59126,88.390964,,osm
BNY,Barhni,27.495645,82.79164,,osm
BNYNA,Baniyana,26.823003,76.296731,,osm
BNZ,Badshahnagar,26.86877,80.961351,,osm
BO,Borsad,22.401091,72.908834,,osm
BOBS,Bobas,26.906004,75.498493,,osm
BOD,Bangrod,23.397186,75.121759,,osm
BODG,Bodagram,23.657529,84.687384,,osm
BOE,Barsoi Junction,25.650903,87.923581,,osm
BOF,Barog,30.889933,77.082393,,osm
BOG,Bhairongarh,23.145095,74.776758,,osm
BOI,Bainchi,23.119663,88.196758,,osm
BOKA,Bokra,23.085047,87.919971,,osm
BOKE,Bhoke,17.048917,73.381074,,osm
BOL,بھولاری,25.322173,68.214305,,osm
BOM,Bomadra,25.780492,73.438347,,osm
BON,Bhonra,25.177932,76.157863,,osm
BONA,Boinda,20.920037,84.748206,,osm
BOP,Bhogpur,22.402261,87.809144,,osm
BOR,Boisar,19.798486,72.761452,,osm
BORA,Bagdogra,26.698109,88.324546,,osm
BORD,Bolagarh Road,20.169313,85.223249,,osm
BORT,Bolagarh Town,20.166652,85.278861,,osm
BOS,بسال جنکشن ریلوے اسٹیشن,33.557302,72.23229,,osm
BOTI,Baori Thikria,27.43796,75.476699,,osm
BOTR,Bhavdhari,28.383507,75.797331,,osm
BOW,Borawar,27.028397,74.66995,,osm
BOY,Bhadohi,25.394966,82.558712,,osm
BOYA,Bothiya,22.384066,79.952143,,osm
BP,Barrackpore,22.760336,88.371099,,osm
BPAE,Begampur,22.738409,88.25511,,osm
BPC,Berhampore Court,24.08971,88.264127,,osm
BPD,Bahadurpur,23.438834,88.464062,,osm
BPE,Benapur,22.272066,87.376177,,osm
BPF,Banapura,22.470483,77.481689,,osm
BPGJ,Bharpura Pahleza Ghat Junction,25.699614,85.13521,,osm
BPH,Belpahar,21.827133,83.848659,,osm
BPKA,Bhopalka,22.122651,69.368601,,osm
BPKH,Budha Pushkar,26.523437,74.596027,,osm
BPL,Bhopal Junction,23.266485,77.413084,,osm
BPM,Baghpat Road,28.957374,77.272054,,osm
BPMH,Bishunpur Mahuari Halt,26.126187,84.537703,,osm
BPN,Banpur,23.451567,88.76152,,osm
BPO,Baripada,21.923513,86.737545,,osm
BPR,Bhojipura,28.494554,79.447704,,osm
BPRA,Baripura,25.336177,79.938262,,osm
BPRH,Balpur Halt,22.093215,82.690186,,osm
BPRS,Bhogpur Sirwal,31.555021,75.64487,,osm
BPS,Banpas,23.403125,87.747565,,osm
BPU,Bhaupur,26.468705,80.124894,,osm
BPV,Bhotpatti,26.470876,88.851328,,osm
BPW,Burhpura,25.199492,78.423386,,osm
BPZ,Bazpur,29.158049,79.146742,,osm
BQA,Bankura Jn.,23.224151,87.075546,,osm
BQE,Bakanian Bhaunri,23.264333,77.257424,,osm
BQG,Bhagwangola,24.335092,88.30754,,osm
BQH,Bhanohad Punjab,30.85077,75.706631,,osm
BQM,Barelipar,22.052245,78.408527,,osm
BQN,Bagri Nagar,25.895566,73.787875,,osm
BQP,Bighapur,26.355147,80.693454,,osm
BQQ,Bakhleta,23.875427,80.064307,,osm
BQS,بستی قطب,30.78571,74.161639,,osm
BQSP,Bashuachak Halt,25.051459,86.185319,,osm
BQW,Barakalan,25.491291,83.849393,,osm
BQY,Belerhat,23.520854,88.284413,,osm
BQZ,Ballalpur,24.754504,87.91146,,osm
BR,Bandh Baretha,26.91048,77.364276,,osm
BRAG,Barang Junction,20.404384,85.832055,,osm
BRB,Boribial,18.407931,74.649019,,osm
BRBS,Birbans,22.793984,86.0141,,osm
BRC,Vadodara Junction,22.311073,73.180801,,osm
BRCK,Baruachak,27.124909,82.049807,,osm
BRDA,Baradiya,22.195483,69.023445,,osm
BRDB,Barda,22.152392,88.087581,,osm
BRDH,Bardhana,22.135935,78.79951,,osm
BRDT,Beria Daulat,29.127179,79.232238,,osm
BRE,Bharwari,25.559788,81.490348,,osm
BRG,Bargarh,25.163859,81.450389,,osm
BRGA,Bargarh Road,21.333028,83.643326,,osm
BRGJ,Bargaon Gujar,21.777155,76.355431,,osm
BRGP,Bajrangpura,22.839826,71.741314,,osm
BRGT,Bheraghat,23.169778,79.797765,,osm
BRGW,Bargawan,24.197226,82.456394,,osm
BRH,Baikunthpur Rd,23.31677,82.529286,,osm
BRHD,Baba Raghuni Halt Dwarika,25.760047,86.596798,,osm
BRHI,Barhi,24.302575,85.408973,,osm
BRHL,Barial Himachal,32.025957,76.100328,,osm
BRI,Bhirangi,22.238751,76.957027,,osm
BRIH,Bairi,25.159919,84.214233,,osm
BRJ,Brace Bridge,22.517921,88.301137,,osm
BRJN,Brajarajnagar,21.822738,83.923678,,osm
BRK,Bahraich,27.58211,81.607356,,osm
BRKA,Barkakana Junction,23.6242,85.468601,,osm
BRKB,Bharat Khand,25.40033,86.805969,,osm
BRKH,Bisapur Kalan Halt,21.913548,78.922473,,osm
BRKP,Barkipona,23.566113,85.649809,,osm
BRKY,Boraki,28.507608,77.563744,,osm
BRL,Barwala Road,22.897248,70.721388,,osm
BRLA,Barayla Chaurasi,23.555177,75.092762,,osm
BRLI,Barauli,26.548141,77.422575,,osm
BRLY,Biroliya,25.173272,73.194481,,osm
BRM,Barabambo,22.70133,85.728276,,osm
BRMA,Barmasia,24.224415,87.388967,,osm
BRMD,Biramdih,23.049499,86.199566,,osm
BRMH,Belur Math,22.631302,88.350583,,osm
BRMI,Brahmani,20.891164,86.056936,,osm
BRML,Baramula,34.220687,74.388307,,osm
BRMO,Bermo,23.77261,85.956331,,osm
BRMP,Biramitrapur,22.397131,84.736958,,osm
BRMR,Bharmar,32.168004,75.954705,,osm
BRMT,Baramati,18.153718,74.5782,,osm
BRN,Barhan,27.329881,78.191694,,osm
BRNA,Berawanya,23.466637,75.33654,,osm
BRND,Boridand Junction,23.267295,82.177858,,osm
BRNI,Barwasni,29.023482,76.942351,,osm
BRO,بھریا روڈ,26.888948,68.283613,,osm
BROR,Berore,29.199558,73.295607,,osm
BRP,Baruipur Junction,22.366329,88.431278,,osm
BRPA,Baruipara,22.766897,88.237047,,osm
BRPK,Bisharpara Kodalia,22.676678,88.434954,,osm
BRPL,Barpali,21.184209,83.595399,,osm
BRPM,Baripur Mandala,22.095187,73.318347,,osm
BRPS,Barapalasi,24.381901,87.181875,,osm
BRPT,Birapatti,25.406185,82.913046,,osm
BRQ,Bagrakot,26.870365,88.585316,,osm
BRR,Barakar,23.742151,86.817165,,osm
BRRD,Bordi Road,20.121186,72.765218,,osm
BRRG,Biyavra Rajgarh,23.936849,76.908302,,osm
BRRI,Birari,24.730948,78.507217,,osm
BRS,Birsinghpur,23.366809,81.043477,,osm
BRSQ,Brar Square,28.613714,77.14051,,osm
BRST,Birpurusottampur,19.990866,85.806335,,osm
BRT,Bithoor,26.603555,80.272429,,osm
BRTA,Bartara,27.829149,80.024272,,osm
BRTG,Barithengarh,20.656894,86.05915,,osm
BRTL,Bharthali,22.015036,73.14102,,osm
BRU,Bhairoganj,27.152044,84.238907,,osm
BRUD,Barud,22.028226,76.763749,,osm
BRW,Bariwala,30.530851,74.654943,,osm
BRWD,Barwadih Junction,23.843827,84.115999,,osm
BRWH,Baherwa Halt,25.251404,82.791966,,osm
BRYA,Barhiya,25.282488,86.015468,,osm
BRZ,Bareta,29.859704,75.69244,,osm
BS,Banisar,28.067013,73.894118,,osm
BSAE,Bansh Baria,22.957871,88.395337,,osm
BSB,Varanasi Junction,25.327555,82.986782,,osm
BSBP,Birshibpur,22.474007,88.053773,,osm
BSBR,Banshlai Bridge,24.484966,87.860279,,osm
BSBS,Banaras (Manduadih),25.299243,82.971051,,osm
BSC,Bulandshahr,28.393109,77.847953,,osm
BSCK,Basuchak,25.531408,83.348223,,osm
BSCP,Baskatwa B. H. Railway Station,24.546962,85.367147,,osm
BSD,Basuldanga,22.203748,88.23394,,osm
BSDA,Baniya Sanda Dhora,25.859761,71.668272,,osm
BSDL,Bharsendi,24.053768,82.01619,,osm
BSDP,Bhusandpur,19.952839,85.47721,,osm
BSDR,Bansadhara,18.970018,83.822779,,osm
BSE,Mungara Badshahpur,25.65291,82.190888,,osm
BSF,بالی شاہ,27.109264,67.908464,,osm
BSGD,Bais Godam,26.901792,75.789507,,osm
BSGR,Bhagsar,30.452064,74.40173,,osm
BSHT,Basirhat,22.650185,88.869347,,osm
BSI,Basbari,26.191194,89.901896,,osm
BSJ,Bhupalsagar,24.847464,74.211638,,osm
BSKH,Basukinath Railway Station,24.384566,87.06895,,osm
BSKN,Bhesana Mankanaj,23.498369,72.331034,,osm
BSKO,Banskho,26.857312,76.168418,,osm
BSKR,Basi Kiratpur,29.496977,78.213402,,osm
BSLA,Bhasila,22.665271,88.658274,,osm
BSLE,Bataspur,23.880736,87.680498,,osm
BSMH,Birshamunda Halt,23.045991,87.363804,,osm
BSP,Bilaspur Junction,22.056102,82.170767,,osm
BSPD,Biaspind,31.45253,75.635937,,osm
BSPH,Bishanpura Haryana,29.27394,76.323724,,osm
BSPN,Bassi Pathanam,30.689625,76.410347,,osm
BSPR,Bishrampur,23.179134,82.982766,,osm
BSPX,Banspani,22.000815,85.423657,,osm
BSQP,Bansipur,25.124557,86.145287,,osm
BSR,Vasai Road,19.382668,72.832025,,osm
BSRA,Basarhia Halt,25.692058,85.811932,,osm
BSRI,Basari,24.81358,79.702878,,osm
BSRL,Besroli,26.991391,74.561292,,osm
BSS,Bahadursinghwala,30.308564,75.854783,,osm
BSSL,Bassi Berisal,25.026174,74.767309,,osm
BST,Basti,26.815387,82.769888,,osm
BSTP,Basantapur,21.550903,85.674803,,osm
BSU,بصیر پور,30.576657,73.83989,,osm
BSUR,Bisalpur,28.29099,79.811844,,osm
BSW,Baneshwar,26.3981,89.496909,,osm
BSWD,Bhenswadi,21.491645,71.359138,,osm
BSYA,Barkisalaiya,24.716278,84.138325,,osm
BSZ,Bharwa Sumerpur,25.827109,80.168624,,osm
BT,Barasat Junction,22.724194,88.483783,,osm
BTA,Bihta,25.561037,84.872341,,osm
BTC,Balaghat Junction,21.813318,80.199803,,osm
BTD,Botad Junction,22.182507,71.665567,,osm
BTE,Bharatpur Junction,27.236486,77.487591,,osm
BTF,Bathnaha,26.346206,87.236953,,osm
BTG,Basharatganj,28.288137,79.285286,,osm
BTH,Bettiah,26.805388,84.522357,,osm
BTHL,Bithauli,25.817436,85.29183,,osm
BTI,Bathinda Junction,30.212757,74.933084,,osm
BTIC,Bathinda Cantt.,30.198079,75.00454,,osm
BTJL,Bhatkal,13.989357,74.56563,,osm
BTK,Bankata,26.26596,84.094677,,osm
BTKB,Bathna Krittibas,23.246509,88.463015,,osm
BTKD,Bharatkund,26.635795,82.126706,,osm
BTKP,Bharatkup,25.21559,80.771471,,osm
BTN,Bostan,30.431432,67.007033,,osm
BTNG,Bhattanagar,22.632748,88.305477,,osm
BTO,Bhitaura,28.470281,79.306593,,osm
BTP,Babatpur,25.453966,82.880517,,osm
BTPG,Betberia Ghola,22.350756,88.574728,,osm
BTPH,Chakia Thermal Halt,25.401544,86.016103,,osm
BTPR,Bhatpur,22.13826,73.647438,,osm
BTQ,Betnoti,21.740623,86.843832,,osm
BTR,Butari,31.556006,75.183366,,osm
BTRA,Banthra,27.928917,79.827782,,osm
BTRB,Betur,23.190434,87.580229,,osm
BTRH,Bhatar,23.406792,87.925068,,osm
BTRI,Bitroi,27.98003,78.897188,,osm
BTS,Basta,21.701731,87.062948,,osm
BTSD,Bhatisuda,23.405896,75.422435,,osm
BTSI,Batasi,26.6095,88.1742,,osm
BTSR,Bhuteshwar,27.501721,77.667588,,osm
BTT,Bhatni Junction,26.381559,83.933347,,osm
BTTN,Bhattian,31.0784,75.779218,,osm
BTU,Baraut,29.096918,77.272925,,osm
BTV,Baitarni Road,20.987059,86.234455,,osm
BTVA,Batuva,18.342851,83.623519,,osm
BTX,Bela Tal,25.276295,79.554119,,osm
BTY,Bethuadahari,23.611269,88.384521,,osm
BTYA,Bhatariya,23.437126,72.273678,,osm
BU,Baswa,27.150298,76.575845,,osm
BUA,Baradwar,22.011794,82.812717,,osm
BUB,Bissau,28.241921,75.060795,,osm
BUBR,Bhutakiya Bhimasar,23.533934,70.886998,,osm
BUD,Badlapur,19.166624,73.238906,,osm
BUDA,Bhuda,27.12891,76.81423,,osm
BUDI,Bundi,25.408617,75.650891,,osm
BUDM,Badmal,20.384953,83.271662,,osm
BUDR,Baudpur,21.063124,86.46272,,osm
BUE,Baruna,25.569067,84.072624,,osm
BUF,Bimlagarh Junction,21.967939,85.010144,,osm
BUG,Bagaha,27.130413,84.067489,,osm
BUGL,Buglanwali,29.793381,74.238469,,osm
BUGN,Bhurjiha Baragn,27.631832,80.725462,,osm
BUGY,MASANIWALA,29.401165,73.589211,,osm
BUH,Burhar,23.212694,81.528569,,osm
BUI,Ballia,25.759429,84.14891,,osm
BUJ,Barauni Flag,25.474593,85.964563,,osm
BUK,بوبک روڈ,26.483706,67.77032,,osm
BUKR,Bukru,23.845537,84.864559,,osm
BUL,Bhalulata,22.266424,85.060654,,osm
BUMH,Balumath,23.816161,84.802592,,osm
BUN,برہان,33.821451,72.587884,,osm
BUO,بودھو,33.794753,72.76792,,osm
BUP,Bariarpur,25.280799,86.575343,,osm
BUQ,Bargi,22.99399,79.872322,,osm
BUR,Bindaura,27.021284,81.325544,,osm
BURA,Bahuara Halt,25.899113,84.78553,,osm
BURN,Burnpur,23.672748,86.939455,,osm
BUS,Badausa,25.248225,80.651197,,osm
BUT,Baytu,25.897246,71.768089,,osm
BUTA,Jangalmahal Bhadutala,22.484392,87.320727,,osm
BUTN,Butane,29.201038,76.624303,,osm
BUU,Bhadanpur,24.166704,80.67794,,osm
BUW,Burhwal Junction,27.086219,81.389658,,osm
BV,Babhnan,26.937782,82.501874,,osm
BVA,Bauria,22.502522,88.163288,,osm
BVAR,Bevara,25.184598,81.650345,,osm
BVB,Bhad Bhada Ghat,23.374841,77.535468,,osm
BVC,Bhavnagar Terminus,21.780864,72.141324,,osm
BVH,Ballabgarh,28.340262,77.3122,,osm
BVI,Borivali,19.229068,72.857363,,osm
BVM,Bayyavaram,17.660031,82.930427,,osm
BVN,Biswan,27.488836,80.991396,,osm
BVNR,Bhavani Nagar,17.156921,74.313328,,osm
BVP,Bhavnagar Para,21.770886,72.119012,,osm
BVQ,Bhilawadi,17.008062,74.515517,,osm
BVS,Bhivpuri Road,18.970549,73.331437,,osm
BVW,Bahmni Wala,30.532927,74.168812,,osm
BVZ,Naloi Barwa,28.96353,75.624133,,osm
BW,Biwai,27.109835,76.695773,,osm
BWA,Bhinwaliya,25.559523,73.492175,,osm
BWB,Bagwali,30.034768,74.774608,,osm
BWBN,Bewar Bhoja,28.549945,75.561383,,osm
BWC,Banwali,29.920093,74.030012,,osm
BWCH,Bovaichandi,23.131627,87.726608,,osm
BWD,Belvandi,18.710759,74.622582,,osm
BWF,Butewala,31.080744,74.897631,,osm
BWH,Bhadaura,25.45113,83.739392,,osm
BWI,Bilwai,26.159633,82.665058,,osm
BWIP,Bhawanipatna,19.933762,83.158461,,osm
BWK,Bawani Khera,28.938961,76.033014,,osm
BWL,Bawal,28.070089,76.572498,,osm
BWM,Bhawani Mandi,24.419288,75.830284,,osm
BWN,Barddhaman Junction,23.249913,87.869835,,osm
BWO,Buramara,22.108046,86.650982,,osm
BWP,Bhawanipur Kalan,27.349969,82.082696,,osm
BWPB,Bhawanipur Bihar,25.593689,87.867684,,osm
BWPL,Balwantpura Chelasi,27.883579,75.245162,,osm
BWPR,بہاولپور ریلوے اسٹیشن,29.402949,71.652322,,osm
BWR,Barwa Sagar,25.352042,78.73258,,osm
BWS,Badwasi,27.310875,73.662847,,osm
BWSN,Bijwasan,28.536959,77.051289,,osm
BWW,Barwaha,22.256132,76.030994,,osm
BWX,Bahman Diwana,30.225538,74.847479,,osm
BWZ,Badowal,30.865521,75.753708,,osm
BXB,Banga,31.176988,75.999284,,osm
BXC,Barwala,29.367934,75.887794,,osm
BXF,Barsuan,21.84451,85.119477,,osm
BXHT,Boxirhat,26.306912,89.737518,,osm
BXL,Bheduasol,23.194712,87.133886,,osm
BXLL,Billi Junction,24.461971,83.019173,,osm
BXM,Belrayan,28.379329,80.915783,,osm
BXN,Bayana Junction,26.916053,77.296419,,osm
BXO,Boparai,31.243103,74.782212,,osm
BXQ,Brundamal,21.806509,84.016452,,osm
BXR,Buxar,25.561189,83.981333,,osm
BXT,Bamanhat,26.070774,89.586879,,osm
BXY,Bordhai,21.997624,78.348532,,osm
BXZ,بخشاپور,28.362457,69.379451,,osm
BY,Byculla,18.976622,72.832794,,osm
BYE,Bansi Bohera,24.366294,74.384775,,osm
BYH,Bhiti,25.333786,82.261924,,osm
BYHA,Barya Ram,25.566931,82.226592,,osm
BYL,Belha,21.961113,82.076684,,osm
BYN,Banahi,25.561346,84.3911,,osm
BYP,Baijnathpur,25.900678,86.653793,,osm
BYR,Bhayandar,19.310185,72.852699,,osm
BYS,Barsali,21.910178,78.031395,,osm
BYSA,Basulya Sutahata,22.120161,88.130576,,osm
BYX,Bolani Khadan,22.102691,85.33297,,osm
BYXA,Betgara,26.599859,88.85962,,osm
BYY,Byree,20.628414,86.035198,,osm
BYZA,Begunia,20.187161,85.431927,,osm
BZ,Bharur,30.180433,75.819345,,osm
BZB,Barra Bazar,22.590157,88.351176,,osm
BZC,Beliatore,23.315257,87.222953,,osm
BZG,Bilga,31.05833,75.66069,,osm
BZJT,Bazida Jatan,29.613412,76.965496,,osm
BZK,Bhaini Khurd,29.751995,76.955529,,osm
BZL,Belanagar,22.661234,88.317079,,osm
BZLE,Bazarsau,23.876378,88.182763,,osm
BZM,Bhimsen Junction,26.420367,80.219292,,osm
BZN,Bagnan,22.462563,87.970121,,osm
BZO,Barsola,29.386385,76.238225,,osm
BZR,Bisra,22.247824,84.99784,,osm
BZRA,Bira,22.789751,88.572234,,osm
BZS,Bansjora,23.790462,86.35474,,osm
BZU,Betul,21.89717,77.90617,,osm
BZY,Basai,25.142712,78.394284,,osm
CAA,Chakia,26.417537,85.046892,,osm
CAER,Chhanera,21.963641,76.707278,,osm
CAG,Chhabra Gugor,24.6798,76.851588,,osm
CAI,Chanpatia,26.94213,84.530834,,osm
CAJ,Chakraj Mal,29.249784,78.536047,,osm
CAK,چک ریلوے اسٹیشن,29.946479,71.324265,,osm
CAM,Chhota Ambana,23.76209,86.572568,,osm
CAMU,Chamua,27.137972,84.401647,,osm
CAO,Chauradano,26.850834,85.017574,,osm
CAP,Chatrapur,19.359228,84.973742,,osm
CAPC,Chatrapur Court,19.359208,84.982905,,osm
CAPG,Chapaguri,26.349126,89.337661,,osm
CAR,Chunar Junction,25.10368,82.872966,,osm
CARD,Charadu,23.469864,72.533027,,osm
CAS,Chas Road,23.419269,86.215025,,osm
CASA,Chhansara,23.767449,71.275389,,osm
CAT,Chattar Hat,26.549077,88.323777,,osm
CATA,Chhata Aschaura,25.823893,84.247821,,osm
CAZ,Chauhani,23.332554,76.265387,,osm
CBB,چھب ریلوے اسٹیشن,33.231941,71.90042,,osm
CBD,Changrabandha,26.412773,88.919931,,osm
CBG,Charbhuja Road,25.300731,73.921528,,osm
CBH,Chaube,24.237027,85.815731,,osm
CBJ,Clutter Buck Ganj,28.396289,79.37195,,osm
CBK,Chachaura Binaganj,24.177141,77.015999,,osm
CBN,Chit Baragaon,25.744711,84.002795,,osm
CBS,Chunbhati,26.84353,88.341211,,osm
CBSA,Chaibasa,22.559303,85.812196,,osm
CBT,Charbatia,20.56917,85.911162,,osm
CBX,Chandbhan,30.384214,74.893896,,osm
CBY,Khambhat,22.323461,72.630122,,osm
CC,Chauri Chaura,26.645012,83.58731,,osm
CCG,Churchgate,18.93548,72.827174,,osm
CCH,Chinchwad,18.640355,73.791713,,osm
CCK,Chichaki,24.111831,85.946853,,osm
CCL,Chanchelav,22.796415,73.714238,,osm
CCP,Chhuchhapura Junction,22.21511,73.594356,,osm
CCSC,City Centre,22.587099,88.407891,,osm
CDA,Chuda,22.494945,71.749891,,osm
CDAE,Chandanpur,22.881314,88.175903,,osm
CDB,Chaudhribandh,24.055414,85.990033,,osm
CDBN,Chedhabanni Halt,25.491824,86.597196,,osm
CDC,Chandan Chauki,28.54502,80.769769,,osm
CDD,Chandod,22.011111,73.444886,,osm
CDG,Chandigarh Railway Station,30.702162,76.821453,,osm
CDGR,Chandrakona Road,22.738743,87.341018,,osm
CDH,Chakdaha,23.078719,88.5298,,osm
CDK,Chandkheda Road,23.110334,72.563771,,osm
CDL,Chodiala,29.895749,77.737615,,osm
CDLI,Chirag Delhi,28.541111,77.230316,,osm
CDMA,Chandeshwarsthan,26.333257,86.31075,,osm
CDMR,Chandauli Majhwar,25.26102,83.267735,,osm
CDP,Chandpara,22.961669,88.78518,,osm
CDPE,Choti Chaupar,26.924732,75.818459,,osm
CDQ,Chadotar,24.185488,72.370049,,osm
CDRL,Chhandrauli,26.699676,81.230789,,osm
CDS,Chandisar,24.205765,72.312187,,osm
CDSL,Chandresal,25.209717,75.949788,,osm
CDV,Chandarwa,22.233152,71.872273,,osm
CDZ,چیدارزئی,29.792095,67.451184,,osm
CE,Chharodi,23.039346,72.274893,,osm
CEME,Chegro,24.022632,86.024123,,osm
CEU,Chiheru,31.262649,75.706872,,osm
CG,Canning,22.313617,88.668694,,osm
CGA,Chengail,22.48639,88.138953,,osm
CGE,Charghat Pipari,23.038159,79.923726,,osm
CGH,Cholang,31.617024,75.640569,,osm
CGN,Chirgaon,25.575412,78.806715,,osm
CGO,Chhidgaon,22.406975,77.31389,,osm
CGR,Chandannagar,22.867071,88.35408,,osm
CH,Chandausi Junction,28.459505,78.778321,,osm
CHA,Chawapail,30.759639,76.127419,,osm
CHAF,Chaf,26.822129,84.103814,,osm
CHAH,Chailaha Halt,26.677006,84.88926,,osm
CHAN,Bago Toro,26.346495,67.871,,osm
CHAP,Chhattarpur,29.032794,79.399087,,osm
CHAR,Charmal,21.095391,84.204417,,osm
CHBS,Chaubisi,26.576807,81.433624,,osm
CHBT,Chakarbhata,22.002702,82.111415,,osm
CHC,Chanchai,23.158228,88.02606,,osm
CHD,Chandia Road,23.646043,80.701404,,osm
CHDKA,Chandikhole Road,20.707398,86.146567,,osm
CHDX,Chhada,23.232552,81.479706,,osm
CHE,Srikakulam Road,18.408971,83.903886,,osm
CHF,Chuna Bhatti,19.05177,72.869097,,osm
CHG,Chinchpokli,18.987198,72.832672,,osm
CHGA,Chirugoda,22.547794,86.517766,,osm
CHH,Chaukhandi,25.33965,82.835125,,osm
CHI,Chiplun,17.542353,73.522233,,osm
CHIB,Chirai,23.219887,70.266048,,osm
CHIT,Chithari,25.235611,79.886882,,osm
CHJ,Chata,27.712416,77.502653,,osm
CHK,Chandni Chowk,28.658423,77.230338,,osm
CHL,Chola,28.310658,77.730998,,osm
CHLD,Chitalda,21.474065,73.397995,,osm
CHLR,Chhalesar,27.21507,78.090148,,osm
CHM,Chalthan,21.157369,72.956321,,osm
CHMG,Chintpurni Marg,31.722797,76.048317,,osm
CHN,Chhina,31.90226,75.272307,,osm
CHNH,Channi,27.878246,73.005975,,osm
CHNN,Channani,26.499312,75.920017,,osm
CHNR,Chhan Arorian,32.461472,75.358719,,osm
CHNU,Chhanua,22.131517,86.162863,,osm
CHOK,Chowk,18.902596,73.24025,,osm
CHP,Chhapi,24.033491,72.399974,,osm
CHPA,Chhapar,23.691315,85.212052,,osm
CHPG,Chhapra Gramin Junction,25.780531,84.77751,,osm
CHQ,Choka,22.863923,77.638019,,osm
CHR,Chilkahar,25.8271,83.964792,,osm
CHRA,Chharra,23.375508,86.422946,,osm
CHRD,Charodia,21.087367,71.4703,,osm
CHRI,Charhi,23.841953,85.441559,,osm
CHRK,Churki,24.237329,82.691764,,osm
CHRM,Chirmiri,23.189841,82.349803,,osm
CHRU,Chamrua,28.796206,79.138988,,osm
CHSF,چُورہ شریف ریلوے اسٹیشن,33.474196,72.090655,,osm
CHT,Champahati,22.401883,88.493643,,osm
CHTI,Bareilly Cantt. Junction (Chanehti),28.310924,79.427534,,osm
CHTL,Churaru Takarla,31.592537,76.171283,,osm
CHTP,Chhatarpur,28.506724,77.175002,,osm
CHUA,Chourai Railway Station,22.054256,79.261705,,osm
CI,CHHAPRA KACHERI,25.785707,84.745935,,osm
CIA,Chheharta,31.622211,74.794772,,osm
CID,Chiraidongri,22.41128,80.287392,,osm
CIH,Chilhia,27.346748,82.9961,,osm
CIK,Chiksana,27.20008,77.662246,,osm
CIL,Chilbila Junction,25.946861,82.004027,,osm
CIO,Chikhli Road,20.806318,73.074862,,osm
CIRL,Chirula,25.583861,78.483925,,osm
CIT,Chitali,19.691104,74.623651,,osm
CJL,Chajli,30.043122,75.812945,,osm
CJN,Chhatna,23.304921,86.975021,,osm
CJQ,Champajharan,22.064964,84.909558,,osm
CJR,Chamaraj,22.73703,71.561373,,osm
CJW,Chhajawa,25.009359,76.580996,,osm
CKA,Chak Pakhewala,30.43398,74.19396,,osm
CKB,Chauth-ka-Barwara,26.050761,76.149274,,osm
CKD,Charkhi Dadri,28.599371,76.280557,,osm
CKDL,Chak Dayala,32.479676,75.304142,,osm
CKE,Choki Sorath,21.663918,70.529566,,osm
CKG,Chowka Ghat,27.100463,81.449371,,osm
CKH,Chakand Railway Station,24.891395,84.995628,,osm
CKHS,Chikhale,18.973755,73.151941,,osm
CKJ,چک جھمرہ جنکشن ریلوے اسٹیشن,31.570392,73.187218,,osm
CKK,Chakarpur,28.964741,80.014182,,osm
CKKD,Charkheda Khurd,21.938669,76.641459,,osm
CKKN,Chak Kalan,32.065335,75.619863,,osm
CKL,چک لالہ ریلوے اسٹیشن,33.600917,73.096446,,osm
CKLA,Chak Banwala,30.430775,74.175085,,osm
CKLT,Chak Kali Lait Halt,28.874271,78.611771,,osm
CKM,Chaukiman,30.814726,75.566423,,osm
CKMI,Chhotaki Masaudhi Halt,25.330398,85.031751,,osm
CKOD,Chakrod,23.353213,76.779841,,osm
CKP,Chakradharpur,22.678301,85.62706,,osm
CKQ,چک کمبو,30.426318,73.595745,,osm
CKRD,Chakmakrand,25.697764,85.27426,,osm
CKRL,چوآ کٹریالہ ریلوے اسٹیشن,32.87961,73.785628,,osm
CKS,Chaksu,26.592743,75.910632,,osm
CKSR,Chak Safaura Halt,28.212798,79.84256,,osm
CKTD,Chitrakut Dham Karwi,25.217387,80.923633,,osm
CKU,Chakulia,22.47843,86.721907,,osm
CKYD,Chakra Road,26.001213,83.672178,,osm
CL,Civil Lines,28.676851,77.22503,,osm
CLA,Kurla,19.06528,72.87938,,osm
CLC,Chalala,21.415134,71.161769,,osm
CLD,Chalsa,26.882151,88.79825,,osm
CLDB,Chandlodiya 'B',23.080798,72.540818,,osm
CLDR,Chilikidara,21.248089,85.808846,,osm
CLDY,Chandlodiya,23.075163,72.544036,,osm
CLF,Chhulha,23.102695,81.740768,,osm
CLG,Kahalgaon,25.262578,87.234186,,osm
CLJ,Colonelganj,27.137692,81.693662,,osm
CLJP,Civil Lines,26.909678,75.781249,,osm
CLKA,Chilka,19.68652,85.17925,,osm
CLO,Chilo,27.444898,73.525454,,osm
CLR,Castle Rock,15.398753,74.333893,,osm
CLW,Chilwariya,27.500121,81.686401,,osm
CM,Campierganj,27.025154,83.266202,,osm
CMBR,Chembur,19.062632,72.90114,,osm
CMDP,Chimidipalli,18.263135,83.078246,,osm
CMMG,Chamunda Marg,32.110488,76.420668,,osm
CMR,Chamrola,27.390109,78.1806,,osm
CMU,Chowmahala,23.948541,75.601155,,osm
CMX,Chamagram,24.821334,87.963345,,osm
CNA,Chanderiya Junction,24.938142,74.629,,osm
CNB,Kanpur Central,26.453861,80.351243,,osm
CNDI,Chandi,25.321606,85.390468,,osm
CNDM,Chandi Mandir,30.727087,76.887223,,osm
CNDN,Chandan,24.613488,86.675513,,osm
CNF,Chianki,23.978038,84.111869,,osm
CNH,Chaunrah,26.16542,79.782416,,osm
CNI,Chandil Junction,22.955837,86.071859,,osm
CNJ,Chandra Nagar Halt,28.663106,77.331206,,osm
CNK,Chandok,29.577157,78.152769,,osm
CNKP,Chanakyapuri,28.591767,77.171521,,osm
CNL,Chandawal,25.946689,73.868887,,osm
CNN,Chintaman Ganesh,23.14607,75.740831,,osm
CNO,Canacona,15.006842,74.039489,,osm
CNPR,Chainpur,23.730145,85.583334,,osm
CNR,Chandar Goa,15.264771,74.047636,,osm
CNRF,Chhandar,23.303182,87.250559,,osm
CNS,Chuchura,22.890912,88.370284,,osm
COB,Cooch Behar Railway Station,26.318634,89.456181,,osm
COD,Chhota Gudha,27.306012,75.589362,,osm
COE,Chitrod,23.437118,70.666295,,osm
COM,Chomun Samod,27.157932,75.70279,,osm
COO,Chhoti Odai,26.558863,76.805347,,osm
COR,Chittaurgarh Junction,24.87602,74.623271,,osm
CPA,Kanpur Anwarganj,26.455843,80.328103,,osm
CPB,Kanpur Bridge Left Bank,26.47672,80.378964,,osm
CPBH,Chirailla Pauthu,24.861761,84.280556,,osm
CPD,Chinchpada,21.191019,73.920254,,osm
CPDR,Chhipadohar,23.814043,84.202314,,osm
CPE,Chandiposh,22.029342,84.919695,,osm
CPH,Champa Junction,22.034824,82.665212,,osm
CPI,چک پیرانا ریلوے اسٹیشن,32.75126,73.907456,,osm
CPJ,Kaptanganj,26.925665,83.69922,,osm
CPLE,Chinpai,23.826772,87.435102,,osm
CPN,Champaner Road,22.541654,73.393107,,osm
CPP,Chipurupalle,18.316573,83.568964,,osm
CPPR,Champapur Halt,25.461402,85.505254,,osm
CPR,Chhapra Junction,25.78726,84.725057,,osm
CPS,Chandpur,29.132091,78.276642,,osm
CPSA,Central Park,22.590474,88.415625,,osm
CPU,Chopan,24.513559,83.026389,,osm
CQR,Champapukur,22.656351,88.807764,,osm
CRC,Charkhari Road,25.307338,79.743902,,osm
CRD,Currey Road,18.993749,72.832856,,osm
CRG,Churaman Nagri,27.395733,77.612912,,osm
CRJ,Chittranjan,23.856554,86.87941,,osm
CRK,Charkhera,22.366257,77.160078,,osm
CRKR,Chaurakheri,24.557107,77.131568,,osm
CRL,Choral,22.449634,75.945673,,osm
CRND,Choranda Junction,21.991478,73.168258,,osm
CROA,Chautara,26.402861,90.084573,,osm
CRP,Chandrapura Junction,23.755358,86.11971,,osm
CRQ,Charpokhari Halt,25.359707,84.486233,,osm
CRR,Karagola Road,25.497992,87.375793,,osm
CRS,Chourashi,23.628907,86.792148,,osm
CRV,Chureb,26.782568,82.978087,,osm
CRW,Charaud,29.010325,75.647073,,osm
CRWA,Chirawa,28.223403,75.650335,,osm
CRWL,Chak Rakhwal,32.941907,75.082811,,osm
CRX,Carron,26.879957,88.970505,,osm
CRZ,Caranzol,15.360373,74.306105,,osm
CSA,Chausa,25.498904,83.896858,,osm
CSB,Shivaji Bridge,28.633452,77.226668,,osm
CSD,چارسدہ,34.150946,71.759294,,osm
CSM,Cansaulim,15.344917,73.897565,,osm
CSMA,Chanasma,23.706201,72.107168,,osm
CSMT,Mumbai CSMT,18.940493,72.835786,,osm
CSR,Chak Sikandar,25.67666,85.364445,,osm
CSY,Cossye Halt,22.407495,87.291384,,osm
CSZ,Cossimbazar,24.119886,88.267512,,osm
CTC,Cuttack Junction,20.464027,85.900204,,osm
CTD,Chhota Udepur,22.314874,74.014107,,osm
CTE,Chhitauni,27.148199,83.956101,,osm
CTGN,Cotton Green,18.987187,72.843896,,osm
CTHR,Chitahra,24.871131,80.838395,,osm
CTJ,Chhataini,23.994339,81.277456,,osm
CTKT,Choti Khatu,27.156192,74.357439,,osm
CTL,Chital,21.745379,71.218792,,osm
CTLI,Chatouli,30.86378,76.580517,,osm
CTQ,Chetar,23.680306,84.653502,,osm
CTR,Chatra,24.372613,87.848994,,osm
CTRD,Chitravad,21.101025,70.556933,,osm
CTRL,Chhatral,23.267146,72.449761,,osm
CTS,Chatariput,18.923226,82.59012,,osm
CTST,Central Secretariat,28.615879,77.212282,,osm
CTT,Chitrasani,24.26587,72.486888,,osm
CTTP,Chitrapur,14.03564,74.536043,,osm
CTW,Chhintanwala,30.365479,76.006851,,osm
CTZ,Chauntra Bahetren,32.005079,76.746163,,osm
CUE,Chaupale,21.375497,74.293887,,osm
CUK,Churk,24.650759,83.102997,,osm
CUL,Chuli,23.005765,71.343075,,osm
CUN,چٹیانہ ریلوے اسٹیشن,30.868363,72.352198,,osm
CUP,Cuffe Parade,18.913569,72.820715,,osm
CUR,Churu Junction,28.288864,74.966402,,osm
CUX,Chaura BH,24.908551,86.293291,,osm
CVC,Civil Court,18.52709,73.857405,,osm
CVJ,Chavaj,21.750599,73.009034,,osm
CVR,Chorwad Road,21.053935,70.290232,,osm
CW,Chainwa,26.022012,84.496543,,osm
CWA,Chhindwara Junction,22.057823,78.953772,,osm
CWBR,Chawri Bazaar,28.649265,77.226515,,osm
CWD,چونڈہ,32.343389,74.698508,,osm
CWDA,Chuhriwala Dhan,30.212573,74.134653,,osm
CWLE,Chowrigacha,23.943202,88.187062,,osm
CWN,Chargwan,30.501911,74.580398,,osm
CWT,Chowhatta,23.824931,87.7519,,osm
CX,Chanol,22.428339,70.539087,,osm
CXR,Chandsara Halt,28.893502,77.719683,,osm
CYI,Chhayapuri,22.371253,73.165645,,osm
CYR,Charni Road,18.951844,72.81824,,osm
D,Deula,22.21456,88.281367,,osm
DAA,Datia,25.64066,78.455983,,osm
DABN,Dhaban,29.859651,74.54187,,osm
DAC,Dahinsara Junction,22.955834,70.618224,,osm
DACY,Delhi Aerocity,28.548779,77.120795,,osm
DADN,Dr. Ambedkar Nagar,22.555598,75.770922,,osm
DAG,Dhang,26.717857,85.35318,,osm
DAH,Dehare,19.2436,74.674826,,osm
DAHR,ڈیرہ اللہ یار,28.371763,68.356297,,osm
DAKE,Dakshineshwar,22.653848,88.363756,,osm
DAL,Daliganj,26.875342,80.927572,,osm
DAM,Dhamora,28.695038,79.097341,,osm
DAN,Dhaneta,28.512294,79.264748,,osm
DANE,Danre Halt,24.724437,87.069378,,osm
DAO,Daghora,21.857138,83.679081,,osm
DAP,Dagmagpur,25.098445,82.800471,,osm
DAPD,Dapodi,18.581447,73.832686,,osm
DAQ,Daud Khan,27.83003,78.098663,,osm
DAR,Danwar,28.127878,77.885759,,osm
DARA,Dara,24.831998,76.00712,,osm
DARI,Dhari Junction,21.326811,71.027742,,osm
DAS,Dhasa Junction,21.782742,71.518056,,osm
DATR,Daitari,21.114384,85.908084,,osm
DAU,Dagru,30.82855,75.063182,,osm
DAVC,D.A.V. College,30.592568,74.251704,,osm
DAVJ,"D.A.V. College, Jalandhar",31.347192,75.561806,,osm
DAYG,Duriyaganj,24.801294,79.782353,,osm
DAZ,Delhi Azadpur,28.703504,77.177063,,osm
DB,Dabhoi Junction,22.137626,73.415553,,osm
DBA,Dabra,25.881888,78.330508,,osm
DBB,Dhubri,26.02282,89.977944,,osm
DBD,Deoband,29.67959,77.670885,,osm
DBG,Darbhanga Junction,26.154534,85.907699,,osm
DBHL,Dobh Bhali,28.880333,76.523745,,osm
DBI,Dabli Rathan,29.543049,74.191383,,osm
DBJ,داھابیجی,24.812769,67.501189,,osm
DBK,Darbari,27.969801,73.104657,,osm
DBLA,Dabla,27.888707,75.946179,,osm
DBM,Dabolim,15.387177,73.851524,,osm
DBMR,Dabri Mor - Janakpuri South,28.61572,77.085189,,osm
DBN,Dhablan,30.337564,76.275111,,osm
DBNK,Dera Baba Nanak,32.024905,75.014199,,osm
DBNR,Dibnapur,28.524445,79.516981,,osm
DBO,Dabhoda,23.164716,72.743577,,osm
DBOU,Dabhou,22.581412,72.732539,,osm
DBP,Debipur,23.143543,88.157373,,osm
DBQ,Dhulabari,26.310371,88.205879,,osm
DBR,Dabhaura,25.117738,81.302741,,osm
DBSI,Dayabasti,28.667122,77.17119,,osm
DBT,Dakshin Barasat‎,22.226438,88.452538,,osm
DBX,ڈبانوالہ ریلوے اسٹیشن,30.918005,72.415605,,osm
DCH,Dinhata College Halt,26.145559,89.466311,,osm
DCK,Dhandhuka,22.38498,71.976585,,osm
DCP,Dal Chapra,25.827938,84.427399,,osm
DCX,Dhanichha,25.227165,83.490837,,osm
DD,Daund Junction,18.463915,74.579301,,osm
DDA,Duraundha Junction,26.087231,84.459394,,osm
DDC,Dum Dum Cantonment,22.63649,88.412023,,osm
DDCC,Daund Junction Chord Line,18.466708,74.552691,,osm
DDCE,Dundi,23.557525,80.217323,,osm
DDD,Dhondha Dih,25.674899,83.800618,,osm
DDDM,Deen Dayal Dham,27.31857,77.758303,,osm
DDE,Dondaicha,21.331264,74.562868,,osm
DDGA,Dugda,23.758739,86.161582,,osm
DDJ,Dum Dum Junction,22.621931,88.393188,,osm
DDK,Dhindsa,30.893269,74.754025,,osm
DDL,Dhandarikalan,30.874368,75.90946,,osm
DDM,Damdim,26.858933,88.670247,,osm
DDN,Dehradun,30.314336,78.033557,,osm
DDNA,Dudhaunda,25.574964,83.079373,,osm
DDP,Daudpur,25.907037,84.590793,,osm
DDR,Dadar,19.019227,72.842848,,osm
DDS,Dudhsagar,15.31653,74.306362,,osm
DDSC,Durgabai Deshmukh South Campus,28.589369,77.169393,,osm
DDU,Deen Dayal Upadhyaya Junction,25.280392,83.12074,,osm
DDV,Dadhdevi,25.091742,75.894863,,osm
DDW,Dudhwa,28.508931,80.673172,,osm
DDWNA,Deedwana,26.610637,76.314792,,osm
DDX,Dhamdhamia,24.953928,87.762201,,osm
DDY,Dudwindi,31.241342,75.265982,,osm
DEB,Debagram,23.688553,88.307722,,osm
DEC,Delhi Cantonment,28.611709,77.115663,,osm
DEE,Delhi Sarai Rohilla,28.662751,77.185256,,osm
DEEG,Deeg,27.486791,77.324987,,osm
DEG,Delang,20.037986,85.767105,,osm
DEH,Diara,22.798526,88.281169,,osm
DEHR,Dehu Road,18.680047,73.734331,,osm
DEIT,Dehit,25.298597,75.822866,,osm
DELO,Deorakot,26.754368,81.906358,,osm
DEMU,Demu,23.69726,84.526447,,osm
DEN,دیونہ جلیانی ریلوے اسٹیشن,32.632816,74.005381,,osm
DEO,Deokali,27.977166,80.707562,,osm
DEOR,Diyodar,24.112484,71.769513,,osm
DEOS,Deoria Sadar,26.50797,83.781958,,osm
DEP,Depalsar,28.236759,74.920777,,osm
DEPI,Deenapatti,25.895525,86.939702,,osm
DER,Dadri,28.53873,77.537219,,osm
DERIA,Deoria,26.18289,84.998504,,osm
DES,Desari,25.667843,85.408583,,osm
DET,ڈیتھا,25.404897,68.43949,,osm
DEU,Devsana,23.335918,72.27497,,osm
DEV,Devarayi,15.453712,74.576818,,osm
DEWA,Dewa,22.612288,72.73881,,osm
DFR,Deogan Road,20.554779,83.430063,,osm
DGA,Dighwara,25.744143,85.003877,,osm
DGB,Dindu Gopalapuram,18.544405,84.242854,,osm
DGBH,Digha Bridge Halt,25.644904,85.079594,,osm
DGD,Dangidahar,23.868962,79.018228,,osm
DGF,Dhagaria,23.243589,87.504398,,osm
DGFJ,Dahej,21.709301,72.589396,,osm
DGHA,Digha,21.623077,87.508253,,osm
DGHL,Dighal,28.741507,76.640067,,osm
DGHR,Deoghar Junction,24.511735,86.697163,,osm
DGI,Dungri,20.68768,72.949241,,osm
DGJ,Dungar,21.078215,71.553481,,osm
DGK,ڈيره غازي خان,30.050979,70.623012,,osm
DGLE,Dhulian Ganga,24.671723,87.938843,,osm
DGNH,Dergaon Halt,25.088628,85.751734,,osm
DGNR,Durganagar,22.650497,88.419215,,osm
DGO,Durgauti,25.207897,83.539684,,osm
DGPI,Durgapuri,26.832003,80.915408,,osm
DGQ,Dugdol,24.633281,72.098005,,osm
DGR,Durgapur,23.494862,87.318183,,osm
DGS,Dagori,21.90575,82.069324,,osm
DGW,Dhigawara,27.320911,76.619197,,osm
DH,Diamond Harbour,22.19258,88.191112,,osm
DHA,Dheena,25.354053,83.422751,,osm
DHAE,Dainhat,23.600756,88.171636,,osm
DHAT,Dhat,30.824618,75.620265,,osm
DHBI,Dhabauli Halt,25.68209,85.342182,,osm
DHD,Dahod,22.84393,74.252386,,osm
DHE,Dobhi,25.611082,82.990899,,osm
DHG,Dhrangadhra Junction,22.988062,71.477753,,osm
DHH,Dinhata,26.123838,89.468099,,osm
DHJ,Dhinoj,23.671047,72.28149,,osm
DHK,Dhakuria,22.509107,88.371131,,osm
DHKR,Dhoda Kheri,30.01856,76.842411,,osm
DHLI,Dethli,23.485778,72.103161,,osm
DHM,Dadhal Inam,21.635538,73.062021,,osm
DHMA,Dhamarda,22.853818,74.303863,,osm
DHMZ,Dhola Mazra,30.115398,76.853834,,osm
DHN,Dhanbad Junction,23.791302,86.429478,,osm
DHNA,Dhachna,25.65523,87.966464,,osm
DHND,Dhinda,26.892149,75.370295,,osm
DHNL,Dhanala,23.009662,71.080677,,osm
DHO,Dholpur Junction,26.696354,77.905952,,osm
DHOA,Dholpur Junction,26.697128,77.905462,,osm
DHPD,Dahapara Dham,24.198853,88.246653,,osm
DHPR,Dapper,30.51739,76.807384,,osm
DHQ,Dharakhoh,22.00984,77.95012,,osm
DHR,Dharnoda,24.598193,77.093416,,osm
DHRN,Dhurana,29.246938,76.794476,,osm
DHRR,Dhirera,28.360903,73.598563,,osm
DHT,Dhamara Ghat,25.590991,86.599384,,osm
DHU,Dhubulia,23.485947,88.440349,,osm
DHVR,Dhanvala Vada,23.153985,69.028273,,osm
DHW,Dhariwal,31.951573,75.324079,,osm
DHWN,Daniyawan Junction,25.422183,85.287256,,osm
DHWS,Dhosawas,23.370889,75.049141,,osm
DHY,Dharodi,29.639659,76.05592,,osm
DI,Dombivli,19.218049,73.086135,,osm
DIA,Didwana,27.406116,74.557796,,osm
DIB,Dibai,28.195146,78.304554,,osm
DIBL,Dholi Bhal,22.444604,72.06851,,osm
DIC,Dahisar,19.249357,72.85963,,osm
DID,ڈرگ روڈ,24.886315,67.126189,,osm
DIE,Demai,23.162239,73.210341,,osm
DIGH,Digha Gaon,19.180776,72.99443,,osm
DIH,Dharuadihi,21.994745,84.223326,,osm
DIL,Dilawarnagar,26.959684,80.667807,,osm
DIM,Dhansimla,23.26734,87.465916,,osm
DIN,دینہ ریلوے اسٹیشن,33.024634,73.603217,,osm
DING,Ding,29.460081,75.261843,,osm
DIR,Dhanapur,18.942139,82.512924,,osm
DISA,Disa,24.237351,72.179402,,osm
DIT,Dohrighat,26.268405,83.513447,,osm
DIVA,Diva Junction,19.188756,73.041417,,osm
DIW,Dhilwan,31.501902,75.32741,,osm
DIWR,Digwar Halt,23.690209,85.53407,,osm
DJ,Darjeeling,27.038115,88.263061,,osm
DJD,Didarganj Road,26.092121,82.801661,,osm
DJHR,Deojhar,22.081937,85.477291,,osm
DJI,Dhoraji,21.72204,70.44434,,osm
DJJ,Dijar,26.40063,73.062601,,osm
DJKR,Dolaji Ka Khera,25.453451,73.937157,,osm
DJR,Domjur,22.643163,88.209549,,osm
DJS,Dhurant Jwas Halt,25.22068,86.047313,,osm
DJX,Dungripali,21.060841,83.559072,,osm
DK,Dakor,22.746613,73.157852,,osm
DKAE,Dankuni,22.677961,88.290763,,osm
DKB,Dakshinbar,22.65607,88.1825,,osm
DKBJ,Dahar-Ka-Balaji,26.944515,75.766114,,osm
DKCH,Dakchya,22.856896,75.950154,,osm
DKDE,Dankaur,28.412108,77.645048,,osm
DKDP,Dakshin Durgapur,22.325819,88.406271,,osm
DKH,درکھانا ریلوے اسٹیشن,30.65914,72.172426,,osm
DKI,Dharamkundi,22.510309,77.548736,,osm
DKL,داؤد خیل ریلوے اسٹیشن,32.882293,71.581692,,osm
DKLU,Doikallu,19.741227,83.484853,,osm
DKMN,Dewariya Kurmha Naresh Halt,24.85033,84.376739,,osm
DKNT,Dakaniya Talav,25.144252,75.865721,,osm
DKQ,Dhani Kasar,24.987727,75.933055,,osm
DKR,Dekpura Halt,25.248333,85.531008,,osm
DKRA,Dhuankheri,24.492443,75.890719,,osm
DKRD,Dockyard Road,18.967477,72.844548,,osm
DKT,Dhulkot,30.396096,76.787775,,osm
DKV,Dhaula Kuan,28.591872,77.161716,,osm
DKW,Dhanakwada,24.146604,71.82593,,osm
DKWA,Dokwa,28.580065,75.323284,,osm
DKX,Dudhwakhara,28.459839,75.166159,,osm
DKZ,Delhi Kishanganj,28.662744,77.197908,,osm
DL,Daladi,22.585201,71.070142,,osm
DLA,Daulta,24.994894,78.42887,,osm
DLC,Dulmera,28.407056,73.656217,,osm
DLD,Dalauda,23.9489,75.105923,,osm
DLF,Dalan,25.6028,87.563074,,osm
DLI,Delhi Junction,28.660932,77.227649,,osm
DLIG,Delhi Gate,28.639217,77.24078,,osm
DLJ,Dhola Junction,21.822649,71.739625,,osm
DLK,Dalkhola,25.873962,87.839125,,osm
DLM,Daskalgram,23.751112,87.926891,,osm
DLMH,Dhaulimuhan,20.078933,85.605061,,osm
DLN,Dildarnagar Junction,25.418716,83.666886,,osm
DLNA,Dhelana,26.946771,72.652816,,osm
DLO,Dalgaon,26.714383,89.137171,,osm
DLP,Dalpatpur,28.820857,78.877679,,osm
DLPC,Daulatpur Chowk,31.771579,76.008162,,osm
DLPH,Daulatpur Hat,25.330628,88.336927,,osm
DLPI,Delhi Inderpuri,28.627093,77.143674,,osm
DLPT,Dulakhapatna,21.007614,86.282077,,osm
DLQ,Dalelnagar,27.118835,80.419547,,osm
DLR,Dullahapur,25.800019,83.423286,,osm
DLSR,Dalhousie Road,32.288654,75.750921,,osm
DLV,Dolavli,18.833163,73.320344,,osm
DLW,Dilwa,24.537976,85.419563,,osm
DLX,Dalimgaon,25.640363,88.386474,,osm
DM,Dwarka Mor,28.61931,77.033279,,osm
DMA,Damodar,23.650989,86.908589,,osm
DMB,دمبولی,29.091127,67.971484,,osm
DMBR,Dumri Bihar,23.807063,85.763778,,osm
DME,Damnagar,21.688198,71.509533,,osm
DMF,Dumetra,22.213873,84.932843,,osm
DMG,Domingarh,26.765014,83.341271,,osm
DMH,Dauram Madhepura,25.908467,86.782938,,osm
DMJG,Dharamjaigarh Road,22.423939,83.171887,,osm
DMJJ,ڈیرہ مراد جمالی,28.548453,68.220304,,osm
DMJR,Domjur Road,22.636013,88.221501,,osm
DMLE,Dumurdaha,23.040696,88.43303,,osm
DMNJ,Damanjodi,18.769496,82.865392,,osm
DMO,Damoh,23.836059,79.432139,,osm
DMP,Dharampur Himachal,30.900042,77.02386,,osm
DMQ,دلمراد,28.282726,68.585418,,osm
DMRT,Dumuriput,18.780456,82.804018,,osm
DMRX,Dumri Halt,25.246181,86.029025,,osm
DMSR,Dhimsiri,27.029534,78.200341,,osm
DMU,Dhamua,22.290328,88.392169,,osm
DMW,Dalmau Junction,26.075646,81.054433,,osm
DMWP,"DMW, Patiala",30.361232,76.422226,,osm
DMYA,Damoy,23.97129,80.997788,,osm
DMZ,Dhumdangi,26.477285,88.296151,,osm
DN,Dhanari,28.328461,78.509596,,osm
DNA,Degana Junction,26.897066,74.316992,,osm
DNBA,ڈونگہ بونگہ,29.745719,73.226918,,osm
DNBT,Dhansa Bus Stand,28.611909,76.978526,,osm
DNDL,Dandimal,20.713723,85.536837,,osm
DNEA,Danea,23.800977,85.660541,,osm
DNF,دنگرا,29.286567,67.896183,,osm
DNG,D. N. Nagar,19.128292,72.830193,,osm
DNGD,Dungarda,20.795872,73.484748,,osm
DNHK,Dhindhora Hukmi Kheda,26.80102,77.095932,,osm
DNHL,Dhaniakhali Halt,22.950995,88.143874,,osm
DNI,Dansi,22.622124,88.266113,,osm
DNJ,Daundaj,18.229761,74.17739,,osm
DNK,Dhanakya,26.918428,75.60547,,osm
DNKL,Dhenkanal,20.676725,85.590172,,osm
DNM,Dhanmandal,20.686844,86.112423,,osm
DNN,Dina Nagar,32.133297,75.467288,,osm
DNP,دائرہ دین پناہ,30.567897,70.943479,,osm
DNPR,Dhanpura,23.450697,72.220543,,osm
DNQ,Dandkhora,25.57407,87.647062,,osm
DNR,Danapur,25.582302,85.046325,,osm
DNRA,Dhandera,29.843457,77.902101,,osm
DNRE,Dhanauri,25.171321,86.163177,,osm
DNRP,Dungarpur,23.865892,73.696834,,osm
DNT,Dantan,21.930554,87.284002,,osm
DNUA,Dhansura,23.3522,73.199121,,osm
DNV,Donkinavalasa,18.471248,83.35172,,osm
DNW,Dangarwa,23.381718,72.448904,,osm
DNWH,Daniyawan Bazar Halt,25.434872,85.291229,,osm
DNWR,Dhanwar,24.42362,85.965356,,osm
DNX,Dhansu,29.20837,75.799665,,osm
DO,Dausa,26.900126,76.330601,,osm
DOA,Doraha,30.803852,76.043676,,osm
DOB,Dundlod Mukandgarh,27.938878,75.237208,,osm
DOBH,Deobahal,21.371538,83.735917,,osm
DOC,Daun Kalan,30.378828,76.458413,,osm
DOD,Dhodhar,23.770969,75.103596,,osm
DODH,Dodh,30.845999,74.52425,,osm
DOE,Deori,23.298349,80.009473,,osm
DOH,Dhodramohar,22.281247,77.874804,,osm
DOHM,Devgarh Madriya,25.524638,73.900659,,osm
DOI,Domohani,26.579156,88.769612,,osm
DOK,Dholka,22.731555,72.43442,,osm
DOKM,Dokra Halt,23.782871,86.47701,,osm
DOKY,Dukheri,30.294013,76.88643,,osm
DOL,Dholi,25.976649,85.564871,,osm
DOLK,Dholikuva,20.830812,73.212358,,osm
DOLN,ڈھولن,30.950056,74.263585,,osm
DOME,دومیل ریلوے اسٹیشن,33.555524,72.188473,,osm
DON,Donta,23.227427,76.100308,,osm
DOR,Dundara,25.895745,72.797467,,osm
DORD,Dev Road Halt,24.82234,84.564892,,osm
DOS,Dehri on Sone,24.914273,84.186221,,osm
DOT,Dhakia Tiwari,28.04633,79.885197,,osm
DOTL,Deotala,25.274166,88.294226,,osm
DOU,دوڑ,26.45879,68.320417,,osm
DOW,Davol,22.398566,72.954408,,osm
DOX,Dohna,28.455806,79.438465,,osm
DOZ,Daurai,26.395697,74.619314,,osm
DPA,Durgapura,26.855093,75.787016,,osm
DPC,Darliput,18.349733,82.703627,,osm
DPDH,Dhanpatdih,24.417131,86.915067,,osm
DPDP,Dhapdhapi,22.315939,88.460301,,osm
DPH,Dadhapara,22.028007,82.123299,,osm
DPK,Dholipal,29.76071,74.251915,,osm
DPL,Danauli Phulwaria,25.421599,86.260033,,osm
DPLN,Diplana,29.182393,74.881258,,osm
DPNR,Deepnagar Halt,25.144144,85.485886,,osm
DPP,Dhirpur,30.066416,76.844439,,osm
DPR,Dhampur,29.305732,78.502153,,osm
DPS,Dangoaposi,22.167692,85.593724,,osm
DPSR,Dapsaura,25.959877,80.212068,,osm
DPT,Dalpat Singhpur,29.924726,73.518199,,osm
DPUR,Deypur P.H.,19.975959,83.271614,,osm
DPW,Dhapewara,21.87242,80.191244,,osm
DPX,Dadpur,24.828105,86.350627,,osm
DPZ,Devpura,26.031815,76.254062,,osm
DQG,Dhupguri Railway Station,26.574175,88.993815,,osm
DQN,Dhanera,24.503669,72.032512,,osm
DQV,Daula,30.206585,74.700759,,osm
DR,Dadar,19.017376,72.843026,,osm
DRA,Dulariya,22.575757,77.654527,,osm
DRB,Debari,24.619519,73.804964,,osm
DRBR,Deoraha Baba Road,26.283431,83.870393,,osm
DRD,Dahanu Road,19.991524,72.743408,,osm
DRE,Dhogri,31.3939,75.633138,,osm
DRG,Darshannagar,26.751849,82.208364,,osm
DRGJ,Daraganj,25.443035,81.880499,,osm
DRGM,Deoragram,24.10981,82.359223,,osm
DRGU,Damru Ghutu,23.451598,86.090321,,osm
DRH,Dharhara,25.258076,86.411649,,osm
DRHI,Dagarkhedi,22.08156,76.826944,,osm
DRI,Dumri Juara,25.749097,84.871071,,osm
DRK,ڈھرکی,28.045652,69.687718,,osm
DRL,Derol,22.629989,73.461977,,osm
DRLA,Daurala,29.123939,77.707651,,osm
DRLN,دارالاحسان ریلوے اسٹیشن,31.671834,73.285159,,osm
DRN,Deoranian,28.627273,79.474534,,osm
DRNGR,Dronagiri,18.881333,72.964731,,osm
DRO,Daryaogonj,27.598135,79.082778,,osm
DRPH,Devri P.H.,22.841301,79.833695,,osm
DRQ,Dharminiya,26.829722,84.779917,,osm
DRRN,Dr. Radhakrishna Nagar,23.309892,75.006457,,osm
DRS,Dhareshwar,25.781459,73.671611,,osm
DRSN,Dhurwasin,23.129344,81.84616,,osm
DRTP,Dasharathpur,25.265237,86.465179,,osm
DRV,Darauli,25.394572,83.604397,,osm
DRW,Dharewada,23.966984,72.380821,,osm
DRWN,Derowan,22.487945,85.299544,,osm
DS,Dasna,28.693684,77.544615,,osm
DSA,Delhi Shahdara Junction,28.673456,77.292209,,osm
DSB,Sadar Bazar,28.658087,77.217009,,osm
DSD,Dosvada,21.131457,73.514881,,osm
DSE,Dwarka Sector 11,28.586443,77.049443,,osm
DSET,Dwarka Sector 8,28.565611,77.067037,,osm
DSFN,Dwarka Sector 14,28.602222,77.025976,,osm
DSG,Dilshad Garden,28.675866,77.321447,,osm
DSJ,Delhi Safdarjang,28.582204,77.186211,,osm
DSL,Deswal,26.843617,73.887311,,osm
DSLP,Deshalpar,23.201044,69.435933,,osm
DSME,Dasra Halt BH,24.274423,85.790541,,osm
DSN,দর্শনা রেলওয়ে জংশন,23.526468,88.797129,,osm
DSNI,Dausni,29.784745,77.979636,,osm
DSNR,Dashnagar,22.597997,88.308404,,osm
DSO,Deshnok,27.790636,73.338739,,osm
DSPN,Deshapran,22.029851,87.817984,,osm
DSRD,Desar Road,22.712033,73.328373,,osm
DSS,Dalsingh Sarai,25.665042,85.841369,,osm
DST,Dwarka Sector 10,28.581058,77.0575,,osm
DSTN,Dwarka Sector 13,28.597009,77.033541,,osm
DSTO,Dwarka Sector 21,28.551922,77.05856,,osm
DSW,Dwarka Sector 12,28.592236,77.040732,,osm
DTAE,Dhatrigram,23.277971,88.311922,,osm
DTAP,Dhatura Alipur,22.424031,80.168758,,osm
DTD,Dasalwada Antroli Road,22.985886,73.030041,,osm
DTE,Deulti,22.453354,87.914664,,osm
DTF,Dantia,27.197055,76.959579,,osm
DTG,Dignagar,23.318876,88.455907,,osm
DTJ,Detroj,23.340036,72.184436,,osm
DTL,Darritola Junction,23.289334,82.395741,,osm
DTN,Dhamtan Sahib,29.687392,76.006291,,osm
DTO,Daltonganj,24.034042,84.074406,,osm
DTQ,Datarda Kalan,25.739451,76.697102,,osm
DTRA,Dantra,26.774786,75.153999,,osm
DTRD,Diyatra Road,27.733542,72.839949,,osm
DTV,Dhutra,21.897032,84.091249,,osm
DTVL,Dativali,19.187105,73.059181,,osm
DTW,Datewas,29.890987,75.620531,,osm
DU,Dhrub,22.796833,69.672372,,osm
DUA,Dhaura,24.450481,78.321921,,osm
DUAN,Duan,22.354762,87.584958,,osm
DUB,Dabtara,28.364596,79.000784,,osm
DUBH,Dubaha,25.948649,85.616809,,osm
DUE,Dudahi,26.798751,84.141373,,osm
DUGA,Dugga,33.177671,74.938777,,osm
DUI,Dhuri Junction,30.372981,75.866215,,osm
DUJ,Dubrajpur,23.803031,87.379095,,osm
DUK,Dudia,25.935756,72.904125,,osm
DULP,Daulatpur Haryana,29.449779,75.888914,,osm
DUM,Dhaurmui Jaghina,27.291874,77.536205,,osm
DUMK,Dumka,24.289847,87.255188,,osm
DUMR,Dumra,26.562273,85.533403,,osm
DUN,Duganpur,28.656533,79.132087,,osm
DUQ,Dukhnawaran,31.499808,74.909004,,osm
DUR,Desur,15.752854,74.498563,,osm
DURE,Dumraon,25.571751,84.143441,,osm
DURP,Durgapuri,25.84504,76.794653,,osm
DUS,Dulrasar,28.299802,74.510385,,osm
DUSI,Dusi,18.370245,83.858352,,osm
DUTR,Duriatanr Halt,24.408164,86.096045,,osm
DUX,دھونکل,32.383329,74.13307,,osm
DV,Dhuva,22.710975,70.935524,,osm
DVA,Delvada,20.773557,71.04185,,osm
DVD,Duvvada,17.703598,83.151376,,osm
DVGM,Devgam,23.960817,71.593682,,osm
DVJ,Dilli Dewan Ganj,25.432883,87.778626,,osm
DVL,Devlali,19.896549,73.83674,,osm
DVM,Dalbhumgarh,22.505599,86.552964,,osm
DVRD,Devalia Road,23.034079,69.988679,,osm
DVY,Devaliya,23.027657,71.012424,,osm
DW,Dwarka - Kakrola (Blue Line),28.614936,77.022763,,osm
DWA,Dailwara,24.780536,78.393334,,osm
DWBS,ڈیرہ نواب,29.1519,71.255231,,osm
DWD,Dhekvad,21.353579,74.162242,,osm
DWDI,Dighwa Dubauli,26.266286,84.743087,,osm
DWG,Dewanganj,23.428692,77.592407,,osm
DWI,Dingwai,25.418069,80.412937,,osm
DWK,Dwarka,22.250487,68.980161,,osm
DWL,Dhuwala,25.497302,74.581874,,osm
DWLE,Dhauni,25.010516,86.993838,,osm
DWNA,Diwana,29.318071,76.980157,,osm
DWO,Doiwala,30.175903,78.122213,,osm
DWT,Dewanhat,26.235644,89.482672,,osm
DWV,Diwankhavati,17.855134,73.418121,,osm
DWX,Dewas Junction,22.978023,76.051964,,osm
DXD,Digod,25.195467,76.027566,,osm
DXH,Duhai,28.729826,77.479728,,osm
DXK,Dhana Kherli,26.949227,77.53415,,osm
DXN,Duddhinagar,24.208616,83.21661,,osm
DXR,Digsar,22.713464,71.501543,,osm
DXU,Dohru,26.090656,80.175405,,osm
DY,Dumariya,26.864299,77.233459,,osm
DYD,Daryabad,26.86216,81.550071,,osm
DYK,Dudhiya Khurd,28.450075,80.212465,,osm
DYN,دریا خان,31.785591,71.108811,,osm
DYP,Daryapur Junction,26.182585,81.248424,,osm
DYR,دُنیا پُور,29.80683,71.721055,,osm
DYW,Diyawan,25.381183,85.283462,,osm
DZA,Dasuya,31.808457,75.658007,,osm
DZB,Dahina Zainabad,28.290845,76.391716,,osm
DZK,Durga Chak,22.082096,88.155432,,osm
DZKT,Durga Chak Town,22.066333,88.135329,,osm
DZL,Dhana Ladanpur,28.750006,76.166704,,osm
DZN,دوزن,29.939835,67.187886,,osm
DZP,Darazpur,30.152778,77.1962,,osm
EANR,East Azad Nagar,28.664676,77.284843,,osm
EC31,Kharuara Halt,25.408132,85.545553,,osm
EDA,Itwadundiala,24.94263,80.845149,,osm
EDG,Eden Gardens,22.563915,88.338321,,osm
EKC,Ekchari,25.229642,87.216344,,osm
EKH,Eksari Halt,25.134441,85.887314,,osm
EKI,Eklakhi,25.168083,88.098887,,osm
EKL,Ekdil,26.766074,79.118558,,osm
EKMA,Ekma,25.966505,84.536755,,osm
EKNR,Kevadiya,21.888506,73.689329,,osm
EKR,Ekangarsarai,25.222482,85.232264,,osm
EMBD,ایمن آباد,32.054696,74.210782,,osm
EN,Isand,23.288849,72.486846,,osm
ENB,Ellenabad,29.444108,74.65795,,osm
ERC,Erach Road,25.818869,79.033738,,osm
ESIH,ESI - Basaidarapur,28.658074,77.127268,,osm
ET,Itarsi Junction,22.608563,77.76707,,osm
ETH,Etah,27.572166,78.65396,,osm
ETUE,Etmadpur,27.221564,78.19831,,osm
ETW,Etawah Junction,26.78693,79.020936,,osm
FA,Falna,25.235946,73.23515,,osm
FAB,Fatehabad,27.019271,78.299707,,osm
FAH,Fateha,25.599065,85.862879,,osm
FAN,Fateh Nagar,24.818167,74.096242,,osm
FAP,Fakharpur,28.842058,77.294472,,osm
FAR,Farah,27.3346,77.744213,,osm
FBD,Farrukhabad Junction,27.382497,79.571611,,osm
FBG,Forbesganj Junction,26.298873,87.262183,,osm
FDB,Faridabad,28.410762,77.307077,,osm
FDK,Faridkot,30.682651,74.762086,,osm
FDN,Faridabad New Town,28.377372,77.309472,,osm
FDP,فیصل آباد ڈرائی پورٹ,31.490913,73.143048,,osm
FGCN,Fatehgarh Churian,31.863648,74.941492,,osm
FGH,Fatehgarh Haryana,28.650803,76.24064,,osm
FGR,Fatehgarh,27.370075,79.620752,,osm
FGSB,Fatehgarh Sahib,30.651142,76.388701,,osm
FKA,Fazilka Junction,30.408684,74.026794,,osm
FKM,Fakiragram Junction,26.364447,90.185858,,osm
FL,Phulera Junction,26.87361,75.246024,,osm
FLD,Phulad,25.622745,73.811927,,osm
FLK,Falakata,26.539236,89.191447,,osm
FLM,Falimari,26.061722,89.473882,,osm
FLR,Fuleswar,22.477436,88.115644,,osm
FLU,Phulia,23.229962,88.497402,,osm
FN,Farrukhnagar,28.467225,76.825366,,osm
FNG,Faridnagar,30.670559,74.769412,,osm
FNM,فارم نور محمد,29.885318,72.221413,,osm
FNO,Fungo Halt,25.618692,86.604376,,osm
FPA,فورٹ عباس,29.190482,72.855369,,osm
FPAW,Fatehpur Atwa,25.623524,83.638753,,osm
FPS,Fatehpur Shekhawati,28.000065,74.970619,,osm
FQB,لارنس پور,33.826755,72.50359,,osm
FQL,فقیر والی,29.469367,73.037433,,osm
FRA,فیروزہ,28.764021,70.818669,,osm
FRDH,Faridaha Halt,25.558146,83.125096,,osm
FSG,Phursungi,18.4572,74.002157,,osm
FSP,Fateh Singh Pura,26.818476,77.140896,,osm
FSR,Faqarsar,30.190189,74.579164,,osm
FSW,Fateh Singhwala,29.912648,74.103202,,osm
FTBR,Fatehabad Road,27.160159,78.042659,,osm
FTD,Fatehabad Chandrawatiganj Junction,23.011074,75.673516,,osm
FTH,Fatuhi,30.053299,73.86904,,osm
FTP,Fatehpur,25.916752,80.801665,,osm
FTS,Fatehpur Sikri,27.094262,77.670715,,osm
FUT,Fatuha Junction,25.503232,85.303964,,osm
FYZ,Faizullapur,25.867602,80.897558,,osm
FZD,Firozabad,27.147882,78.386383,,osm
FZDI,فاضل پور,29.301312,70.445174,,osm
FZL,Fazalpur,29.593186,78.277502,,osm
FZLCK,Fazalchak,25.43643,85.163795,,osm
FZP,Firozpur City Junction,30.962103,74.601266,,osm
FZR,Firozpur Cantt. Junction,30.941664,74.617304,,osm
GA,Gudha,26.95049,75.12875,,osm
GAB,گڈو,25.379015,68.317667,,osm
GAD,Gevra Road,22.349193,82.646206,,osm
GADH,Goaldih,21.726732,85.547054,,osm
GADJ,Gandhi Nagar Jaipur,26.872802,75.79922,,osm
GADM,Ganga Dham,27.204793,81.933567,,osm
GAE,Gaipura,25.160532,82.387774,,osm
GAG,Gangaghat,23.361689,85.507513,,osm
GAGA,Galgalia,26.527434,88.113383,,osm
GAH,Gaunaha,27.289892,84.518906,,osm
GAHT,Ghusia Halt,25.192263,84.24845,,osm
GAI,Gouchhari,25.440045,86.672407,,osm
GAJ,Ganeshganj,23.895496,79.073252,,osm
GAJB,Gajara Bahara,24.053097,82.294158,,osm
GAL,Ghatla,27.736391,76.630369,,osm
GALE,Gankar,24.404192,88.072425,,osm
GAM,Ganjam,19.395254,85.046277,,osm
GAMI,Gogameri,29.160056,75.035035,,osm
GANG,Gangaganj,26.292197,81.201923,,osm
GANL,Ghanauli,31.026558,76.591885,,osm
GANPR,Ganpura,25.533898,85.045102,,osm
GAP,Gurpa,24.561354,85.298499,,osm
GAQ,Ganj Khawaja,25.273665,83.183956,,osm
GAR,Gadarwara,22.900373,78.792688,,osm
GARA,Garha,26.457967,85.511699,,osm
GATD,Gautamdhara,23.349735,85.632556,,osm
GAUR,Gaur,26.909364,82.572295,,osm
GAW,Gainjahwa,27.454062,82.245225,,osm
GAX,Gaganaposh,21.928287,85.045413,,osm
GAYA,Gaya Junction,24.803519,84.999425,,osm
GB,Gauri Bazar,26.594855,83.668074,,osm
GBA,Garbeta,22.844463,87.320902,,osm
GBE,Gayabari,26.859196,88.312477,,osm
GBG,Gobardanga Railway Station,22.879511,88.760993,,osm
GBK,Gopalpur Balikuda,20.432789,85.878669,,osm
GBN,Garh Banaili,25.902831,87.535174,,osm
GBP,Gulabpura,25.902532,74.655583,,osm
GBQ,Godbhaga,21.416824,83.85755,,osm
GBRA,Gobra,22.696116,88.27939,,osm
GBT,گمبٹ,27.338848,68.544326,,osm
GBX,Govindpur Road,23.06151,85.04422,,osm
GC,Ghatkopar,19.085693,72.908367,,osm
GCH,Gachhipura,26.953222,74.454179,,osm
GCN,Gocharan,22.278133,88.458613,,osm
GCT,Ghazipur City,25.583508,83.567926,,osm
GD,Gonda Junction,27.154567,81.977384,,osm
GDA,Godhra Junction,22.776325,73.605861,,osm
GDB,Giddarbaha,30.201256,74.662133,,osm
GDBR,Gunda Bihar,22.996054,86.093966,,osm
GDD,Gadra Road,25.743189,70.642325,,osm
GDK,Gonda Kachahri,27.140272,81.934145,,osm
GDL,Gondal,21.972182,70.795524,,osm
GDO,Govardhan,27.520634,77.462109,,osm
GDR,گڈار,24.845421,67.428363,,osm
GDW,Gadhwala,27.970314,73.455394,,osm
GDWR,Garudeshwar,21.904031,73.636197,,osm
GDX,Ghoksadanga,26.422581,89.277755,,osm
GDYA,Ghoradongri,22.125642,78.0022,,osm
GEA,Ghatera,23.829783,79.673612,,osm
GEB,Garh Baruari,26.019484,86.605627,,osm
GEC,Noida Golf Course,28.567376,77.346325,,osm
GEDE,Gede,23.490999,88.786935,,osm
GEG,Gir Gadhara,20.907446,70.919215,,osm
GEK,Gegal Akhri,26.54221,74.77773,,osm
GEOR,Gunjaria,26.217955,88.131706,,osm
GER,Geratpur,22.916857,72.655184,,osm
GG,Gandhigram,23.027096,72.569024,,osm
GGA,Ghogha,25.211223,87.164212,,osm
GGAR,Gangadhara,21.140308,73.046637,,osm
GGB,Garhmuktesar Bridge,28.760663,78.141259,,osm
GGC,Gangapur City,26.468181,76.726681,,osm
GGG,Gangagarh Halt,27.848549,78.735113,,osm
GGGS,Garha,23.1414,79.864706,,osm
GGH,Ghogardiha,26.28266,86.468712,,osm
GGJ,Goshainganj,26.570145,82.384566,,osm
GGKR,Govindgarh Khokhar,29.99205,75.808678,,osm
GGL,گاجرگولہ ریلوے اسٹیشن,32.177327,73.7629,,osm
GGLE,Gangatikuri,23.71842,88.087891,,osm
GGM,Gora Ghuma,23.038673,72.451731,,osm
GGN,Gurgaon,28.489087,77.011157,,osm
GGO,Goram Ghat,25.641502,73.867282,,osm
GGP,Gangnapur,23.131652,88.639897,,osm
GGR,Gangarar,25.061143,74.625145,,osm
GGT,Ghunghuti,23.343669,81.185934,,osm
GGTA,Ghoraghata,22.458112,87.943826,,osm
GGV,Ghora Ras Ghona,22.651776,88.782393,,osm
GGWA,Gangwara,24.633353,87.117104,,osm
GGY,Gagariya,25.716413,70.778816,,osm
GH,Ghughuli,27.05377,83.713874,,osm
GHA,Golehwala,30.789742,74.704598,,osm
GHAA,Ghaghra,22.414402,85.215873,,osm
GHAI,Ghatigaon,26.066375,77.938312,,osm
GHB,Gahri Bhagi,30.121538,74.943841,,osm
GHD,Garhwa Road,24.214778,83.885327,,osm
GHE,Ghevra,28.691343,76.997771,,osm
GHER,Gher,26.671865,77.948098,,osm
GHG,Ghagghar,30.610286,76.848271,,osm
GHGL,Ghagwal,32.50517,75.213419,,osm
GHH,Garhi Harsaru Junction,28.438298,76.930725,,osm
GHJ,Gursahaiganj,27.118039,79.733427,,osm
GHK,گھوٹکی,27.99407,69.313417,,osm
GHLE,Gadadharpur,24.01354,87.691723,,osm
GHLU,Ghallu,30.258177,74.106758,,osm
GHNA,Gohana Junction,29.140787,76.689685,,osm
GHNH,Ghantikal Nidhipur Railway Station,20.510952,85.736405,,osm
GHO,گهارو,24.790898,67.555379,,osm
GHQ,Garwa,24.17553,83.813491,,osm
GHR,Gidhaur,24.856169,86.324005,,osm
GHS,Guruhar Sahai,30.715194,74.400498,,osm
GHT,Ghaghara Ghat,27.102286,81.503095,,osm
GHTI,Ghantoli,22.090391,73.678723,,osm
GHUM,Ghoom,27.008363,88.253574,,osm
GHX,Garhara,25.440912,86.005308,,osm
GIA,Garia,22.465639,88.405515,,osm
GIF,Gonu Dham Halt,25.163114,86.985937,,osm
GIG,Gohari Gram,25.114335,86.150819,,osm
GIHT,Gaighat Halt,27.993848,81.432261,,osm
GII,Gidhni,22.488108,86.85335,,osm
GIL,Gaisal,26.184484,88.090005,,osm
GILA,Ghiala,32.153103,75.647535,,osm
GILL,Gill,30.840979,75.848967,,osm
GIMB,Gandhidham Junction,23.06839,70.147712,,osm
GIO,Goriyan,27.547606,75.26534,,osm
GIR,Gainsari Junction,27.527103,82.547061,,osm
GIS,Garhi Sandra,26.669228,77.745812,,osm
GIW,Girdharpur,25.827273,76.77372,,osm
GJA,گوجرہ ریلوے سٹیشن,31.142694,72.683813,,osm
GJD,Gujhandi,24.498121,85.463683,,osm
GJGR,گجر گڑھی,34.22568,72.013733,,osm
GJH,Goldinganj,25.753992,84.82685,,osm
GJL,Gajraula Junction,28.83485,78.250401,,osm
GJN,Gajner,27.935769,73.061399,,osm
GJR,Gojhariya,23.482871,72.556522,,osm
GJS,Gajsinghpur,29.657989,73.437508,,osm
GJTA,Gurudijhatia,20.569436,85.833605,,osm
GJUT,Gangsar Jaito,30.445772,74.878945,,osm
GJW,Gajuwala,29.57531,75.873251,,osm
GK,Gola Gokarannath,28.08314,80.476748,,osm
GKA,Gokhula,27.068833,84.541862,,osm
GKB,Ghata-Ka-Varana,25.505941,76.159998,,osm
GKC,Gorakhpur Cantonment,26.751089,83.418534,,osm
GKD,Gadhakda,21.238018,71.381964,,osm
GKEI,Greater Kailash,28.541908,77.238493,,osm
GKG,Gokulgarh,28.246754,76.617652,,osm
GKH,Guskara,23.490385,87.733691,,osm
GKHT,Gram Kharika,25.672045,85.387906,,osm
GKJ,Golakganj Junction,26.108174,89.830652,,osm
GKK,Gokak Road,16.205374,74.739083,,osm
GKL,Gokulpur,22.375668,87.293806,,osm
GKN,گوجرخان ریلوے اسٹیشن,33.259002,73.307616,,osm
GKP,Gorakhpur Junction,26.759667,83.381975,,osm
GKPR,Gokulpuri,28.702475,77.286125,,osm
GKR,گکھڑ منڈی,32.301883,74.152129,,osm
GKX,Ghalkalan,30.822697,75.109325,,osm
GLBA,Golabai,20.017255,85.556223,,osm
GLBN,Gujran Balwa,29.407117,77.302046,,osm
GLD,Ghelda,23.367565,72.209239,,osm
GLG,Gulabhganj,23.683778,77.911902,,osm
GLH,Gulaothi,28.581566,77.801351,,osm
GLI,Galsi,23.358544,87.681365,,osm
GLKN,Gugulwa Kirtan,28.540843,75.600572,,osm
GLMA,Gulma,26.803061,88.404413,,osm
GLNA,Gulana,27.101747,76.56499,,osm
GLRS,گولڑہ شریف جنکشن ریلوے اسٹیشن,33.670498,72.947845,,osm
GLS,گل شیر,30.603272,73.912801,,osm
GLTA,Gahlota,26.67419,74.970913,,osm
GLU,Gullipadu,17.409883,82.634069,,osm
GLW,گیلے والا ریلوے اسٹیشن,29.715196,71.476555,,osm
GM,Garmadi,23.719765,71.125092,,osm
GMAN,Gumani,24.798952,87.805402,,osm
GMD,Guramkhedi,22.682031,78.100603,,osm
GMDA,Gumada,18.887622,83.457522,,osm
GMDN,Girimaidan,22.340916,87.306956,,osm
GME,Gummandev,21.698933,73.11974,,osm
GMH,Gamharia Jn.,22.79657,86.101133,,osm
GMIA,Gumia,23.802507,85.830207,,osm
GMM,Gumman,30.842208,76.971768,,osm
GMN,Goregaon,19.164869,72.849549,,osm
GMO,Netaji SC Bose Junction Gomoh,23.87189,86.152647,,osm
GMR,Gahmar,25.488803,83.804073,,osm
GMX,Gurmura,24.354698,83.0479,,osm
GN,Gopalnagar,23.062585,88.745686,,osm
GNA,Goneana,30.318782,74.909709,,osm
GNC,Gandhinagar Capital,23.23484,72.630329,,osm
GND,Govindgarh Malikpur,27.240355,75.646193,,osm
GNDI,Gondwali,24.217085,82.511209,,osm
GNDM,Gunrajpur Dhama Halt,26.069444,84.821019,,osm
GNG,Gauriganj,26.204021,81.685669,,osm
GNGD,Gangadharpur,19.815734,85.292992,,osm
GNGI,چاغی,34.010073,71.303947,,osm
GNGR,Gungrana,30.716123,75.825832,,osm
GNGT,Gangatola,22.404913,79.994817,,osm
GNHI,Gandhi Halt,25.571521,84.957647,,osm
GNJ,Gunji,15.543751,74.480352,,osm
GNJB,Gopinathjew Banikunda,20.290775,86.442935,,osm
GNJP,Gokulnagar Joypur,23.040584,87.456204,,osm
GNK,Garhnokha,25.097244,84.122838,,osm
GNNA,Ganganiyan,25.236518,86.664483,,osm
GNND,Gnandas Kandra,23.739328,87.969321,,osm
GNO,Goregaon Road,18.162613,73.303001,,osm
GNPK,Green Park,28.558007,77.206793,,osm
GNPR,Gunupur,19.069836,83.810603,,osm
GNPT,Ganpatpura,22.067296,73.191612,,osm
GNRD,Genoli Road,25.203782,75.164997,,osm
GNRL,Gangraul,28.282713,77.75469,,osm
GNS,Ghunsore,22.65563,79.95459,,osm
GNSL,Ghansoli,19.116311,73.00702,,osm
GNST,Gandhismriti,20.920691,72.921965,,osm
GNU,Ganaur,29.131526,77.011089,,osm
GNV,Gandevi,20.802901,72.996823,,osm
GNW,Gangiwara,22.095824,78.847674,,osm
GNWA,Ghunwara Railway Station,24.134469,80.630389,,osm
GNX,گھنگریلہ ریلوے اسٹیشن,33.301135,73.265753,,osm
GNZ,Gahandran,31.117459,75.422912,,osm
GO,Ghoti,19.723749,73.636307,,osm
GOA,Gohad Road,26.468091,78.408555,,osm
GOD,Giddarpindi,31.153039,75.12478,,osm
GODA,Godda,24.829714,87.192858,,osm
GOF,Ghutiari Sharif,22.367901,88.552771,,osm
GOGH,Gossaigaon Hat,26.42956,89.976957,,osm
GOGT,Goghat,22.898722,87.70795,,osm
GOH,Garot,24.278783,75.684459,,osm
GOK,Gokarna Road,14.583847,74.367729,,osm
GOL,گولڑہ شریف جنکشن ریلوے اسٹیشن,33.670498,72.947845,,osm
GOLE,Gole,25.891788,71.999891,,osm
GOO,گگو,30.217242,72.827631,,osm
GOP,Gop Jam,22.053727,69.908501,,osm
GOPA,Ghosipura,26.212878,78.152237,,osm
GOPG,Gopalganj,26.453762,84.435263,,osm
GOR,Gopinathpur,23.087993,87.847645,,osm
GOS,Ghosrana,27.185204,76.915996,,osm
GOT,Got,28.84516,78.820642,,osm
GOTN,Gotan,26.652681,73.73799,,osm
GOVR,Govindnagar,26.85308,82.721866,,osm
GOX,Gobindpur Dugauli,26.080888,83.78606,,osm
GOY,Govindpuri,26.453677,80.312879,,osm
GOZ,Golsar,28.153782,74.546785,,osm
GP,Rajgangpur,22.186115,84.583507,,osm
GPAE,Guptipara,23.196931,88.418217,,osm
GPC,Ghatpindrai,22.951991,79.266249,,osm
GPE,Gogipothia Halt,26.229118,87.298101,,osm
GPF,Gauri Phanta,28.681202,80.554402,,osm
GPH,Garposh,22.134413,84.420475,,osm
GPI,Gajapatinagaram,18.293294,83.333799,,osm
GPJ,Gorapur,18.346647,82.793963,,osm
GPLG,Gopalpurgram,23.819963,87.780964,,osm
GPPR,Gopalpura,23.085423,70.132187,,osm
GPR,Ghorpuri,18.528148,73.893932,,osm
GPS,Gojpur Sankheda,22.176823,73.589676,,osm
GPSA,Ghatparsia Halt,22.05997,79.053346,,osm
GPSL,Gokulpur Saboli,28.703621,77.301813,,osm
GPT,Gopalapatnam,17.741081,83.231814,,osm
GPW,Ghaunspur,31.888621,75.631652,,osm
GPX,Gautampura Road,23.026778,75.528767,,osm
GQD,Gourdaha Halt,22.378301,88.534772,,osm
GQL,Gurla Junction,25.271245,75.886396,,osm
GQLW,Gurla W,25.289462,75.885029,,osm
GQN,Garhani,25.411681,84.570105,,osm
GRA,Gharaunda,29.540877,76.965377,,osm
GRAE,Gurap,23.025068,88.112199,,osm
GRAK,Garkha,27.748157,78.883273,,osm
GRB,Garh Dhrubeswar,23.509294,86.617666,,osm
GRBL,Garudubilli,18.203179,83.354438,,osm
GRCP,Ramchandrapur P.H.,19.990897,83.348079,,osm
GRD,Giridih,24.181771,86.314537,,osm
GRE,Gola Road,23.532145,85.70912,,osm
GRF,Gambhiri Road,24.693575,74.670491,,osm
GRG,Gwarighat,23.109993,79.937756,,osm
GRH,Ghorasahan,26.820735,85.127268,,osm
GRHM,Gir Hadmatiya,21.00426,70.635296,,osm
GRHX,Garra,21.799965,80.147076,,osm
GRI,Guriya,25.997446,73.954798,,osm
GRJA,Gorinja,22.17606,69.040897,,osm
GRKA,Gurha Kemla,28.313841,76.255607,,osm
GRKN,Gorakhnath,20.308482,86.260474,,osm
GRL,Goraul,25.931173,85.31864,,osm
GRM,Garhmau,25.501705,78.661296,,osm
GRMA,Ghormara,24.442653,86.864274,,osm
GRMP,Gangarampur,25.390187,88.516274,,osm
GRMR,Garhi Manikpur,25.776674,81.414494,,osm
GRMT,Gur Market,16.701912,74.268945,,osm
GRN,Gurney,29.858706,75.803867,,osm
GRNA,Gurhanwa,26.746017,85.224501,,osm
GRO,Gurra,22.631895,77.869284,,osm
GRP,Gangpur,23.223619,87.926521,,osm
GRPA,Garhpura,25.659307,86.207152,,osm
GRR,Gorphar,25.586083,87.674608,,osm
GRRG,Gurli Ramgarhwa,27.185035,83.780019,,osm
GRRU,Guraru,24.811008,84.791504,,osm
GRS,Gurusar Sutlani,31.606018,74.684089,,osm
GRT,گجرات ریلوے اسٹیشن,32.562785,74.064535,,osm
GRU,Garopara,26.654477,89.487601,,osm
GRV,Gohlwar Varpal,31.532739,74.899381,,osm
GRW,گوجرانوالہ,32.176587,74.187607,,osm
GRWC,گوجرانوالہ کینٹ,32.245666,74.168168,,osm
GRWD,Ghorawadi,18.721327,73.696204,,osm
GRX,Gaura,25.735657,82.108267,,osm
GRY,Goraya,31.12989,75.774172,,osm
GRZ,Gurthuri,29.635972,76.157956,,osm
GS,Godhaneshwar,22.682717,72.370069,,osm
GSB,Garna Sahib,31.779957,75.653457,,osm
GSD,Ghosunda,24.871603,74.535225,,osm
GSDH,Garsanda Halt,25.142617,86.011307,,osm
GSGB,Gosaingram,24.24766,88.214266,,osm
GSI,Ghosi,26.119395,83.544774,,osm
GSK,Ghusia Kalan Halt,25.1848,84.2425,,osm
GSL,Godapiasal,22.5307,87.320502,,osm
GSO,Ghaso,29.531096,76.14327,,osm
GSP,Gurdaspur,32.043626,75.41994,,osm
GSPR,Gosalpur,23.381735,80.05918,,osm
GSQ,Guir Saranga,23.126291,87.75336,,osm
GSR,Garhshankar,31.223983,76.138469,,osm
GSRJ,گوسڑجی,27.777056,68.762658,,osm
GSRM,Gauri Sriram,26.76988,84.187461,,osm
GSW,Gurusar Sahnewala,30.138823,74.886344,,osm
GSY,Ghanshyamgadh Road,23.008656,71.422464,,osm
GTA,Golanthra,19.218478,84.740666,,osm
GTBN,Guru Tegh Bahadur Nagar,19.038005,72.864345,,osm
GTBR,GTB Nagar,28.698133,77.2064,,osm
GTD,Gourinathdham,23.39578,86.274466,,osm
GTE,Gothaj,22.759077,72.802704,,osm
GTF,Gumthal,28.496854,78.758198,,osm
GTI,Ghutai,25.289304,79.441962,,osm
GTJT,Getor Jagatpura,26.837001,75.832023,,osm
GTK,Ghutku,22.166536,82.086043,,osm
GTKD,Gerita Kolvada,23.57625,72.668978,,osm
GTLM,Gotlam,18.151552,83.365866,,osm
GTM,Ghatampur,26.151482,80.174645,,osm
GTNR,Gomti Nagar,26.861175,81.003919,,osm
GTP,Ghatpuri,28.12773,79.207581,,osm
GTQ,Gumtali,31.071712,75.627416,,osm
GTR,Grant Road,18.963355,72.815826,,osm
GTRA,Gotra,28.812727,77.300391,,osm
GTS,Ghatsila,22.58597,86.479155,,osm
GTST,Gautamsthan,25.789869,84.639016,,osm
GTT,Gomta,21.873029,70.728962,,osm
GTW,Gatora,22.05324,82.227574,,osm
GTWD,Ghatwad,20.926963,70.749572,,osm
GTX,Gothangam,21.290839,72.879072,,osm
GTY,Golapatti,23.797936,79.745555,,osm
GUA,Gua,22.215261,85.380498,,osm
GUB,Gularbhoj,29.111404,79.301821,,osm
GUD,Galudih,22.648007,86.411567,,osm
GUG,Garh Jaipur,23.414336,86.147276,,osm
GUGD,Jais,26.26203,81.519591,,osm
GUH,Guldhar,28.703792,77.455522,,osm
GUJ,Gunja,23.738892,72.596883,,osm
GUL,Gujjangivalasa,18.210047,83.484935,,osm
GULR,Guler,32.004772,76.151316,,osm
GUMA,Guma,22.808582,88.600893,,osm
GUMI,Gorumahisani,22.33378,86.276207,,osm
GUNA,Guna Junction,24.640901,77.314291,,osm
GUNS,Ghunas,30.319757,75.420899,,osm
GUP,Gauripur,26.077224,89.955567,,osm
GURN,Gurudas Nagar,22.199708,88.215793,,osm
GUSB,Ghumasan,23.350322,72.46042,,osm
GUZ,Gumanihat,26.474146,89.239727,,osm
GV,Govandi,19.055369,72.91507,,osm
GVA,Ganguvada,18.667108,84.106672,,osm
GVB,Guneru Bamori,24.462095,78.063006,,osm
GVD,Gholvad,20.086825,72.737741,,osm
GVDP,Govindpur,22.742798,86.260725,,osm
GVG,Mandi Gobindgarh,30.669338,76.297468,,osm
GVH,Govindgarh,27.499158,76.987793,,osm
GVI,Garividi,18.27378,83.531295,,osm
GVMR,Govindi Marwar,27.031457,75.093039,,osm
GW,Girwar,23.832838,78.971748,,osm
GWA,Ganj Dundwara,27.726214,78.938829,,osm
GWAPR,Gawaspur,25.429376,85.193237,,osm
GWC,Garware College,18.511989,73.83805,,osm
GWH,Ghoswar Junction,25.741025,85.246773,,osm
GWL,Gwalior Junction,26.216244,78.182604,,osm
GWSB,Govindwal Sahib,31.370723,75.110127,,osm
GXG,Geong,29.821895,76.466653,,osm
GYL,Gharyala,31.22327,74.73305,,osm
GYN,Gopiganj / Gyanpur Road,25.279964,82.427771,,osm
GYT,Gypsum,25.84604,71.499426,,osm
GZB,Ghaziabad Junction,28.652856,77.428244,,osm
GZH,Gulzarbagh Railway Station,25.597725,85.204256,,osm
GZKA,Gazika,27.612697,76.661314,,osm
GZM,Gour Malda,24.948247,88.110893,,osm
GZN,Naya Ghaziabad,28.674376,77.437786,,osm
GZO,Gazole,25.22485,88.197986,,osm
GZS,Giani Zail Singh Sandhwan,30.613562,74.801553,,osm
GZT,Ghazipur Ghat,25.603094,83.609822,,osm
HA,Hargaon,27.77224,80.728369,,osm
HAA,Harwada,14.74039,74.259398,,osm
HAB,Bah,26.866016,78.617591,,osm
HAM,Hamirhati PH,23.322341,87.360057,,osm
HAN,Hindaun City,26.755787,77.031481,,osm
HAPA,Hapa,22.468576,70.117836,,osm
HAR,Hamirpur Road,26.016179,80.190346,,osm
HAT,Hathuran,21.500728,72.969527,,osm
HATI,Hati,24.688112,80.842692,,osm
HAUR,Haur,22.365658,87.655687,,osm
HB,Habra,22.840869,88.657583,,osm
HBB,Hendlaso Bhokta Bagicha,23.500639,84.716611,,osm
HBE,Habibpur,23.211744,88.538963,,osm
HBF,Haddubhangi,18.82165,83.941869,,osm
HBKJ,حبیب کوٹ جنکشن,27.872314,68.661382,,osm
HBP,Harpar Bochaha,25.603989,85.75756,,osm
HBW,Habibwala,29.348234,78.478785,,osm
HCM,Harishchandrapuram,18.479156,84.121576,,osm
HCNR,Harichandanpur,21.326927,85.794789,,osm
HCP,Harchandpur,26.345927,81.159219,,osm
HCR,Harishchandrapur,25.403759,87.868515,,osm
HD,Harda,22.33904,77.10155,,osm
HDA,Hirnoda,26.885717,75.328494,,osm
HDB,Haldibari,26.335282,88.782474,,osm
HDC,Harishdapur,22.574967,88.043571,,osm
HDE,Hardas Bigha,25.491539,85.35667,,osm
HDK,Handia Khas,25.35697,82.191046,,osm
HDL,Hodal,27.886502,77.388131,,osm
HDN,Haidarnagar,24.497244,83.950149,,osm
HDP,Hadapsar Railway Station,18.526967,73.927825,,osm
HDR,حیدرآباد,25.3811,68.373398,,osm
HDS,Haridaspur,20.724248,86.117222,,osm
HDT,Hardattpur,25.276539,82.90674,,osm
HDU,Hardua,23.913849,80.287162,,osm
HDW,Haldwani Railway Station,29.215733,79.533425,,osm
HDWL,Hardorawal,31.914455,74.925959,,osm
HEN,Henria,21.971826,87.794424,,osm
HET,Hetampur,26.610962,77.943806,,osm
HFD,حافظ آباد ریلوے اسٹیشن,32.074709,73.691708,,osm
HGA,Hogla,22.255021,88.45201,,osm
HGH,Haidergarh,26.620859,81.363873,,osm
HGJ,Harduaganj,27.990796,78.129076,,osm
HGR,Hemagir,21.876145,83.742804,,osm
HGY,Hooghly,22.905211,88.376064,,osm
HHG,Hehegara Halt,23.788601,84.267067,,osm
HHP,Harhar Fatehpur,29.562379,77.387753,,osm
HHR,Hridaypur,22.710997,88.469999,,osm
HIH,Hajigarh,23.006328,88.121583,,osm
HIJ,Hijli,22.319699,87.319329,,osm
HIL,Hilsa Station,25.317256,85.277259,,osm
HIND,Hind,29.529073,77.363043,,osm
HIP,Haldipada,21.571517,86.996833,,osm
HIR,Harinagar,27.156264,84.324314,,osm
HISD,حکیمانی ہالٹ,24.990562,68.724796,,osm
HJC,حاجی چاند,30.698638,74.069371,,osm
HJP,Hajipur Junction,25.701917,85.214945,,osm
HK,Helak,27.234143,77.374568,,osm
HKG,Hirakud,21.479827,83.905355,,osm
HKH,Haranyakheri,22.585196,75.777747,,osm
HKL,Harkia Khal,24.363089,74.919012,,osm
HKP,Hakimpur,28.879599,78.659115,,osm
HKS,Hauz Khas (Magenta Line),28.543369,77.205045,,osm
HLB,Hadala Bhal,22.486381,72.131058,,osm
HLD,Haludpukur,22.604713,86.148512,,osm
HLDD,Haldi Road,29.039258,79.459385,,osm
HLDR,Haldaur,29.290576,78.275139,,osm
HLP,Haldharpur,25.963348,83.67908,,osm
HLR,Halisahar,22.920966,88.436979,,osm
HLW,Hirnawali,29.710064,74.272321,,osm
HLZ,Haldia,22.044614,88.065459,,osm
HM,Hadmatiya,22.428475,70.471013,,osm
HMA,Humma,19.443543,85.076313,,osm
HME,Hamre,34.222559,74.512164,,osm
HMG,Hamirgarh,25.187479,74.617583,,osm
HMH,Hanumangarh Junction,29.611705,74.293602,,osm
HMI,Himmatana,30.452369,75.866169,,osm
HMK,Hindumalkot,30.136468,73.91664,,osm
HMO,Hanumangarh Town,29.574409,74.331239,,osm
HMP,Hempur,27.616541,80.570707,,osm
HMQ,Himmatpura,29.74792,75.864548,,osm
HMR,Hamira,31.455986,75.433244,,osm
HMRR,Hamarapur,18.783936,73.0792,,osm
HMT,Himmatnagar Junction,23.59193,72.96025,,osm
HMZ,Hind Motor,22.683651,88.341799,,osm
HNA,Honnavar,14.315901,74.432402,,osm
HNB,Hasnabad,22.571082,88.913531,,osm
HND,Hindol Road,20.768404,85.423919,,osm
HNDR,Hendegir,23.697654,85.177058,,osm
HNG,Hirangaon,27.175703,78.314619,,osm
HNM,Hinautaramban,24.569394,80.964755,,osm
HNN,Harana Kalan,28.945033,77.038939,,osm
HNPA,Handapa,20.943324,84.684665,,osm
HNS,Hansi,29.088133,75.947446,,osm
HNSL,Haslang P.H.,23.082387,86.030344,,osm
HNU,Hanspura,24.1314,75.647581,,osm
HOD,Haldita Bihar,26.165603,87.358943,,osm
HOJ,Hamiltonganj,26.688847,89.420972,,osm
HP,Haripur,26.014167,74.030197,,osm
HPD,ہری پور بند,32.468401,74.104368,,osm
HPGM,Haripurgram,20.137404,85.705691,,osm
HPI,Harapatti,25.883319,87.15205,,osm
HPIL,Hempur Ismail,29.175415,78.996759,,osm
HPKA,Hinotia Pipalkhera,24.5313,77.799652,,osm
HPL,Haripal,22.83162,88.119146,,osm
HPLE,Hatpuraini Railway station,25.143372,86.985775,,osm
HPO,Hasanpur Road,25.71483,86.185801,,osm
HPP,Harpalpur,25.290305,79.33364,,osm
HPRD,Hapa Road,23.543213,72.941307,,osm
HPU,Hapur Junction,28.739539,77.778971,,osm
HR,Harpalu,28.569187,75.4911,,osm
HRB,Harri,22.82731,81.882391,,osm
HRBR,Harubera,23.500213,85.760403,,osm
HRDR,Harsar Dehri,32.105028,76.037686,,osm
HRE,Hirodih,24.382785,85.59664,,osm
HRF,Hathras Qila,27.594749,78.058301,,osm
HRG,Hirdagarh,22.142233,78.516885,,osm
HRGR,Harnagar,25.86603,86.255647,,osm
HRI,Hardoi,27.400085,80.1475,,osm
HRK,ہیروک,29.929634,67.226664,,osm
HRLI,Harlaya,26.867412,72.720848,,osm
HRLT,Harlatanr,24.531098,86.920089,,osm
HRM,Hadmadiya,20.934844,70.840903,,osm
HRN,Harauni,26.706343,80.747885,,osm
HRND,ہارون آباد,29.61188,73.13306,,osm
HRNG,Harpur Nag Halt,26.385848,85.076814,,osm
HRNR,Hira Nagar,32.487069,75.268159,,osm
HRNS,Harinsing,24.239391,87.57408,,osm
HRO,Harua Road,22.661933,88.69057,,osm
HRPG,Harpalganj,25.947178,82.405041,,osm
HRS,Hathras Junction,27.624587,78.137283,,osm
HRSB,Hiller Shahabad,33.567545,75.19212,,osm
HRSR,Harish Nagar Halt,23.46984,88.778053,,osm
HRT,Harnaut,25.371682,85.540618,,osm
HRV,Harrad,23.161274,81.903988,,osm
HRW,Harrawala,30.260246,78.097235,,osm
HSA,Hasimara,26.726951,89.3473,,osm
HSB,Hasan Bazar,25.278988,84.36366,,osm
HSDA,Hansdiha,24.611544,87.085474,,osm
HSE,ہوسری,25.319779,68.409685,,osm
HSI,Harsauli,27.865249,76.615004,,osm
HSK,Harishanker Rd,20.627092,82.765351,,osm
HSL,Hisvahal,20.281178,74.560309,,osm
HSN,حسن ابدال,33.826796,72.699076,,osm
HSPS,حیات شیر پاؤ شہید,34.006855,72.060318,,osm
HSQ,Husainpur,31.311693,75.329475,,osm
HSR,Hisar Junction,29.152347,75.72458,,osm
HSW,Husainiwala,30.987892,74.554475,,osm
HSWS,Hansiawas,28.83889,75.352179,,osm
HSX,Hoshiarpur,31.524331,75.905996,,osm
HSY,Harsingpur Goba,27.430131,79.498625,,osm
HT,Hotar,22.309355,88.399748,,osm
HTC,Hathras City,27.599798,78.054489,,osm
HTD,Hatundi,26.365604,74.64933,,osm
HTE,Hatia,23.309405,85.308495,,osm
HTGR,Hathigadh,21.582227,71.425574,,osm
HTJ,Hathras Road,27.623052,78.1384,,osm
HTK,Hatkanangale,16.747749,74.421193,,osm
HTN,ہاتھیان,34.386295,71.919275,,osm
HTS,ہیبت شھید,28.279468,69.003403,,osm
HTW,Hathua,26.368945,84.340172,,osm
HTZ,Hathidah Junction,25.365916,85.987354,,osm
HTZU,Hathidah Junction Upper Station,25.367375,85.98841,,osm
HUDU,Hundur Halt,23.477276,85.396511,,osm
HUFP,Harauli Fatehpur,25.766139,85.217253,,osm
HUK,Holambi Kalan,28.801579,77.102483,,osm
HUR,ہرنائی,30.099962,67.935079,,osm
HVD,Halvad,23.018242,71.183382,,osm
HW,Haridwar,29.947471,78.154325,,osm
HWH,Howrah Junction,22.582871,88.342811,,osm
HWHG,Howrah Goods,22.590095,88.334688,,osm
HWHM,Howrah,22.583365,88.340345,,osm
HWMM,Howrah Maidan,22.583859,88.333998,,osm
HWR,Hatwar,26.044245,87.892889,,osm
HWSW,حویلی وساویوالا,30.457145,73.677372,,osm
HWT,Hanwant,26.063247,73.005834,,osm
HXR,Hansapore,20.905556,72.926426,,osm
HYA,Hadiyaya,30.344779,75.495188,,osm
HYG,Hooghly Ghat,22.904902,88.396563,,osm
HYL,Hadyal,28.531762,75.267979,,osm
HYT,Haiaghat,26.020188,85.878319,,osm
HZBN,Hazaribag Town,23.983198,85.340366,,osm
HZD,Hazaribagh Road,24.174602,85.891895,,osm
HZR,Hafizpur,28.672533,77.78645,,osm
IAA,Indara Junction,25.987545,83.619828,,osm
IAM,Mai,25.169216,84.98712,,osm
IB,Ib,21.816317,83.949001,,osm
IBL,Indrabil,23.445244,86.781739,,osm
ICBN,Icbn,25.297415,83.166574,,osm
ICL,Ichauli,25.52161,80.179159,,osm
IDAR,Idar,23.836226,73.011462,,osm
IDG,Indragarh Sumerganj Mandi,25.728262,76.23279,,osm
IDGH,Indergarh,25.777926,77.738618,,osm
IDGJ,Iradatganj,25.318022,81.819351,,osm
IDH,Idgah,27.173809,77.999998,,osm
IDJ,ldalhond,15.695968,74.523801,,osm
IDPT,Indraprastha,28.620602,77.249551,,osm
IFOC,IFFCO Chowk,28.472328,77.072422,,osm
IGDA,Terminal 1 IGI Airport,28.564835,77.122657,,osm
IGP,Igatpuri,19.694439,73.563888,,osm
IGRL,Ingorala,21.822336,71.682107,,osm
IGTA,Ingohta,25.758157,80.126953,,osm
IHP,Inchhapuri,28.320093,76.718855,,osm
IICC,Yashobhoomi Dwarka Sector 25,28.550832,77.045307,,osm
IIT,IIT Delhi,28.547012,77.194555,,osm
IJ,Itaunja,27.077793,80.892994,,osm
IJA,انجرا ریلوے اسٹیشن,33.127438,71.850769,,osm
IK,Ikran,27.21159,77.608333,,osm
IKD,Ikdori,26.054369,76.951733,,osm
IKK,Ikkar,29.891923,78.1003,,osm
IKR,Iklehra,22.207961,78.708884,,osm
ILO,Illoo,23.318247,85.865587,,osm
ILOK,Inderlok (Green Line),28.672707,77.169187,,osm
IMGE,Ismailpur,24.815137,84.72362,,osm
IMLI,Imli,25.55551,86.302951,,osm
INA,Dilli Haat - INA (Pink Line),28.573652,77.207586,,osm
INCI,Ishan Chandi Halt,23.334245,87.738969,,osm
INDB,Indore Junction,22.717006,75.868472,,osm
INDR,Indira Nagar,23.169956,70.741325,,osm
INP,Indapur,18.299045,73.244659,,osm
INS,Indas,23.157392,87.634683,,osm
IP,Ichhapur,22.799826,88.37391,,osm
IPE,IP Extension,28.631903,77.310718,,osm
IPM,Ichchapuram,19.111471,84.680695,,osm
IPR,Islampur,25.137447,85.217149,,osm
IPRA,Hazi Md Mohsin Halt,22.972322,88.395309,,osm
IPTN,Ispat Nagar,23.709131,86.142595,,osm
IQB,Iqbalpur,29.875079,77.802894,,osm
IQG,Iqbal Gadh,24.346427,72.534024,,osm
IRA,Israna,29.278363,76.83666,,osm
IRN,Irgaon,23.421575,84.783355,,osm
ISA,Isarda,26.170182,76.030338,,osm
ISH,Isarwara,23.926814,78.548406,,osm
ISHN,Ishanagar,24.853956,79.393275,,osm
ISM,Ismaila Haryana,28.79975,76.73995,,osm
ISRI,Isapur Khera,29.216275,76.592906,,osm
ITA,Itola,22.150382,73.156953,,osm
ITE,Intiyathok,27.293444,82.035949,,osm
ITKL,Itayakalan,23.055352,77.540992,,osm
ITKY,Itki,23.352131,85.127719,,osm
ITO,ITO,28.628191,77.241044,,osm
IWNR,Sukhdev Vihar,28.559748,77.2749,,osm
IZN,Izatnagar Junction,28.388852,79.421411,,osm
JA,Jaliya,21.815524,71.632626,,osm
JAA,Jhalda,23.369516,85.973365,,osm
JAB,Yamuna Bridge,27.192156,78.038946,,osm
JAC,Jalsu,26.846461,74.199245,,osm
JACN,Jalsu Nanak,26.868436,74.250031,,osm
JAD,جنڈ جنکشن ریلوے اسٹیشن,33.440198,72.011332,,osm
JADR,Jadar,23.745823,72.952313,,osm
JAG,Jalalgarh,25.952607,87.530022,,osm
JAI,جہانیاں,30.042333,71.812812,,osm
JAJ,Jhajha,24.772858,86.3863,,osm
JAL,Jawali,25.463064,73.396846,,osm
JALD,Jalia Devani,22.424335,70.420332,,osm
JAM,Jamnagar,22.493028,70.05351,,osm
JAMA,Jama,24.342499,87.153177,,osm
JAMD,Jama Masjid,28.65001,77.237676,,osm
JAN,Jarangdih,23.769761,85.929764,,osm
JANR,Jamia Millia Islamia,28.563049,77.286339,,osm
JAO,Jaora,23.629148,75.115944,,osm
JAPN,Jhalarapatan,24.533441,76.196646,,osm
JARI,Jari,24.586587,72.060872,,osm
JAT,Jammu Tawi,32.70604,74.879993,,osm
JATP,Jaitpura,26.749327,78.888396,,osm
JAU,Jhaua,25.613214,87.775517,,osm
JAUA,Jamua,24.358421,86.154176,,osm
JAW,Jarwa,27.644106,82.521847,,osm
JB,Jor Bagh,28.586509,77.212527,,osm
JBB,Jambur,21.033246,70.593308,,osm
JBD,Jalalabad,30.607461,74.269171,,osm
JBG,Jung Bahadurgnj,27.769047,80.172921,,osm
JBL,Jabli,30.882141,76.992035,,osm
JBN,Jogbani,26.402788,87.26372,,osm
JBO,Jamadoba,23.700774,86.4104,,osm
JBP,Jabalpur,23.164957,79.951251,,osm
JBR,Jahangirabad Rj,26.974148,81.247565,,osm
JBS,Jadoli Ka Bas,27.539682,76.880877,,osm
JBSR,Jambusar Road,22.055904,72.808211,,osm
JBU,Jabugam,22.287264,73.761288,,osm
JBW,Jhabelwali,30.509124,74.59979,,osm
JBX,Jabri,23.293641,76.890461,,osm
JCD,جیکب آباد جنکشن,28.276127,68.432762,,osm
JCH,Jetha Chandan,27.000057,71.306543,,osm
JCN,Juni Chavand,21.385656,70.684764,,osm
JCNR,Juichandra,19.360464,72.872322,,osm
JCT,جامکے چٹھہ ریلوے اسٹیشن,32.337578,73.906828,,osm
JCU,Jaicholi,27.130792,77.397545,,osm
JCY,Jind City,29.309818,76.317637,,osm
JD,Jarod,22.441347,73.338084,,osm
JDA,Jasoda,27.083811,79.81918,,osm
JDD,Jerthi Dadhia,27.730725,75.20098,,osm
JDDA,Jetha,22.016626,82.875349,,osm
JDGP,Jamaldah - Gopalpur,26.455611,89.043342,,osm
JDH,Jam Jodhpur,21.906686,70.031256,,osm
JDI,Jharadih,22.000414,83.049222,,osm
JDK,Jandoke,31.37832,74.885018,,osm
JDL,Jagdevwala,28.326189,73.477104,,osm
JDN,Jagudan,23.51588,72.403391,,osm
JDNX,Joginder Nagar,31.989158,76.789485,,osm
JDP,Jadavpur,22.495052,88.374971,,osm
JDPR,Oro Jagdishpur,24.903936,85.41353,,osm
JDR,Jiwdhara,26.578536,84.906756,,osm
JDW,Jarauda Nara,29.403478,77.705066,,osm
JEA,Nakaha Jungle,26.802186,83.360422,,osm
JEN,Jenapur,20.851175,86.065645,,osm
JEO,Jitoda,23.728528,72.144944,,osm
JEP,Jeonathpur,25.231933,83.06257,,osm
JER,Jaleswar,21.797637,87.220064,,osm
JES,Jaitsar,29.345311,73.662191,,osm
JFRB,Jaffrabad,28.682682,77.274805,,osm
JGA,Jogiara,26.406998,85.745939,,osm
JGBR,Jogeswar Bihar,23.745524,85.626465,,osm
JGD,Jagadishpur,24.272784,86.525121,,osm
JGDL,Jagaddal,22.851679,88.395407,,osm
JGF,Jogidih,24.276401,83.052771,,osm
JGG,Jangiganj,25.305271,82.350345,,osm
JGH,جھنگ صدر,31.260351,72.326433,,osm
JGI,Jhagadiya,21.72668,73.149286,,osm
JGM,Jhargram,22.45441,86.998186,,osm
JGN,Jagraon,30.800754,75.472497,,osm
JGP,Jalalpur,26.586902,84.312784,,osm
JGR,Jaswantnagar,26.872978,78.893731,,osm
JGS,جنگ شاہی,24.855746,67.772826,,osm
JGW,Jogiwala,31.094657,75.063033,,osm
JGWL,Jagjeevan Halt,25.548,84.629145,,osm
JGZ,Jamgaon,22.418861,80.19791,,osm
JHA,Jakhaura,24.870765,78.400481,,osm
JHD,Jehanabad,25.226529,84.991058,,osm
JHDC,Jehanabad Court,25.200279,84.984552,,osm
JHG,Jhingura,25.124024,82.653277,,osm
JHIR,Jhir,26.852723,76.115498,,osm
JHJ,Jhajjar Junction,28.593399,76.638772,,osm
JHK,Jethuke,30.288591,75.319049,,osm
JHL,Jakhal Junction,29.803082,75.820793,,osm
JHMR,Jhimri,23.071444,86.078791,,osm
JHMT,جھمٹ ریلوے اسٹیشن,33.295034,71.898623,,osm
JHN,Jakhim,24.828935,84.526462,,osm
JHP,جھمپیر,25.025056,68.013251,,osm
JHR,جہانگیرا,33.958326,72.197153,,osm
JHT,Junheta,22.783111,78.597291,,osm
JHW,Jhalawar Road,24.542119,75.920352,,osm
JHWR,Jhawar,32.003342,75.378734,,osm
JI,Jhusi,25.431251,81.916144,,osm
JIA,Jigna,25.157607,82.318035,,osm
JIEE,Johri Enclave,28.712881,77.290129,,osm
JIL,Jalila Road,22.242753,71.803371,,osm
JIND,Jind Junction,29.32961,76.289501,,osm
JIR,Jira Road,21.450482,71.345396,,osm
JIT,Jirat,23.097519,88.461565,,osm
JITE,Jite,18.820093,73.086816,,osm
JJ,Jajau,26.934084,77.936239,,osm
JJA,Jajan Patti,27.355164,77.5744,,osm
JJG,Jiaganj,24.244257,88.277152,,osm
JJJ,Jaijon Doaba,31.349905,76.133516,,osm
JJK,Jhinjhak,26.554804,79.734649,,osm
JJKR,Jajpur Keonjhar Road Junction,20.943567,86.133103,,osm
JJN,Jhunjhunun,28.107089,75.390029,,osm
JJP,Jhanjharpur Junction,26.230262,86.270667,,osm
JJPR,Jhanjharpur Bazar,26.260625,86.283022,,osm
JJR,Jejuri,18.287168,74.171669,,osm
JJT,Jai Jai Wanti,29.168336,76.368512,,osm
JJTI,Jhanjhitoli Halt,23.534063,85.412343,,osm
JJW,Jojwa,22.25062,73.638873,,osm
JK,Jakolari,32.218838,75.545585,,osm
JKA,Jakhvada,23.084358,72.155305,,osm
JKDA,Jamkundia,22.114435,85.522918,,osm
JKDP,Janakadeipur,19.889462,85.819116,,osm
JKE,Jukehi,23.985815,80.432488,,osm
JKH,Jahanikhera,27.744077,80.239685,,osm
JKHI,Jakhod Khera,29.209847,75.57376,,osm
JKI,Kauriaa Jungle,26.877186,83.301889,,osm
JKL,Jalal Khali,23.347148,88.514017,,osm
JKN,Jakhanian,25.740937,83.369664,,osm
JKNI,Jharkhandi,27.43321,82.18037,,osm
JKP,Jharekapur,27.6752,80.728704,,osm
JKPR,Jakhapura Junction,20.916279,86.064715,,osm
JKR,Jaulkhera,21.860354,78.199776,,osm
JKS,Jaksi,23.197486,72.098519,,osm
JKT,Jekot,22.865894,74.159651,,osm
JKZ,Jita Kheri,29.012233,75.987461,,osm
JLA,Jasola Apollo,28.538176,77.283267,,osm
JLA8,Jasola Vihar Shaheen Bagh,28.545828,77.296658,,osm
JLBR,Jhaluarbar,22.627527,88.252172,,osm
JLD,Jarwal Road,27.120672,81.540389,,osm
JLF,Julmi,24.602711,75.986367,,osm
JLHI,Jhilahi,27.068988,82.177813,,osm
JLI,Jalasi,22.588166,88.057763,,osm
JLL,Jalalganj,25.611152,82.773254,,osm
JLLO,Jhilo,27.848368,75.885098,,osm
JLM,Jaliya Math,23.22372,72.87414,,osm
JLMR,جلال مری,25.846149,68.664551,,osm
JLN,Jakhalaun,24.547243,78.341969,,osm
JLQ,Jalpur,28.995048,78.85883,,osm
JLR,Jetalsar Junction,21.729197,70.574307,,osm
JLS,Jalesar Road,27.446658,78.170342,,osm
JLT,Jhamat,27.205495,83.34396,,osm
JLW,Jhalwara,23.772473,80.474218,,osm
JLWC,Jhalawar City,24.580331,76.146477,,osm
JMA,Jamuria,23.713623,87.071847,,osm
JMB,Jambusar Junction,22.046387,72.814113,,osm
JME,Jamsher Khas,31.242821,75.607161,,osm
JMG,Jamga,21.875073,83.564452,,osm
JMH,جمرانی واہ,29.58118,71.745318,,osm
JMIR,Jamira Halt,25.557544,84.705593,,osm
JMKL,Jamuniya Kalan,24.406802,74.892911,,osm
JMKR,Jawalamukhi Road,32.016171,76.226614,,osm
JMN,Jamuawan,24.81443,85.293695,,osm
JMP,Jamalpur Junction,25.315354,86.493348,,osm
JMPR,جام پور,29.638422,70.577249,,osm
JMPT,Jimidipeta,19.044582,83.422344,,osm
JMQ,Jamirghata,24.916701,88.067865,,osm
JMR,جہلم ریلوے اسٹیشن,32.929215,73.725859,,osm
JMS,Jamsar,28.244355,73.389748,,osm
JMT,Jamtara,23.959325,86.805964,,osm
JMTH,جمعھ حماہتی,24.84383,67.269456,,osm
JMU,Jamui,24.972737,86.255114,,osm
JMV,Jambara,21.942894,78.251575,,osm
JMW,جان محمد والا ریلوے اسٹیشن,30.495334,72.093692,,osm
JMX,Jamuni,23.769575,86.203349,,osm
JMY,جنگل مڑیالہ,30.183154,71.868178,,osm
JN,Jhund Junction,23.160718,71.934158,,osm
JNA,Julana,29.121169,76.395507,,osm
JND,Junagadh Junction,21.529413,70.457811,,osm
JNE,Janiyana,25.826821,72.336793,,osm
JNG,Jagruti Nagar,19.09258,72.90191,,osm
JNH,Janghai Junction,25.550048,82.310081,,osm
JNJ,Juinagar,19.055865,73.018249,,osm
JNK,Jhinkpani,22.420733,85.771205,,osm
JNKPE,जनकपुर रेलवे स्टेशन,26.734024,85.936971,,osm
JNKR,Janakinagar,25.882054,87.119468,,osm
JNL,Jandiala,31.58923,75.056871,,osm
JNM,Jaynagar Majilpur,22.169473,88.416004,,osm
JNN,Jamuniatand,23.754856,86.191864,,osm
JNNA,Jamuniatanr Halt,23.754261,86.187143,,osm
JNO,Junnordeo,22.191361,78.592134,,osm
JNP,Jagannathapur,19.33037,84.867785,,osm
JNPH,Janpath,28.624049,77.219259,,osm
JNR,Janakpur Road,26.468785,85.700807,,osm
JNRD,Junagarh Road,19.873844,82.946745,,osm
JNRI,Jalindri,25.291925,75.385573,,osm
JNS,جمن شاہ,30.871015,70.941962,,osm
JNT,Jaintipura,31.772897,75.102768,,osm
JNU,Jaunpur Junction,25.761322,82.699376,,osm
JNX,Jagannathji Road,25.270656,72.628006,,osm
JNZ,Jenal,24.327675,72.038327,,osm
JO,Jagabor,23.740246,73.453782,,osm
JOB,AsaIpur Jobner,26.900553,75.424358,,osm
JOBA,Joba,24.089949,81.702726,,osm
JOC,Joychandi Pahar,23.51719,86.681166,,osm
JOH,Juharpura,28.195789,74.84057,,osm
JOK,Jodhka,29.492717,75.218699,,osm
JOL,Jogal,21.702604,86.875326,,osm
JOM,Jogi Magra,26.698254,73.819191,,osm
JON,Jonha,23.358654,85.609523,,osm
JONR,Jeonara,22.464397,80.084197,,osm
JOP,Jaunpur City,25.733741,82.666924,,osm
JOQ,Jorai,26.454934,89.804446,,osm
JOR,Jalor,25.35431,72.634164,,osm
JOS,Jogeshwari (Western Line),19.136114,72.848936,,osm
JOX,Janai Road,22.721437,88.2653,,osm
JP,Jaipur Junction,26.920789,75.786654,,osm
JPD,Jalalpur Dhai,26.008276,81.155756,,osm
JPE,Jalpaiguri Road,26.559179,88.709439,,osm
JPG,Jalpaiguri,26.518625,88.724013,,osm
JPH,Jhantipahari,23.353617,86.904653,,osm
JPI,Jhadupudi,19.028048,84.612993,,osm
JPL,Japla,24.53904,84.002947,,osm
JPML,Jai Prakash Mahuli,25.453793,85.59885,,osm
JPO,Jora Alapur,26.344581,77.802299,,osm
JPQ,Jhapandanga,23.063863,88.09111,,osm
JPR,Jakpur,22.362643,87.38957,,osm
JPRD,Jenapur Road,20.018202,85.78633,,osm
JPS,Jamalpur Shaikhan,29.699859,75.856869,,osm
JPTR,Jitpur,24.21708,86.220158,,osm
JPW,Janakpuri West,28.629584,77.078085,,osm
JRA,Jaraikela,22.309362,85.113419,,osm
JRAE,Jaugram,23.079475,88.080063,,osm
JRC,Jalandhar Cantonment Junction,31.307331,75.631199,,osm
JRD,جمرود,34.007323,71.378049,,osm
JREA,Jhareda,27.47525,77.03522,,osm
JRF,جڑالہ ریلوے اسٹیشن,30.725024,72.208805,,osm
JRG,Jugpura,21.668837,86.912892,,osm
JRJ,Jargaon,28.553517,78.767291,,osm
JRK,Jeruakhera,23.973074,78.480156,,osm
JRKN,Jorkian,29.66262,74.285297,,osm
JRL,Jharli,28.506695,76.373843,,osm
JRLE,Jangipur Road,24.459111,88.041287,,osm
JRLI,Jaroli,21.952427,85.419063,,osm
JRMG,Jairamnagar,22.033681,82.297268,,osm
JRN,جھلار,33.633777,72.33326,,osm
JRO,Jiron,24.607958,78.361294,,osm
JRPD,Jarapada,20.885087,84.887597,,osm
JRQ,Jharokhas,24.179468,83.16407,,osm
JRR,Jugaur,26.881559,81.088894,,osm
JRS,Joravasan,20.730749,72.966169,,osm
JRT,Jarati,18.890831,82.665457,,osm
JRTB,Jhartarbha railway station,20.749642,83.709637,,osm
JRTR,Jurtara,22.253655,79.762172,,osm
JRV,Juna Rajuvadia,21.816786,73.356616,,osm
JRW,Joramow Railway Station,24.203678,86.705437,,osm
JRZ,Joranda Road,20.622286,85.641834,,osm
JSA,Jasai,25.721433,71.230736,,osm
JSB,Yamuna South Bank,25.902531,80.226932,,osm
JSC,Jalesar City,27.460111,78.305891,,osm
JSD,Jaisindar,25.755896,70.359188,,osm
JSE,Jamsole,21.874916,86.817564,,osm
JSG,Jharsuguda Junction,21.863207,84.018896,,osm
JSGR,Jharsuguda Road,21.846127,84.0115,,osm
JSH,Jaswantgarh,27.667634,74.442902,,osm
JSI,Jasali,24.168239,71.909052,,osm
JSKA,Jataula Jauri Sampka,28.372814,76.799424,,osm
JSL,Jassowal,30.800132,75.832109,,osm
JSM,Jaisalmer,26.915021,70.926746,,osm
JSME,Jasidih Junction,24.515248,86.644157,,osm
JSP,Jayasingpur,16.790733,74.550985,,osm
JSPN,Jaspalon,30.784767,76.080569,,osm
JSPR,Jashapar,21.8421,69.87386,,osm
JSR,Jasra,25.281217,81.776321,,osm
JSRD,Jhankad Sarala Road,20.290684,86.30493,,osm
JSS,Jasia,29.018418,76.654762,,osm
JSV,Jarandeswar,17.75057,74.077104,,osm
JTA,جھتھا بھٹہ,28.681574,70.741961,,osm
JTB,Jagatbela,26.771582,83.279336,,osm
JTDM,Jatdumri Junction,25.472483,85.094779,,osm
JTH,Jhok Tahal Singh,30.800543,74.486618,,osm
JTHR,Jethantri,25.821633,72.483185,,osm
JTI,Jaithari,23.044915,81.796732,,osm
JTIN,Jethian,24.92939,85.314193,,osm
JTK,Jhitkia,25.625339,88.06327,,osm
JTKN,Jaitpur Kalan,26.834942,78.71053,,osm
JTL,Jhapater Dhal,23.353049,87.75055,,osm
JTN,Jotana,23.464414,72.299547,,osm
JTO,Jutogh,31.101442,77.12236,,osm
JTP,Jetpur,21.735693,70.644955,,osm
JTS,Jatusana,28.330101,76.521287,,osm
JTSR,Jyotisar,29.94814,76.771789,,osm
JTT,Jumma Patti,19.001746,73.302625,,osm
JTU,Jaitipur,26.663321,80.689071,,osm
JTV,Jetalvad,21.352991,70.824797,,osm
JTW,Jaitwar,24.740664,80.863688,,osm
JTX,Jatpipli,23.07604,71.702583,,osm
JTY,Jethi,24.296885,72.509688,,osm
JU,Jodhpur,26.283857,73.022695,,osm
JUC,Jalandhar City Junction,31.331223,75.590718,,osm
JUCT,Jodhpur Cantt.,26.312773,73.09303,,osm
JUDW,Jagadhri Workshop,30.135852,77.24233,,osm
JUJA,Jujumura,21.241612,84.134364,,osm
JUL,Jhulasan,23.325718,72.472215,,osm
JUP,Jhunpa,28.765842,75.513767,,osm
JUYA,Jodhpuriya,25.07671,74.824021,,osm
JVL,Jamwala,20.970782,70.772055,,osm
JVN,Joravar Nagar,22.712896,71.64099,,osm
JW,Jhandewalan,28.644319,77.199917,,osm
JWA,جانی والہ ریلوے اسٹیشن,31.048063,72.581568,,osm
JWB,Jawai Bandh,25.114378,73.147478,,osm
JWKA,Jandwala,30.358392,74.029646,,osm
JWL,Jajiwal,26.367722,73.222235,,osm
JWLS,Jawanwala Shahr,32.142141,76.004506,,osm
JWN,Jiwa Arain,30.656503,74.33987,,osm
JWO,Jawad Road,24.558486,74.765204,,osm
JWP,Jwalapur,29.92837,78.120782,,osm
JWS,Jharwasaa,26.195395,74.705214,,osm
JYG,Jaynagar,26.590277,86.135652,,osm
JYM,Jai Samand Road,24.221452,73.868958,,osm
JYP,Jeypore,18.896046,82.553966,,osm
KAA,Kaurara,27.028783,78.664807,,osm
KAD,Khandala,18.754847,73.376709,,osm
KADH,Khairadih Halt,25.036225,84.056022,,osm
KADI,Kadi,23.29248,72.32669,,osm
KADL,Kumradol,24.661948,87.064682,,osm
KADR,Kadiyadra,23.882335,73.057373,,osm
KAGR,Kahangarh,29.83592,75.745686,,osm
KAH,Kalhar,23.976976,78.05752,,osm
KAI,Kairla,25.847454,73.195176,,osm
KAJ,Kaliyaganj,25.639014,88.327628,,osm
KAKI,Kakni,24.542566,86.997482,,osm
KAKN,Kaimarakalan,26.170662,77.203724,,osm
KALI,Kaili,28.790214,77.751397,,osm
KALN,Kalana,29.006715,75.171923,,osm
KAM,کامونکی,31.981811,74.225935,,osm
KAMG,Kamakhyaguri,26.476861,89.729907,,osm
KAMP,Kamalpur,28.163471,77.855425,,osm
KAN,Khana Junction,23.321364,87.769568,,osm
KANG,Karan Nagar,23.281381,72.386515,,osm
KANJ,Kanij,22.865908,72.705585,,osm
KANO,Kanoh,30.991876,77.117454,,osm
KANS,Kansiya Nes,21.253591,70.650027,,osm
KAO,Kalubathan,23.759182,86.661487,,osm
KAP,Kalianpur,26.503252,80.252686,,osm
KAPE,Kakapor,33.953136,74.913534,,osm
KAPG,Kalupara Ghat,19.897135,85.403421,,osm
KAPU,Kiratpur,27.151047,78.982952,,osm
KAR,Karna,27.320137,80.198212,,osm
KARD,Kaman Road,19.336655,72.919084,,osm
KARH,Kakraha Rest House,28.096211,81.3196,,osm
KARO,Khario P.H.,23.826632,86.19156,,osm
KARP,Kharkopar,18.959894,73.014132,,osm
KARR,Kharar,30.726668,76.636216,,osm
KART,Kiratpur Sahib,31.186709,76.562944,,osm
KAS,Kankret,26.571893,77.437628,,osm
KASA,Kansa,23.929984,72.06498,,osm
KASH,Kultham Abdulla Shah,31.203198,75.845398,,osm
KASR,Kanas Road,20.062257,85.743314,,osm
KASU,Kasu,18.641372,73.079308,,osm
KAT,Khatauli,29.27386,77.737461,,osm
KATA,Katili,27.616433,80.60072,,osm
KATB,Khatkura,22.477521,86.93136,,osm
KATI,Kanthi,21.788462,87.733908,,osm
KATR,Katariya,23.28502,70.614333,,osm
KAU,Kachna,25.633828,88.024862,,osm
KAUA,Kathautia,24.171744,85.224819,,osm
KAVI,Kavi,22.192391,72.630456,,osm
KAW,Khajuri,25.560499,77.616928,,osm
KAWL,Kandwal,32.279976,75.777046,,osm
KAWR,Karwar,14.820248,74.182591,,osm
KAWT,Kanwat,27.587056,75.675839,,osm
KAX,کالا گُجراں ریلوے اسٹیشن,32.962932,73.694892,,osm
KAYI,Kaydi Halt,21.795266,80.109293,,osm
KB,Khairabad Awadh,27.522072,80.739702,,osm
KBD,خیرآباد کنڈ,33.900221,72.226282,,osm
KBE,Kurebhar railway station,26.410094,82.112054,,osm
KBGH,Karea Kadambagachhi,22.704641,88.534992,,osm
KBH,Khandbara,21.304776,74.04506,,osm
KBJ,Kantabanji,20.473957,82.907301,,osm
KBK,Khamil Ghat,25.555946,73.865996,,osm
KBKN,Khabra Kalan,29.345118,75.381743,,osm
KBM,Kotabommali,18.488067,84.199584,,osm
KBN,Karbigwan,26.197939,80.506028,,osm
KBP,कुबेरपुर (Kuberpur),27.223021,78.130919,,osm
KBQ,Kumrabad Rohini,24.475023,86.643502,,osm
KBR,Kabrai,25.385252,80.038785,,osm
KBRV,Kanjari Boriyavi Junction,22.615675,72.921833,,osm
KBS,کالا شاہ کاکو,31.719733,74.273519,,osm
KBSH,Krishna Ballabh Sahay Halt,24.258365,86.489807,,osm
KBSN,Kasbe Sukene,20.074345,74.031311,,osm
KBU,Kasu Begu,30.869519,74.665651,,osm
KBW,خدﺁباد,26.641759,67.744167,,osm
KC,کراچی چھاؤنی,24.843779,67.041017,,osm
KCA,Kuchman Railway Station,25.319305,83.215247,,osm
KCE,King's Circle,19.031682,72.857737,,osm
KCF,Kalchini,26.687707,89.448396,,osm
KCHA,Karchiya,22.517956,73.248842,,osm
KCKI,Kechki,23.928698,84.146594,,osm
KCL,کچلی,29.845579,68.0375,,osm
KCN,Karchana,25.313586,81.916015,,osm
KCNR,Kachnara Road,23.855471,75.102678,,osm
KCO,Kachhla Bridge,27.93678,78.859213,,osm
KCR,Khonker,25.312336,77.579937,,osm
KCT,Kirakat,25.647824,82.918587,,osm
KCU,Kachhla Halt,27.953513,78.869889,,osm
KCV,Krishna Chandrapur,21.82485,86.821434,,osm
KCW,کلانچ والا,29.294391,71.444935,,osm
KCWC,Chandni Chowk,22.567012,88.354158,,osm
KCY,Kaichar,23.536817,88.011558,,osm
KCZ,Kairon,31.335989,74.868735,,osm
KD,Kundarkhi,28.680475,78.788454,,osm
KDA,کندیاں جنکشن ریلوے اسٹیشن,32.453202,71.48644,,osm
KDBM,Khed Brahma,24.029744,73.041523,,osm
KDER,Kunder Halt,25.01002,86.223923,,osm
KDF,Khundaur Station,26.048922,82.020398,,osm
KDG,Kedgaon,18.482087,74.376715,,osm
KDH,Khardaha,22.72485,88.37771,,osm
KDHA,Karachha,23.104845,75.910157,,osm
KDHI,Kaladehi,22.882085,79.834934,,osm
KDHL,Kundhela,22.216907,73.294956,,osm
KDHN,Kandhran,28.591567,75.459105,,osm
KDI,Kundali,22.278282,71.68354,,osm
KDJB,Khudaganj Bazar,25.084148,85.22382,,osm
KDJR,Kendujhargarh,21.660464,85.626611,,osm
KDL,Kankroli,25.034171,73.905113,,osm
KDLG,Kundalgarh,24.02814,73.810437,,osm
KDLR,Kandel Road,20.129057,83.277241,,osm
KDMR,Khodiyar Mandir,21.739323,72.004415,,osm
KDPR,Kumedpur Junction,25.428016,87.806707,,osm
KDPS,Kadipur Sani Halt,27.862991,80.779265,,osm
KDQ,Kadipur,25.44844,83.091191,,osm
KDR,Kuda,23.135588,71.391901,,osm
KDRD,Khuldil Road,24.36189,82.856247,,osm
KDRP,Kandarpur,20.397044,86.018162,,osm
KDRT,Khidrat,27.554308,72.59596,,osm
KDS,Kusunda Junction,23.789996,86.396726,,osm
KDSB,Khadur Sahib,31.415819,75.116568,,osm
KDSD,Kudsad,21.374506,72.915257,,osm
KDTN,Kadethan,18.477935,74.422422,,osm
KDTR,Kirodimal Nagar,21.927236,83.332112,,osm
KDV,Khadavli,19.356724,73.219037,,osm
KDVI,Kadavai,17.265293,73.552191,,osm
KDX,Kada Bari Halt,26.480833,88.729189,,osm
KDYA,Kadarpur,23.920927,72.659191,,osm
KDZ,Kandaghat,30.966276,77.107518,,osm
KE,Khardi,19.580216,73.393825,,osm
KEA,Katra,26.844045,82.20438,,osm
KEB,Karambeli,20.316625,72.901237,,osm
KEC,Kesimpa,23.826977,72.628266,,osm
KED,Kenduapada,21.030187,86.38337,,osm
KEE,Kaseetar Halt,24.009992,86.746507,,osm
KEG,Karengi,28.343184,79.051089,,osm
KEH,Kapsethi,25.357622,82.718184,,osm
KEI,Kashi,25.326808,83.031804,,osm
KEJ,Kathleeghat,31.022011,77.103519,,osm
KEMA,Kukma,23.215125,69.771863,,osm
KEMK,Khem Karan,31.139782,74.553459,,osm
KEMR,Kemri,28.811152,79.20125,,osm
KEP,Kelanpur,22.241165,73.269265,,osm
KEPR,Koiripur,26.022168,82.340367,,osm
KEQ,Kachhpura,23.170735,79.898882,,osm
KER,Kirihrapur,26.043753,83.73549,,osm
KES,Kesri,30.265445,76.933838,,osm
KESA,Karunamoyee,22.58638,88.421531,,osm
KESP,Esplanade (Line 2),22.564129,88.350275,,osm
KESR,Kesri Singhpur,29.950924,73.619259,,osm
KEV,Kela Devi,27.016753,77.329733,,osm
KEX,Khekra,28.871399,77.288963,,osm
KFA,Koparia,25.662217,86.598602,,osm
KFD,Karanjadi,17.999235,73.404237,,osm
KFF,Kolde,21.161356,73.867988,,osm
KFH,Katphal,18.233055,74.595819,,osm
KFK,Katka,25.250387,82.633933,,osm
KFN,Kanor,24.458786,74.267651,,osm
KFP,Kukrakhapa,21.808047,78.908772,,osm
KFPR,Kafurpur,28.865685,78.360762,,osm
KFT,Kajri,24.125238,84.066796,,osm
KFU,Kohand,29.495658,76.968594,,osm
KFY,Karapgaon,22.914757,78.98267,,osm
KFZ,كندھ كوٹ,28.251648,69.185495,,osm
KG,Kashmere Gate,28.668673,77.228051,,osm
KGA,Khaga,25.762203,81.101317,,osm
KGB,Kargi Road,22.297565,82.026511,,osm
KGBS,Kishangarh Balawas,28.263268,76.571006,,osm
KGE,Katangi,21.765434,79.809908,,osm
KGF,Kathghar,28.825416,78.795794,,osm
KGG,Khagaria,25.506425,86.466324,,osm
KGKD,Kang Khurd,31.125832,75.212742,,osm
KGLE,Khagraghat Road,24.106597,88.226509,,osm
KGM,Kathgodam,29.266646,79.546635,,osm
KGMR,Kangra Mandir,32.09741,76.2869,,osm
KGN,Kurseong,26.877589,88.277247,,osm
KGP,Kharagpur Junction,22.33994,87.325005,,osm
KGPK,Girish Park,22.587145,88.362942,,osm
KGRA,Kangra,32.085148,76.262666,,osm
KGS,Khongsara,22.551295,81.934705,,osm
KGY,Kulgachia,22.472091,88.0206,,osm
KH,Kahiliya,27.774941,79.960203,,osm
KHA,Khaigaon,22.006214,76.477811,,osm
KHAA,Kharaiadih,24.508329,86.828868,,osm
KHAG,Kharghar,19.025773,73.059185,,osm
KHAI,Khirai,22.374914,87.696926,,osm
KHAR,Khar Road,19.068241,72.840041,,osm
KHBJ,Khanna Banjari,23.896726,80.822543,,osm
KHBV,Kharbhav,19.298321,72.984468,,osm
KHC,Khorana,22.419552,70.839188,,osm
KHCT,کوہاٹ,33.5719,71.451086,,osm
KHCY,Kailash Colony,28.55533,77.241964,,osm
KHDB,Khodiyar Junction,23.155921,72.5483,,osm
KHDH,Karahdih,25.070829,85.433722,,osm
KHDI,Khanderi,22.361597,70.717289,,osm
KHDR,Khandrai,29.179183,76.674726,,osm
KHE,Kankather,28.802667,78.181597,,osm
KHED,Khed,17.71257,73.410664,,osm
KHF,Khantapara,21.39645,86.822941,,osm
KHG,خوشحال گڑھ,33.473225,71.870452,,osm
KHGP,Khargapur,24.846137,79.184529,,osm
KHGR,Kashinagar,21.905006,88.200802,,osm
KHH,Kichha,28.912943,79.519706,,osm
KHHJ,Khatkarkalan Jhandaji,31.16424,76.030283,,osm
KHI,Kurhani,25.979955,85.339469,,osm
KHJ,Khajraha,25.303991,78.478375,,osm
KHJA,Khanja,26.087416,82.720397,,osm
KHKN,Khera Kalan,28.76969,77.115861,,osm
KHLK,خوشحال,34.009441,71.938834,,osm
KHM,Kusmhi,26.700253,83.495086,,osm
KHMA,Khatīma,28.915142,79.969394,,osm
KHN,Khanyan,23.046717,88.315177,,osm
KHNA,Krishna Nagar,28.657813,77.29012,,osm
KHND,Khunvad,22.141082,73.609211,,osm
KHNDA,Khandala,22.356049,74.47262,,osm
KHNM,Kundaharnamganj,25.714166,81.509912,,osm
KHNR,Kachnara,23.839943,75.102441,,osm
KHNTL,Khuntla,26.516396,76.659065,,osm
KHOH,Khoh,25.210089,80.976612,,osm
KHP,خیرپور,27.520487,68.738315,,osm
KHPI,Khopoli,18.788473,73.346071,,osm
KHPL,Khaliapali,20.949141,83.535962,,osm
KHQ,Kharik,25.389125,87.016517,,osm
KHR,Khairee,22.334177,79.851715,,osm
KHRA,Khachera,27.530022,75.648454,,osm
KHRI,Kharkhari,23.768455,86.228132,,osm
KHRJ,Kumbhraj,24.362605,77.078994,,osm
KHRK,Kharak,28.836643,76.307574,,osm
KHRS,Khareshwar Road,23.064268,71.982919,,osm
KHRY,Khairahi,24.801971,82.986136,,osm
KHS,Kharsia,21.992049,83.104085,,osm
KHTG,Khatgaon,21.252732,73.984208,,osm
KHTN,Khutauna,26.494497,86.3973,,osm
KHTX,Khed Temple,25.860612,72.170939,,osm
KHU,Khurhand,25.365358,80.478806,,osm
KHUK,کھوڈیاں خاص,30.99402,74.276948,,osm
KHV,Karainthi,29.014175,76.482545,,osm
KHW,Kheroda,24.570998,74.069426,,osm
KHXB,Khakhrechi,23.053377,70.916694,,osm
KHZ,کھاتر,25.242694,68.444647,,osm
KIA,Khari Amrapur,23.390925,72.912811,,osm
KID,Khairar Junction,25.451919,80.236308,,osm
KIE,Khiria Khurd,27.984459,79.886225,,osm
KIG,Kolaghat,22.433776,87.881805,,osm
KIJ,Kuldiha,22.190231,86.18912,,osm
KIKA,Kurwai Kethora,24.118309,78.115678,,osm
KIKJ,Kalindi Kunj,28.542916,77.310111,,osm
KILE,Kandivali,19.204114,72.851738,,osm
KIM,Kim,21.399696,72.92659,,osm
KIN,Kapasan,24.861436,74.311005,,osm
KIP,Khalilpur,28.275323,76.678358,,osm
KIQ,Khai Phemeki,30.903229,74.552095,,osm
KIR,Katihar Junction,25.547973,87.565232,,osm
KIRP,Khidirpur,22.537618,88.315821,,osm
KIS,Kapilas Road Junction,20.557299,85.993066,,osm
KIT,Khallikot,19.611017,85.127762,,osm
KITA,Kita,23.364196,85.760843,,osm
KITN,Kheri Town,27.902503,80.788688,,osm
KIU,Kinana,29.227898,76.335507,,osm
KIUL,Kiul Junction,25.171587,86.105667,,osm
KIV,Kailsa,28.880578,78.560836,,osm
KIW,Kanwalpura,24.780732,75.983071,,osm
KIY,Kalayat,29.678942,76.228168,,osm
KIZ,Kansudhi,22.788952,73.647328,,osm
KJA,Khajurhat Railway Station,26.52729,82.126863,,osm
KJH,Kajra,25.182345,86.262255,,osm
KJI,Khajauli,26.484069,86.161769,,osm
KJLU,Khari Jhalu,29.333515,78.214864,,osm
KJMD,Kalkaji Mandir,28.550352,77.256944,,osm
KJME,Kajoragram,23.616403,87.185636,,osm
KJMR,کوٹ عباس شہید ریلوے اسٹیشن,30.261879,71.771405,,osm
KJN,Kannauj,27.028129,79.924907,,osm
KJO,کوٹلہ جام,31.702605,71.095675,,osm
KJP,Khojeepura,25.921385,76.85822,,osm
KJPK,Jatin Das Park,22.524154,88.346473,,osm
KJRA,Karjana,23.330259,87.88921,,osm
KJRD,Kanjur Marg,19.128653,72.928039,,osm
KJRM,Karjanagram,23.344633,87.892274,,osm
KJRO,Jessore Road,22.639265,88.42977,,osm
KJT,Karjat,18.909965,73.320963,,osm
KJU,Kuntighat,23.017102,88.413587,,osm
KJV,Khijadiya Junction,21.740905,71.276287,,osm
KJW,Khajwana,26.923343,73.861194,,osm
KJY,Khurja City,28.253463,77.842271,,osm
KJZ,Karonji,23.27802,82.933919,,osm
KKA,Kanki,26.002203,87.865087,,osm
KKAH,Kankaha,26.61913,81.008,,osm
KKAS,Katkamsandi,24.122377,85.198358,,osm
KKB,Karakbel,22.992008,79.341312,,osm
KKBR,Kakwara Halt,24.841158,86.872359,,osm
KKD,Kalakund,22.477677,75.859834,,osm
KKDA,Karkarduma (Blue Line),28.648318,77.305518,,osm
KKDC,Karkarduma Court,28.6536,77.295788,,osm
KKDE,Kurukshetra Junction,29.969859,76.851711,,osm
KKE,کالیکی ریلوے اسٹیشن,31.974577,73.599351,,osm
KKGM,Kakiriguma,18.922425,83.006766,,osm
KKHT,Kakarghatti,26.183467,85.94858,,osm
KKI,Karkeli,23.460707,80.921087,,osm
KKJ,Kakori,26.883972,80.800198,,osm
KKK,Khakhriya,21.67729,70.878822,,osm
KKL,Kala Bakra,31.476008,75.63038,,osm
KKN,Khirkiya,22.165909,76.859044,,osm
KKNA,Khunkhuna,27.277987,74.49272,,osm
KKNH,Karukhirharnagar Halt,25.88836,86.609587,,osm
KKP,Kot Kapura Junction,30.579851,74.817402,,osm
KKPR,Kokpara,22.474795,86.634545,,osm
KKQ,Kalaikunda,22.32963,87.244878,,osm
KKR,Khakhrala Road,22.87632,70.749907,,osm
KKRD,Kikakui Road,21.129503,73.492646,,osm
KKRH,Karahia Halt,25.471499,83.771505,,osm
KKRL,Kakrala,30.368513,76.092729,,osm
KKRV,Kukarvada,23.553307,72.620023,,osm
KKS,Kurasti Kalan,25.958853,80.749338,,osm
KKST,کٹا کشتہ,34.049431,71.250963,,osm
KKT,Kath Kuiyan,26.856975,84.04834,,osm
KKTA,Kollikhutaha,25.191183,86.988182,,osm
KKU,Kanakpura,26.9292,75.703282,,osm
KKV,Kunkavav,21.653081,70.974459,,osm
KKVS,Kavi Subhash (Blue Line),22.47217,88.397961,,osm
KKW,Kankavali,16.259427,73.719948,,osm
KL,Kherli,27.200304,77.037136,,osm
KLA,Kulwa,27.980186,78.009894,,osm
KLAR,Kulpahar,25.294812,79.636388,,osm
KLB,Kiraoli,27.133993,77.785907,,osm
KLBN,Kalambani Budruk,17.766092,73.42069,,osm
KLD,Khalilabad,26.775121,83.05424,,osm
KLDA,Kalediya,22.069095,73.711543,,osm
KLE,Kaithal,29.793098,76.398031,,osm
KLG,Kalunga,22.222067,84.733976,,osm
KLGHR,Kalaghar,20.382094,86.510097,,osm
KLGR,Kolaigram,26.55165,89.049887,,osm
KLH,Khemli,24.692893,73.846079,,osm
KLI,Kauli,30.415366,76.517943,,osm
KLJ,Kamalganj,27.258687,79.630341,,osm
KLJI,Kalijai,19.647849,85.151905,,osm
KLK,Kalka,30.839229,76.931565,,osm
KLKR,Kalikapur,22.412052,88.476031,,osm
KLL,Kalol Junction,23.243668,72.503355,,osm
KLMC,Kalamboli,19.034471,73.114967,,osm
KLMJ,Kalhemajra,30.335935,76.211613,,osm
KLNA,Kothana Halt,24.81112,85.194297,,osm
KLNK,Kalanaur Kalan,28.833659,76.386479,,osm
KLNP,Kalinarayanpur Junction,23.208055,88.573187,,osm
KLNT,Kalinagar,23.365889,88.335908,,osm
KLO,کلورکوٹ‎,32.152501,71.265021,,osm
KLP,Kotalpukur,24.740375,87.823848,,osm
KLPG,Kamalpurgram,23.171058,83.07091,,osm
KLR,کول پور,29.901524,67.134901,,osm
KLRD,Kali Road,23.09809,72.578089,,osm
KLRE,Khalari,23.65046,85.002925,,osm
KLRS,Kolaras,25.22562,77.591047,,osm
KLSP,Kushalpura,28.480625,75.768446,,osm
KLSX,Kaulseri,30.36936,75.939137,,osm
KLTR,Kalmitar,22.234789,82.057705,,osm
KLV,Kelve Road,19.624053,72.791175,,osm
KLVA,Kalva,19.195224,72.996333,,osm
KLW,Kulpi,22.076521,88.25576,,osm
KLWD,Kalitalavadi,22.357134,72.644131,,osm
KLWL,Kilanwali Punjab,30.137289,74.115271,,osm
KLWN,Kalwan,29.699603,75.965699,,osm
KLY,Kelavli,18.844545,73.318912,,osm
KLYG,Kalyani Ghoshpara,22.981926,88.43942,,osm
KLYM,Kalyani Simanta,22.987689,88.42796,,osm
KLYN,Khileriyan,28.256738,74.522528,,osm
KLYS,Kalyani Shilpanchal,22.976325,88.45641,,osm
KLYT,Kolayat,27.836218,72.955437,,osm
KLZ,Keolari,22.375137,79.909174,,osm
KM,Khan Market,28.602245,77.229128,,osm
KMA,Kaima,24.611054,80.845465,,osm
KMAE,Khamargachhi,23.054111,88.443944,,osm
KMAH,Kamathe,17.477854,73.515925,,osm
KMB,Kala Amba,20.802778,73.455773,,osm
KMBL,Khambhaliya,22.217609,69.657894,,osm
KMDC,Kurmadanga Halt,23.745062,87.948564,,osm
KMDR,Karimuddin Pur,25.700835,83.862482,,osm
KMGE,Kumahu,25.02087,83.849188,,osm
KMGH,Kamarganj,25.237215,86.687348,,osm
KMHR,Mahatma Gandhi Road,22.580921,88.361327,,osm
KMHT,Karmahat,23.713041,85.541714,,osm
KMJ,Kaimganj,27.540927,79.327265,,osm
KML,Kamtaul Station,26.327708,85.815736,,osm
KMLI,Kamli,23.862641,72.376005,,osm
KMME,Kumardubi,23.74755,86.79435,,osm
KMNA,Khemana,24.175987,71.974912,,osm
KMNC,Kuchaman City,27.053437,74.851346,,osm
KMND,Kumandih,23.764323,84.365243,,osm
KMNN,Khamanon,30.807926,76.324799,,osm
KMNP,Kishan Manpura,27.300876,75.506682,,osm
KMP,Kamlapur,27.381495,80.822375,,osm
KMPD,Karampada,22.062286,85.224091,,osm
KMPH,Kamalpur Halt,25.516573,87.837002,,osm
KMPR,Komarpur,23.734366,87.997046,,osm
KMRA,Kamnara,23.292556,87.87813,,osm
KMRJ,Kumarganj,25.218345,88.065838,,osm
KMRL,Kumrul,23.180453,87.603921,,osm
KMS,Karamnasi,25.240234,83.4309,,osm
KMSN,Masterda Surya Sen,22.47344,88.360898,,osm
KMST,Kamshet,18.766937,73.552432,,osm
KMTI,Kumarhatti,30.889192,77.056174,,osm
KMTN,مٹھن کوٹ,28.972348,70.354705,,osm
KMX,Komatipalli,18.381104,83.341397,,osm
KMZ,Katni Murwara,23.831369,80.391647,,osm
KMZA,Kankra Mirzanagar,22.658371,88.72183,,osm
KN,Kanhaiya Nagar,28.682408,77.164775,,osm
KNAD,Kanad,21.649421,71.92662,,osm
KNAR,Khanpur Ahir,27.909233,76.591442,,osm
KNBN,Netaji Bhavan,22.533182,88.345927,,osm
KNC,Kanchanpur Road,24.040791,81.642596,,osm
KND,Kandra Jn,22.852884,86.048033,,osm
KNDI,Kandrori,32.184633,75.669442,,osm
KNDL,Khandel,26.95266,75.279575,,osm
KNDP,Khandip,26.640892,76.911997,,osm
KNDR,Kandari,22.06135,73.159193,,osm
KNDS,Khandeshwar,19.00735,73.095283,,osm
KNDX,Khandi,25.954561,73.057867,,osm
KNE,Kishanganj,26.098334,87.950442,,osm
KNF,Khanudih,23.797402,86.202544,,osm
KNG,Kathunangal,31.728871,75.015773,,osm
KNGN,Kanhegaon,19.816812,74.571537,,osm
KNGR,Kashinagar,18.857001,83.876279,,osm
KNGT,Karnawas New Grain Market,28.133867,76.590333,,osm
KNH,Konch,25.995318,79.157725,,osm
KNHE,Kanhe,18.762097,73.594046,,osm
KNHP,Kanhaipur Halt,25.454535,85.841152,,osm
KNHR,Kirnahar,23.764003,87.88054,,osm
KNJ,Krishnanagar City Junction,23.388667,88.493535,,osm
KNJI,Karanjali,22.034817,88.245697,,osm
KNKT,Kanakot,22.488256,70.876938,,osm
KNL,Kalanwali,29.834397,74.980266,,osm
KNLI,Kangali Halt,27.010008,84.723759,,osm
KNLS,Kanalus Junction,22.319517,69.896293,,osm
KNM,Kanimahuli,22.48272,86.78024,,osm
KNN,Khanna,30.708775,76.223487,,osm
KNNA,Khinaniyan,29.346067,74.717605,,osm
KNNK,Kanina Khas,28.32143,76.301923,,osm
KNOT,خاڻوٺ,25.748943,68.294226,,osm
KNP,Khanapur,15.637775,74.499703,,osm
KNPR,Kendrapara Road,20.498512,85.917811,,osm
KNPRA,Kendrapara,20.496219,86.412002,,osm
KNPS,Kendposi,22.27974,85.72693,,osm
KNR,Kankinara,22.866753,88.405593,,osm
KNRA,Kachnaria,23.877056,76.869636,,osm
KNRI,Kunuri,23.916314,87.611042,,osm
KNRN,Kanaroan,22.60264,84.877768,,osm
KNRT,Kuneru,18.96739,83.440112,,osm
KNS,Kanchausi,26.59782,79.634769,,osm
KNSN,Karnasubarna,24.026959,88.178045,,osm
KNSR,Kanasar,28.139444,73.327922,,osm
KNT,Kanth,29.059364,78.621503,,osm
KNTJ,Netaji,22.480993,88.346,,osm
KNU,Kanjh,23.304982,72.154792,,osm
KNW,Khandwa Junction,21.824516,76.353362,,osm
KNWS,Karanwas,23.809502,76.814144,,osm
KNZ,Kalanour,30.082838,77.339838,,osm
KOA,Karonda,24.330217,78.265119,,osm
KOAA,Kolkata,22.601277,88.384147,,osm
KOBL,Kechobahal,21.9205,83.872212,,osm
KOD,Kharaghoda,23.170191,71.719176,,osm
KODR,Kodinar,20.79717,70.695721,,osm
KOF,Marwar Kori,24.911982,72.273717,,osm
KOG,Konnagar,22.70126,88.342511,,osm
KOI,Khodri,22.665537,81.935204,,osm
KOL,Kolad,18.392023,73.223425,,osm
KOLE,Kole,23.685732,85.124962,,osm
KOLI,Kesholi,24.729028,76.789136,,osm
KONA,Kona,22.618466,88.296875,,osm
KONY,Kisoni,23.304167,76.376956,,osm
KOO,Khusropur,25.485406,85.387545,,osm
KOP,Shri Chatrapati Shahu Maharaj Terminus,16.702736,74.23768,,osm
KOPR,Kopar,19.212423,73.078865,,osm
KOR,کروڑ,31.218813,70.963624,,osm
KORI,Khori,28.188514,76.502183,,osm
KORL,Kural,22.130251,72.931797,,osm
KOS,خوست,30.223647,67.578366,,osm
KOSR,کوہسار,29.699679,67.509224,,osm
KOT,کوٹری,25.366818,68.298259,,osm
KOTA,Kota Junction,25.223983,75.880853,,osm
KOTHRUD,Kothrud,18.503889,73.807673,,osm
KOTI,Koti,30.852123,76.99405,,osm
KOV,Kirloskarvadi,17.083229,74.417237,,osm
KOVD,Kolvada,23.271211,72.612172,,osm
KOW,کالووال ریلوے اسٹیشن,33.023995,73.658796,,osm
KOX,Kachujor,23.841759,87.463977,,osm
KOY,Kherol,23.306113,72.932897,,osm
KP,Keshav Puram,28.688926,77.161683,,osm
KPA,Kanchrapara,22.946239,88.451378,,osm
KPAA,کوٹ پیر عبد العزیز ہالٹ,30.30306,73.136926,,osm
KPAW,Kanchrapara Workshop Gate,22.934712,88.444811,,osm
KPB,Kharpokhra,27.142527,84.152866,,osm
KPC,کلپانی,34.242054,71.985595,,osm
KPCM,Kuwarchintawa,26.515977,84.944872,,osm
KPE,Kauwapur,27.514195,82.296706,,osm
KPEN,Krishna Park Extension,28.647792,77.084343,,osm
KPG,Kopargaon Railway Station,19.903466,74.503587,,osm
KPGM,Karpurigram,25.869745,85.724954,,osm
KPHN,Koparkhairne,19.103245,73.011311,,osm
KPI,Kalpi,26.120063,79.75609,,osm
KPJ,Kopaganj,26.024275,83.572315,,osm
KPJG,Kerejanga,20.855163,84.976405,,osm
KPK,Kalipahari,23.66485,87.016255,,osm
KPKI,Qasimpur Kheri,29.182785,77.285987,,osm
KPL,Kantakpalle,17.954975,83.207969,,osm
KPLD,Kapali Road,21.045497,86.420148,,osm
KPLE,Kopai,23.752694,87.689794,,osm
KPLR,Koparlahar,32.051996,76.250615,,osm
KPNA,Kapan,22.026117,82.49434,,osm
KPO,Karanpura,27.123128,76.7786,,osm
KPP,Kalapipal,23.33306,76.835012,,osm
KPR,خان پور,28.640131,70.649411,,osm
KPRD,Kalyanpur Road,25.25411,86.610029,,osm
KPS,Kopa Samhota,25.852243,84.652458,,osm
KPSK,Park Street,22.555159,88.350117,,osm
KPTN,Keshorai Patan,25.323453,75.937378,,osm
KPTO,Karanpurato,25.142555,87.73399,,osm
KPV,Kashipur Junction,29.204663,78.960857,,osm
KPXR,Kaipadar Road,20.104605,85.639457,,osm
KPZ,Kapren,25.444117,76.085766,,osm
KQE,Kala-Akhar,22.39508,77.818307,,osm
KQF,Khadeen,25.728931,71.12796,,osm
KQL,Kandhla,29.32393,77.292533,,osm
KQM,کھومان,25.95673,68.187696,,osm
KQO,کوٹ لالو,26.683221,68.292932,,osm
KQP,کہروڑپکا,29.628447,71.898919,,osm
KQR,Koderma Junction,24.435188,85.527945,,osm
KQRT,Koderma Town,24.46581,85.609908,,osm
KQS,Kailaras,26.303758,77.618975,,osm
KQSA,خانقاہ سراجیہ,32.411858,71.45478,,osm
KQU,Kamarkundu,22.821677,88.20473,,osm
KQW,Kheduli,26.758877,74.014298,,osm
KR,Kevedi,21.491158,73.456159,,osm
KRAI,Kaher,21.136441,73.294151,,osm
KRAR,Khariar Road,20.901324,82.510975,,osm
KRBA,Korba,22.337575,82.713103,,osm
KRBP,Khudiram Bose Pusa,25.906724,85.672206,,osm
KRBU,Kiriburu,22.075188,85.25227,,osm
KRC,Kiroda,27.006947,74.311791,,osm
KRCD,Kharwa Chanda,24.417088,73.811671,,osm
KRD,Karad,17.309634,74.216865,,osm
KRDN,Karaundhana,27.040789,78.024612,,osm
KRE,Kartarpur,31.432925,75.491839,,osm
KRG,Koregaon,17.691995,74.149068,,osm
KRGA,Kuranga,22.060531,69.170045,,osm
KRH,Khairthal,27.797829,76.64175,,osm
KRHA,Korahia,26.529398,86.154405,,osm
KRIH,Korai,20.95974,86.176728,,osm
KRJ,Khurja Juction,28.20737,77.818512,,osm
KRJD,Karjoda,24.221568,72.457136,,osm
KRJR,Karjara,24.808949,85.153225,,osm
KRKM,Khara Kameri,25.350018,73.943984,,osm
KRKN,Karkend,23.766199,86.369638,,osm
KRKR,Kurkura,22.790873,84.927176,,osm
KRL,Kotarlia,21.88367,83.48302,,osm
KRLI,Kurali,30.834898,76.572102,,osm
KRLR,Karaila Road Junction,24.270222,82.725201,,osm
KRLS,Kurlasi,24.355558,75.728114,,osm
KRMA,Karamtola,25.255166,87.553237,,osm
KRMD,Kuarmunda,22.304701,84.779794,,osm
KRMI,Karmali,15.490454,73.924552,,osm
KRMP,Kumaripur,25.437808,87.606678,,osm
KRMY,Karmaliyapura,22.228155,73.437559,,osm
KRN,کھاریاں ریلوے اسٹیشن,32.815698,73.856059,,osm
KRNC,کھاریاں چھاؤنی ریلوے اسٹیشن,32.773488,73.889978,,osm
KRND,Khorason Road,26.088954,82.865985,,osm
KRNN,Karnauti Halt,25.438759,85.542633,,osm
KRO,Kurawan,22.205336,76.904619,,osm
KRON,Karona,25.262766,85.005774,,osm
KRP,Krishnapur,24.406527,88.256491,,osm
KRPA,Khariapipra Halt,25.236747,86.644922,,osm
KRPN,Kharepatan Road,16.568979,73.66075,,osm
KRPU,Koraput Junction,18.792043,82.718925,,osm
KRQ,Karari,25.530774,78.508887,,osm
KRRA,Karra,23.121644,85.132764,,osm
KRRI,Khairranji,22.420673,80.046284,,osm
KRS,Karisath,25.549471,84.563284,,osm
KRSA,Kharsaliya,22.705022,73.554299,,osm
KRSD,Rabindra Sadan,22.54149,88.347349,,osm
KRSL,Krishnashilla,24.158565,82.767033,,osm
KRSW,Kohar Singh Wala,30.760147,74.445633,,osm
KRT,Khurahat,25.985259,83.455354,,osm
KRTA,Karkatta,24.298603,83.838063,,osm
KRTH,Kiratgarh,22.538132,77.772975,,osm
KRTL,Kartauli,28.17127,79.248615,,osm
KRTN,Kirti Nagar,28.647577,77.145644,,osm
KRTP,Kartoli Punjab,31.853931,75.950289,,osm
KRTR,Karota Patri Halt,25.152647,86.037383,,osm
KRU,Kheralu,23.88217,72.628316,,osm
KRUH,Kharaundh,24.643123,85.442509,,osm
KRW,Kharwa,26.204231,74.426082,,osm
KRXM,Krishna Mohan,22.32954,88.450589,,osm
KRYA,Kurraiya,28.399889,80.259963,,osm
KRYR,Karamsad,22.532968,72.916874,,osm
KRZ,Kharawar,28.831343,76.681063,,osm
KS,Kheta Sarai,25.966016,82.689159,,osm
KSA,Khasa,31.612403,74.72851,,osm
KSAI,Kosadi,21.462117,73.101038,,osm
KSB,Kosamba Junction,21.464798,72.954941,,osm
KSBI,Kashia Bari,26.383224,88.77159,,osm
KSBP,Keshabpur,22.220776,87.950054,,osm
KSC,Kashi Chak,25.071317,85.720241,,osm
KSD,Keshod,21.298127,70.251502,,osm
KSDE,Karsindhu,29.391291,76.731292,,osm
KSE,Kosad,21.261196,72.867483,,osm
KSF,Khalispur,25.526725,82.830876,,osm
KSG,Kishangarh,26.575597,74.824877,,osm
KSH,Kali Sindh,23.344498,76.429377,,osm
KSHI,Kaushambi,28.645286,77.324343,,osm
KSHR,Keshwari,24.207646,85.849797,,osm
KSHT,Khetia,23.313686,87.88507,,osm
KSI,Kosli,28.411485,76.465484,,osm
KSJ,Kasganj Junction,27.801985,78.646127,,osm
KSK,Kasimkota,17.673602,82.964465,,osm
KSLA,Kesla,22.536385,77.823854,,osm
KSMB,Kusumha Bihar,25.101566,85.775388,,osm
KSNA,Kansar Nawadah,24.026031,85.29008,,osm
KSNG,Kesinga,20.190639,83.222774,,osm
KSNR,Khushal Nagar,26.987897,83.698703,,osm
KSO,Khemasuli,22.338431,87.185129,,osm
KSP,Kishanpur,25.925249,85.84057,,osm
KSPR,Kashipura Sarar,22.116159,73.144658,,osm
KSR,Kasturi,27.14076,81.751901,,osm
KSRA,Kasara,19.648232,73.473589,,osm
KSRYA,Kesariya,26.349152,84.859702,,osm
KSS,Kusheshwar Asthan,25.812726,86.302347,,osm
KSTA,Kastha,24.802314,84.920969,,osm
KSTH,Kashti,18.524297,74.59878,,osm
KSU,Kustaur,23.403172,86.454035,,osm
KSUA,Kashipura,23.124185,73.175661,,osm
KSV,Kosi Kalan,27.78804,77.445807,,osm
KSW,Kheri Salwa,26.428227,73.389995,,osm
KSWD,Kasarwadi,18.608093,73.820868,,osm
KSX,Kotshila Junction,23.411277,86.07953,,osm
KSY,Kusiargaon,26.052714,87.482453,,osm
KT,Kumta,14.43724,74.421244,,osm
KTA,Kushtala,25.961084,76.326959,,osm
KTAL,Kathlal,22.896863,72.986184,,osm
KTAN,کھاٹن,29.671343,73.174692,,osm
KTCE,Katoghan,25.730783,81.162412,,osm
KTD,Kantadih railway station,23.218684,86.296886,,osm
KTDA,Katuda,22.804634,71.601325,,osm
KTDD,Kataiya Dandi,25.149218,81.398174,,osm
KTE,Katni Junction,23.834763,80.400698,,osm
KTES,Katni South,23.816597,80.400932,,osm
KTF,Kotfateh,30.123176,75.08265,,osm
KTGA,Keutguda Junction,19.304129,83.368399,,osm
KTGD,Koth Gangad,22.627113,72.300668,,osm
KTGN,Kotla Gujran,31.811208,74.943353,,osm
KTH,Katrasgarh,23.79617,86.30179,,osm
KTHA,Khutaha,24.807485,80.860915,,osm
KTHD,Kothari Road,22.129529,82.695883,,osm
KTHE,Katahri,26.494887,82.447642,,osm
KTHL,Kathola,27.143721,81.871389,,osm
KTHU,Kathua,32.398112,75.550694,,osm
KTI,Kanti,26.199895,85.285795,,osm
KTIA,Kothia,25.356666,75.698176,,osm
KTJ,Khaltipur,24.875073,88.021297,,osm
KTJI,Kathajori,20.450406,85.896288,,osm
KTKD,Katangi Khurd,23.776352,80.484885,,osm
KTKH,Kotlakheri,22.074719,76.174435,,osm
KTKL,Kotli Kalan,30.040804,75.29746,,osm
KTKP,Thakurpukur,22.464368,88.307532,,osm
KTKS,Kantakosh,25.334009,87.674416,,osm
KTLA,Katkola,21.851906,69.883716,,osm
KTLN,Khatlabana,30.008545,73.848759,,osm
KTLP,Katalpur Halt,26.229746,84.773014,,osm
KTMA,Kotma,23.202693,81.979107,,osm
KTNA,Kathana,22.299443,72.807412,,osm
KTNR,Kirtyanand Nagar,25.821014,87.396574,,osm
KTO,Katora,23.307774,82.680552,,osm
KTOA,Kotana,23.917097,73.726686,,osm
KTOR,Katoriya,24.740725,86.729214,,osm
KTPK,Kotha Pakki,30.145553,73.948136,,osm
KTQ,Kudra,25.049177,83.792502,,osm
KTR,Kothar,24.980122,73.123851,,osm
KTRA,Kotra,25.811227,78.381072,,osm
KTRD,Katosan Road Junction,23.406103,72.243664,,osm
KTRH,Katareah,25.400106,87.196307,,osm
KTRI,Katari,24.999603,85.268788,,osm
KTRK,Kutrukhamar PH,19.903896,83.058526,,osm
KTRR,Kathara Road,26.309905,80.228577,,osm
KTRT,Taratala,22.507686,88.320384,,osm
KTS,کوٹ سلطان,30.764482,70.93528,,osm
KTSB,کوٹ سمابہ,28.536957,70.480678,,osm
KTSH,Kotmi Sonar,22.024619,82.36312,,osm
KTT,Khutbav,18.486004,74.315655,,osm
KTV,Kottavalasa Junction,17.890954,83.186361,,osm
KTW,Kotdwara,29.744628,78.522035,,osm
KTWS,Kathuwas,28.133338,76.344103,,osm
KTZ,Khutwansa,22.548322,77.607797,,osm
KUA,Kulharia,25.568207,84.758203,,osm
KUB,Kasba,25.860245,87.529841,,osm
KUCE,Kuchai,22.010882,86.697273,,osm
KUDL,Kudal,16.017235,73.678052,,osm
KUDN,Kudni,29.744739,75.851263,,osm
KUE,Kursela,25.438806,87.252116,,osm
KUH,Khachrod,23.442547,75.286378,,osm
KUHM,Kusmahi,23.783224,84.7832,,osm
KUJU,Kuju,23.725451,85.502205,,osm
KUK,Korukonda,18.053685,83.320281,,osm
KUKA,Khui Khera,30.30519,74.078328,,osm
KUMB,Kumarbagh,26.874295,84.512071,,osm
KUMT,Kurmahat,24.531437,87.11534,,osm
KUN,Karnal,29.695115,76.969829,,osm
KUND,Kund,28.144196,76.393252,,osm
KUP,Kup,30.600154,75.852249,,osm
KUPR,Khurdpur,31.42569,75.723687,,osm
KUQ,Kuretha,25.495247,87.643913,,osm
KUR,Khurda Road Junction,20.153114,85.707633,,osm
KURJ,Khajuraho,24.79639,79.889288,,osm
KURN,Khukrana,29.399956,76.906863,,osm
KURT,Khurda Town,20.158121,85.593301,,osm
KURV,Kurwa,24.24768,87.287789,,osm
KUS,قصور جنکشن,31.117886,74.442669,,osm
KUT,Kanauta,26.842278,75.955417,,osm
KUTA,कुर्था,26.749184,85.892892,,osm
KUTL,Kuwanthal,25.408603,73.923112,,osm
KUU,Kuhuri B.H.,19.85999,85.352654,,osm
KUW,Kanwar,25.703652,81.214644,,osm
KUX,Khirsadoh,22.17647,78.773432,,osm
KUZ,قُطب پُور,29.902056,71.758842,,osm
KV,Kayavarohan,22.077897,73.249676,,osm
KVA,Kavas,25.870729,71.548123,,osm
KVB,کابل دریا,34.018423,71.992722,,osm
KVC,Kaparpura,26.16392,85.326024,,osm
KVD,Khurmabad,24.977438,83.946076,,osm
KVG,Kundanganj,26.39611,81.136866,,osm
KVGM,Kolvagram,26.98987,76.469124,,osm
KVH,Khambel,23.608273,72.042093,,osm
KVJ,Keshavganj,24.856592,73.071976,,osm
KVLS,Karakavalsa,18.292058,82.992306,,osm
KVNJ,Kapadvanj,23.019588,73.07894,,osm
KVO,Kevdi Road,20.808161,73.41185,,osm
KVQ,Kosiara,24.47721,83.904664,,osm
KVX,Kusumbhi,26.639279,80.654006,,osm
KW,Kherwadi,20.046855,73.973918,,osm
KWAE,Katwa Junction,23.640004,88.123757,,osm
KWAR,Kawar,24.247869,86.181839,,osm
KWB,Kaniwara,22.218261,79.732914,,osm
KWC,Kundwa Chainpur,26.771019,85.185344,,osm
KWD,Karwandia,24.950416,84.091977,,osm
KWDP,Kakdwip,21.881292,88.193995,,osm
KWE,Khurial,25.490641,87.826798,,osm
KWH,Kachhwa Road,25.250917,82.707122,,osm
KWI,Kivarli,24.539719,72.842184,,osm
KWJ,Khojewala,31.359467,75.469165,,osm
KWL,خانیوال جنکشن ریلوے اسٹیشن,30.309744,71.929796,,osm
KWMD,Kumbhawas Mundhalia Dabri,28.249381,76.655251,,osm
KWO,Karauta,25.473823,85.444826,,osm
KWP,Khatipura,26.836121,75.891071,,osm
KWR,Koelwar,25.569373,84.792755,,osm
KWS,قلعہ دیوا سنگھ,30.512034,73.757342,,osm
KWT,Khanalampura West,29.945912,77.561297,,osm
KWW,Kuswa,27.473899,78.404187,,osm
KWX,کلیام آوان ریلوے اسٹیشن,33.43277,73.223062,,osm
KXA,Kuanriya,25.110237,74.009906,,osm
KXB,Kanjiya,24.351652,78.164569,,osm
KXC,Kagmala,24.844238,72.270209,,osm
KXE,Kalian Chak,25.03906,87.739077,,osm
KXF,Kampil Road,27.568965,79.259476,,osm
KXG,Kharia Khangarh,26.612801,73.68969,,osm
KXH,Kapurthala,31.366586,75.38225,,osm
KXK,Kharkhauda,28.841671,77.736114,,osm
KXM,Kitham,27.254392,77.81777,,osm
KXN,Kansbahal,22.212284,84.667581,,osm
KXZ,Kesariya Road,22.911034,71.81747,,osm
KY,Kareli,22.932253,79.066684,,osm
KYA,Kauriya Halt,25.550732,84.521742,,osm
KYBR,Khairatiya Bandh Road,28.344747,81.039337,,osm
KYC,کراچی شہر,24.848569,67.006238,,osm
KYE,Khurai,24.052194,78.330967,,osm
KYF,Kajrat Nawadih,24.590262,84.049946,,osm
KYG,Kidiyanagar,23.470365,70.757264,,osm
KYH,Khairah,25.861449,84.760667,,osm
KYI,Kalyani Main,22.969159,88.467418,,osm
KYN,Kalyan Junction,19.235822,73.13081,,osm
KYNT,Kalyankot,29.274765,73.600675,,osm
KYP,Kalyanpur,22.343456,88.414597,,osm
KYSB,Kaiyal Sedhavi,23.417622,72.431398,,osm
KYT,Kailahat,25.155631,82.948137,,osm
KYW,Karchhue,26.231238,84.203731,,osm
KYX,Karhiya Bhadoli,23.858337,79.504977,,osm
KYY,Kariha,31.149445,76.060436,,osm
KZA,Khadda,27.182804,83.867952,,osm
KZH,Kila Zafargarh,29.081002,76.428547,,osm
KZI,Kandrawali,29.382049,77.293439,,osm
KZL,کشمور,28.438616,69.583456,,osm
KZN,کنگنپور,30.758448,74.12198,,osm
KZPE,Kazipara Halt,23.906344,88.188161,,osm
KZPR,Kazipara,22.72265,88.508366,,osm
KZQ,Khimel,25.297488,73.277811,,osm
KZS,Kuakhera,28.528137,78.763412,,osm
KZU,Kunki,22.875765,86.067251,,osm
KZW,Kattar Singh Wala,30.158735,74.999864,,osm
KZX,Khuda Kurala,31.743864,75.648843,,osm
LAA,Lakhpat,23.591782,71.021125,,osm
LAC,Lachipura,26.325564,74.64884,,osm
LAD,Lohardaga,23.446741,84.706787,,osm
LAH,لیہ,30.968101,70.943384,,osm
LAK,Lakho Railway St.,25.41674,86.205606,,osm
LAL,Lushala,21.392077,70.326458,,osm
LAN,Lotana,22.512466,73.346583,,osm
LAP,Lohapur,24.302334,87.963408,,osm
LAR,Lalitpur Junction,24.687873,78.395726,,osm
LAT,Lathi,21.73936,71.386782,,osm
LATH,Lath,29.063308,76.789011,,osm
LAU,Ladnun,27.643388,74.40539,,osm
LAV,Labha,25.439813,87.744595,,osm
LBA,Lambhua,26.13415,82.223482,,osm
LBD,Limbodra,23.374756,72.678597,,osm
LBN,Laban,25.573307,76.208278,,osm
LBP,Labpur,23.812563,87.8057,,osm
LBT,Lalgarh Bihar Halt Railway Station,24.160747,83.973521,,osm
LBTL,Lebutala,22.666696,88.63994,,osm
LBW,Laiburwa Halt,27.526549,82.467744,,osm
LC,Lucknow City,26.859306,80.918089,,osm
LCAE,Lalbag Court Road,24.175479,88.246611,,osm
LCH,Linch,23.527026,72.355996,,osm
LCK,Lakhochak Halt,25.139491,86.136914,,osm
LD,Londa Junction,15.448949,74.495498,,osm
LDA,Lidhora Khurd,23.852182,78.876118,,osm
LDCY,Lodhi Colony,28.579754,77.216873,,osm
LDH,Ludhiana Junction,30.912252,75.849376,,osm
LDK,Ladhuka,30.500804,74.122814,,osm
LDKN,لنڈی کوتل,34.093718,71.146599,,osm
LDM,Ladermer,25.055684,72.347159,,osm
LDO,لنڈو,26.02807,68.546969,,osm
LDP,Lodhipur Bishanpur,28.871911,78.710154,,osm
LDR,Landaura,29.814493,77.941557,,osm
LDS,لنڈسے,29.215162,67.923689,,osm
LDU,Lunidhar,21.715889,71.086522,,osm
LDW,Ladhowal,30.977746,75.796624,,osm
LDX,Ladda,19.102767,83.41252,,osm
LEB,Lemuabad,25.482521,85.7784,,osm
LEK,Lakhakhera,23.760734,80.564356,,osm
LER,Lehra,27.168567,83.228421,,osm
LGB,Lohgarh Abub,29.881697,74.581638,,osm
LGCE,Lagargawan,24.464623,80.814876,,osm
LGH,Lalgarh Junction,28.043431,73.314535,,osm
LGL,Lalgola,24.421361,88.258021,,osm
LGO,Lalgopalganj Railway Station,25.642242,81.629924,,osm
LGR,لنگر ریلوے اسٹیشن,33.457628,72.052552,,osm
LGTR,Lingaraj Temple Road,20.235113,85.816377,,osm
LHA,Lehra Gaga,29.938196,75.810203,,osm
LHB,Lahabon,24.640684,86.600482,,osm
LHBK,Lothal Bhurkhi,22.553764,72.224077,,osm
LHK,Lehra Khana,30.224951,75.136664,,osm
LHLL,Lahli,28.85389,76.446353,,osm
LHM,Lehra Muhabhat,30.239752,75.171092,,osm
LHNA,Lohanda,25.353383,85.27951,,osm
LHNR,Lakshmanpur Halt,27.531768,82.339727,,osm
LHR,لاہور جنکشن,31.5774,74.33648,,osm
LHU,Loharu Junction,28.42713,75.803209,,osm
LHW,Loharwara,27.199964,75.676579,,osm
LIG,Linga,21.964799,78.937226,,osm
LIJ,Lakshmiganj,26.930259,83.782638,,osm
LIL,Lilma,25.750965,70.469598,,osm
LIM,Sonalium,15.30957,74.298593,,osm
LIR,,27.254054,83.378799,,osm
LJN,Lucknow Junction,26.83151,80.922298,,osm
LJPN,Lajpat Nagar (Violet Line),28.570597,77.236401,,osm
LJR,Lanjigarh Road Jn,19.944278,83.401286,,osm
LKB,Lakshmipur Bhorang,25.290373,87.375579,,osm
LKBL,Lakhabawal,22.408765,69.999473,,osm
LKD,Lakodra,21.981373,73.09494,,osm
LKE,Lakheri,25.639416,76.193147,,osm
LKF,Lake Gardens,22.508055,88.353329,,osm
LKK,Layalpur Khalsa College,31.311415,75.595223,,osm
LKKD,Lakkadkot,21.161431,73.618242,,osm
LKMN,Lokmanya Nagar,22.691351,75.847097,,osm
LKMR,Lakshmipur Road,19.002967,83.10413,,osm
LKN,Lakhminia,25.426043,86.310033,,osm
LKNA,Lakhna,20.730189,82.663038,,osm
LKNR,Lakhpat Nagar,27.027626,82.277589,,osm
LKO,Lucknow Charbagh,26.831158,80.924361,,osm
LKPR,Lakshmikantapur,22.110052,88.321897,,osm
LKQ,Laukaha Bazar,26.542987,86.462603,,osm
LKR,Luckeesarai Junction,25.171935,86.094437,,osm
LKRD,لاکھا روڈ,26.990834,68.345352,,osm
LKS,Lunkaransar,28.49313,73.743143,,osm
LKU,Lalkuan Junction,29.071096,79.517428,,osm
LKW,Lakhewali,30.448299,74.342532,,osm
LKX,Lakshimipur,23.502978,88.303133,,osm
LKZ,Lakadiya,23.340592,70.578341,,osm
LLD,Lalawadi,21.93098,78.190443,,osm
LLGM,Lelligumma,19.303897,83.208471,,osm
LLGRI,Lalitgiri,20.597627,86.287347,,osm
LLH,Liluah,22.620903,88.339404,,osm
LLJ,Lalganj,26.172319,80.973185,,osm
LLJP,Lalganj Pakri,25.85495,85.192745,,osm
LLKN,Lal kalan,30.826875,76.100848,,osm
LLM,لالہ موسیٰ جنکشن ریلوے اسٹیشن,32.700039,73.949505,,osm
LLP,Lalitgram,26.357794,87.013236,,osm
LLQA,Lal Quila,28.657483,77.236661,,osm
LLR,Lalpur,26.318614,79.948381,,osm
LLSOT,Lalsot,26.54919,76.354993,,osm
LLU,Lalru,30.47971,76.794429,,osm
LM,Limbdi,22.566001,71.789942,,osm
LMA,Lambiya,25.584488,74.587013,,osm
LMB,Limbara,21.439531,73.038575,,osm
LMC,Lakhamanchi,22.571704,71.148569,,osm
LMK,Limkheda,22.834878,73.984653,,osm
LMN,Lachhmanpur,26.050588,81.25753,,osm
LMNR,Lakshmibai Nagar,22.746635,75.855656,,osm
LMO,Liliya Mota,21.539924,71.372505,,osm
LMP,Lakhimpur,27.947131,80.777264,,osm
LN,Laxmi Nagar,28.630597,77.277523,,osm
LNA,Lamana,26.246597,74.467006,,osm
LND,لانڈھی ریلوے اسٹیشن,24.850847,67.211895,,osm
LNDHH,Laundh,24.709306,85.423258,,osm
LNH,Lachhmangarh Sikar,27.833053,75.033859,,osm
LNJ,Langhnaj,23.457394,72.493387,,osm
LNK,Lohian Khas Junction,31.165431,75.196492,,osm
LNL,Lonavala,18.750369,73.406944,,osm
LNLA,Lanela,27.101215,70.826207,,osm
LNMA,Lakhan Majra,29.039077,76.46584,,osm
LNN,Lonand,18.04068,74.190221,,osm
LNO,Lohna Road,26.221584,86.229463,,osm
LNR,Luni Richha,23.661161,75.514251,,osm
LNS,Lunsu,32.01894,76.179202,,osm
LNW,Lakhanwara,21.785124,79.873828,,osm
LNWT,Alambagh West Cabin,26.828609,80.907209,,osm
LO,Loliya,22.512886,72.167729,,osm
LOA,Lorha,23.581117,80.751695,,osm
LOD,Lekoda,23.077051,75.699198,,osm
LOG,Lohgara,25.222995,81.678151,,osm
LOHA,Loha,28.000209,74.618756,,osm
LOL,Loliem,14.939513,74.087994,,osm
LOM,Lodhma,23.223849,85.200072,,osm
LON,لودھراں جنکشن ریلوے اسٹیشن,29.540384,71.623014,,osm
LONI,Loni,18.490847,74.020808,,osm
LOT,Lohta,25.315202,82.930586,,osm
LPA,Latipura,22.219027,73.063538,,osm
LPG,Lapanga,21.732491,84.039622,,osm
LPH,Lotapahar,22.617596,85.566444,,osm
LPJ,Lalpur Jam,22.193362,69.953198,,osm
LPNR,Lajpat Nagar,28.579282,77.244035,,osm
LPR,Lilapur Road,22.951177,71.860142,,osm
LPW,Loharpurwa,27.06736,83.268136,,osm
LQP,لِياقت پُور,28.937154,70.945898,,osm
LR,Ladpura,26.509242,74.734593,,osm
LRA,Lodra,23.46043,72.714004,,osm
LRB,Larabad Block Hut,24.414548,85.557752,,osm
LRD,Lar Road,26.21372,83.910233,,osm
LRI,Lihuri,18.913381,83.849506,,osm
LRJ,Laksar Junction,29.751543,78.021245,,osm
LRK,لاڑکانہ,27.549532,68.20985,,osm
LRU,Lalpur Umri,26.429811,76.680013,,osm
LS,Lasalgaon,20.154605,74.225844,,osm
LSD,Lusadiya,23.685634,73.420956,,osm
LSE,Laseri,28.713235,75.479903,,osm
LSG,Lawa Sardargarh,25.233904,73.97719,,osm
LSGS,Laban Satyagrah Smarak,22.114927,87.871621,,osm
LSI,Laheriasarai,26.112095,85.90482,,osm
LSS,لکی شاہ صدر,26.262644,67.903088,,osm
LSX,Loisingha,20.852667,83.514083,,osm
LT,Lahavit,19.822909,73.784872,,osm
LTA,Lamta,22.136019,80.12405,,osm
LTD,Lathidad,22.08886,71.703216,,osm
LTFC,لطیف چھانگ,25.08436,68.083478,,osm
LTG,Lataguri,26.705604,88.769816,,osm
LTHR,Latehar,23.725346,84.467911,,osm
LTK,Lathikata,22.140626,84.891089,,osm
LTKR,Lalit Khera,29.268242,76.477352,,osm
LTMD,Latemda,23.098067,85.989533,,osm
LTR,Lakhtar,22.872488,71.776354,,osm
LTT,Lokmanya Tilak Terminus,19.069466,72.891978,,osm
LTV,Lotarva,21.132663,73.317969,,osm
LUA,Laluri Khera,28.607688,79.745854,,osm
LUN,Lavanpur,22.948091,70.54226,,osm
LUNI,Luni Junction,26.001966,73.003898,,osm
LUSA,Lusa,24.876271,82.842952,,osm
LVK,Lakkavarapukota,18.03168,83.144488,,osm
LVR,Lokvidyapith Nagar,27.153476,83.306522,,osm
LW,Lorwada,24.219959,72.096993,,osm
LWJ,Lowjee,18.809571,73.335185,,osm
LWR,Alnavar Junction,15.424511,74.738303,,osm
LWS,Lukwasa,25.106169,77.590945,,osm
LXD,Lakshannath Road,21.841977,87.250973,,osm
LXR,Lunseriya,22.598014,71.002565,,osm
LYD,Loyabad,23.774221,86.350413,,osm
MAA,Maval,24.431789,72.711534,,osm
MAAR,Malar,27.204211,72.375844,,osm
MABA,Mandi Bamora,24.053476,78.082325,,osm
MABG,Matana Buzurg,23.113746,75.865782,,osm
MABM,Maa Ahorwa Bhawani Dham railway station,26.532263,81.501444,,osm
MABN,Maban,24.642322,77.374937,,osm
MACR,Manguli Chowdwar,20.525808,85.93687,,osm
MADA,Maonda,27.808348,75.826064,,osm
MADD,منڈی احمد آباد,30.654915,74.027067,,osm
MADP,Madhapar Road,23.245549,69.709388,,osm
MADR,Madure,15.803831,73.81286,,osm
MAE,Matheran,18.990225,73.270959,,osm
MAEL,Mael,23.574668,85.626042,,osm
MAH,Madhonganj,27.121753,80.146778,,osm
MAHI,Mahipur,20.170358,85.009778,,osm
MAHO,Maholi,27.648788,80.477314,,osm
MAI,Mehsi,26.35558,85.095953,,osm
MAJ,Majhergram,23.108989,88.68802,,osm
MAK,Mallikpur,22.396586,88.433122,,osm
MAKH,Mokhampura,25.982579,74.663803,,osm
MAKP,Manikpura,26.936613,78.390429,,osm
MAKR,Bina Malkhedi,24.170509,78.223521,,osm
MALA,Mala,28.587502,79.935948,,osm
MALB,Maliya Miyana Junction,23.10346,70.754791,,osm
MALK,Malkapur Road,21.904713,77.96688,,osm
MAM,Mangal Mahudi,22.838496,74.05788,,osm
MAN,Maninagar,22.99866,72.611401,,osm
MANG,Mahanagar,25.24751,88.251874,,osm
MANI,Mani,25.165705,84.222247,,osm
MANK,Manki,14.174644,74.493679,,osm
MANR,Mansarovar,19.016434,73.080655,,osm
MANW,Manwa,27.21175,80.851176,,osm
MAO,Madgaon Junction,15.267483,73.968113,,osm
MASE,Mathnashipur,23.10183,87.964891,,osm
MASK,Maisar Khana,30.094469,75.150457,,osm
MATL,Matla Halt,22.333092,88.63026,,osm
MAU,Mau Junction,25.938073,83.563378,,osm
MAUL,Mauli Block Hut,31.167415,75.770392,,osm
MAUR,Maur,30.06297,75.22824,,osm
MAY,Mariahu,25.596877,82.597965,,osm
MAYA,Makakhad,23.417522,72.697524,,osm
MAYR,Mayar,29.100016,75.86189,,osm
MAZ,Mangra,23.885159,84.117081,,osm
MB,Moradabad Junction,28.831391,78.765441,,osm
MBA,Mahoba Junction,25.306369,79.850276,,osm
MBAH,Mira Bigha,25.130704,84.98779,,osm
MBAK,مبارکبادہالٹ,29.53278,73.073016,,osm
MBB,Murshidabad Junction,24.176794,88.281478,,osm
MBDD,Dandupur,25.802629,82.041024,,osm
MBDP,Pratapgarh Junction,25.911588,82.000789,,osm
MBE,Mirzapur Bankipur,22.790802,88.222445,,osm
MBF,Munabao,25.74368,70.277234,,osm
MBGA,Marwar Bagra,25.209368,72.594971,,osm
MBH,Mobha Road,22.159702,72.972993,,osm
MBI,Madhubani,26.348876,86.077018,,osm
MBK,مبارک پور,29.239542,71.371539,,osm
MBLP,Nihalgarh,26.460265,81.632651,,osm
MBN,مڑھ بلوچاں ریلوے اسٹیشن,31.783289,73.436494,,osm
MBNL,Marwar Bhinmal,25.001014,72.275766,,osm
MBP,Mohibullapur,26.909633,80.939511,,osm
MBQ,Mumbra,19.189943,73.023075,,osm
MBR,مکھڈ روڈ ریلوے اسٹیشن,33.037173,71.78572,,osm
MBS,Madhosingh,25.249786,82.551398,,osm
MBSK,Marwar Balia,27.3584,74.545474,,osm
MBT,Marwar Bithri,27.097606,72.280674,,osm
MBV,Mirzapur Bachhau,28.073372,76.190111,,osm
MBW,Malwara,24.802042,72.270026,,osm
MBWL,منڈی بُورے والا,30.155336,72.681519,,osm
MBX,میبل,32.037853,71.202173,,osm
MBY,Mandi Dabwali,29.966309,74.700743,,osm
MCA,Mecheda,22.413583,87.856981,,osm
MCDA,Antu,26.055162,81.897788,,osm
MCH,مچھ,29.863938,67.325169,,osm
MCLM,Jagannath Shankar Sheth Metro,18.969992,72.821179,,osm
MCO,Motihari Court,26.630704,84.905647,,osm
MCPE,Marwar Chapri,26.78013,73.908838,,osm
MCQ,Mirchadhuri,24.292484,82.794203,,osm
MCS,Mancheswar,20.322308,85.844902,,osm
MCSC,Maharaja Chhatrasal Station Chhatarpur,24.878037,79.615128,,osm
MCTM,Udhampur,32.926234,75.153621,,osm
MCV,Macharya,28.771451,78.803879,,osm
MCW,ماچھیانوالہ,30.103269,72.520339,,osm
MCZ,Mahabuang,22.715425,84.941587,,osm
MDA,Mandhana Junction,26.557056,80.222755,,osm
MDAR,Mundra Airport Road,22.835335,69.759076,,osm
MDB,Mandor,26.350709,73.042,,osm
MDBP,Madhabpur,22.12023,88.348717,,osm
MDC,Makardaha,22.628688,88.236682,,osm
MDD,Malad,19.186719,72.848588,,osm
MDDG,Maladgaon,18.373481,74.592518,,osm
MDDP,Mandideep,23.093838,77.51143,,osm
MDE,Makhdumpur Gaya,25.077542,84.978747,,osm
MDF,Muradi,23.593203,86.809404,,osm
MDG,Mandal Ghat,26.436515,88.752884,,osm
MDGB,Madhabnagar,21.937549,88.219461,,osm
MDGR,Manendragarh,23.21946,82.197761,,osm
MDHA,Madhada,21.608061,71.905795,,osm
MDHS,Mandi House,28.625515,77.234193,,osm
MDJ,Muhammadganj,24.426831,83.870254,,osm
MDJN,Madar Junction,26.46287,74.685043,,osm
MDK,مریدکے,31.800777,74.259001,,osm
MDKD,Madhukunda Railway Station,23.626797,86.869199,,osm
MDKL,Mandiyal Kalan,26.641693,72.915447,,osm
MDL,Mandal,25.439065,74.593545,,osm
MDLA,Mundlana,29.212198,76.757759,,osm
MDLE,Mandar Hill,24.806085,87.026345,,osm
MDLM,Mundalaram,23.698615,75.11055,,osm
MDN,Midnapore,22.425079,87.307925,,osm
MDNK,میڈانک,34.008229,71.308365,,osm
MDNR,Modi Nagar,28.828703,77.57235,,osm
MDO,مخدوم پور پہوڑاں ریلوے اسٹیشن,30.43958,72.04581,,osm
MDP,Madhupur Junction,24.270958,86.6422,,osm
MDPA,Mandpiya,25.258451,74.635555,,osm
MDPB,Madhopur Punjab,32.36097,75.595746,,osm
MDPR,Modpur,22.262309,69.812167,,osm
MDRA,Medra,23.128645,72.70452,,osm
MDRR,Madhavnagar Road,23.787222,80.394406,,osm
MDS,Mandsor,24.075288,75.076299,,osm
MDSA,Modasa,23.452625,73.305447,,osm
MDSE,Madhu Sudanpur,22.845448,88.19273,,osm
MDT,Madarihat,26.694335,89.274753,,osm
MDVK,Mahadevkhedi,24.236508,78.194692,,osm
MDVR,Madhavnagar,16.886459,74.575507,,osm
MDW,Marwar Mundwa,27.063847,73.815932,,osm
MDX,مردان,34.184502,72.033129,,osm
MDXR,Mudaria,23.35804,81.09517,,osm
MDZ,مندو ڈیرو,27.680151,68.981379,,osm
MEC,Merta City,26.651505,74.035269,,osm
MEE,Methai,25.90657,86.725162,,osm
MEHA,مہر شاہ,30.236813,71.886364,,osm
MEI,Milakpur,27.993361,79.714438,,osm
MEL,Marine Lines,18.945764,72.823719,,osm
MELH,Melusar,28.210013,74.534619,,osm
MEM,Mau Aimma Station,25.698062,81.913348,,osm
MENP,Meenapur,25.613918,87.802935,,osm
MEP,Mahidpur Road,23.567646,75.500573,,osm
MEQ,Malethu Kanak,26.603763,82.124787,,osm
MESR,Mesra,23.422744,85.418968,,osm
MET,Malerkotla,30.51583,75.873384,,osm
METE,Mohan Estate,28.51958,77.294603,,osm
MEU,Mendu,27.620335,78.119809,,osm
MEW,Marhaura,25.968859,84.850938,,osm
MEX,Mukerian,31.94205,75.612191,,osm
MFA,Mukuria Junction,25.629612,87.887433,,osm
MFB,Mustafabad,30.181356,77.122356,,osm
MFJ,Muftiganj,25.706182,82.821519,,osm
MFKA,Musafir Khana,26.379488,81.799655,,osm
MFM,Mahalam,30.997621,74.69789,,osm
MFP,Muzaffarpur Junction,26.122355,85.37795,,osm
MFQ,Mahroi,23.950893,80.918771,,osm
MFR,Mandla Fort,22.583858,80.355496,,osm
MFX,Madaraha,25.250474,81.730055,,osm
MFZ,Malahar,25.303119,87.960914,,osm
MG,Model Gram,30.89184,75.836422,,osm
MGA,Mangalwar Peth,18.530069,73.865104,,osm
MGAE,Morgram,24.304808,88.022089,,osm
MGDR,Magardharra Ph,21.965479,80.125366,,osm
MGG,Mangliyagaon,22.810551,75.914929,,osm
MGI,Manigachi,26.21457,86.146249,,osm
MGKP,Man Singh Ka Pura,26.808987,78.77731,,osm
MGLE,Manigram,24.343142,88.108098,,osm
MGLP,Mangolpuri,28.683698,77.091483,,osm
MGM,Muragatcha,23.529956,88.421117,,osm
MGME,McCluskieganj,23.651997,84.941466,,osm
MGN,Moti Nagar,28.657859,77.142429,,osm
MGPA,Munda Gopal Ashram,27.263496,81.133214,,osm
MGQ,ماچھی گوٹھ,28.256688,70.065855,,osm
MGR,Munger,25.377111,86.48139,,osm
MGRD,Magardoh,22.24557,77.894203,,osm
MGRL,Mangrolia,21.154274,73.197137,,osm
MGRP,Meghrajpura,32.068965,76.081313,,osm
MGRR,Magarpur,25.322355,78.859437,,osm
MGT,Magra Hat,22.240443,88.372355,,osm
MGTD,Meghpur Titodi,22.139846,69.457053,,osm
MGW,Magarwara,26.52454,80.431229,,osm
MGWD,Mahngarwal Doaba,31.327283,76.091177,,osm
MGZ,Maharajganj,26.108245,84.507294,,osm
MHBA,Matabhanga,26.364391,89.199412,,osm
MHBD,Mohanbari,28.48203,76.398775,,osm
MHBG,Mahadev Buzurg,27.480182,82.844711,,osm
MHBZ,Mahtha Bazar,27.42509,82.930419,,osm
MHC,Masrakh Junction,26.100264,84.809313,,osm
MHD,Mahemadavad Kheda Road,22.81917,72.752471,,osm
MHDA,Mahdeiya,24.209519,82.588316,,osm
MHDB,Mahadia,20.750583,85.476812,,osm
MHDP,Mahadevpura,23.681343,72.950301,,osm
MHF,Mohari Junction,26.700954,77.554125,,osm
MHH,Maghar,26.750166,83.133671,,osm
MHHR,Mahesra,28.853734,78.319396,,osm
MHI,Manihari,25.343161,87.620242,,osm
MHJ,Mahajan,28.79395,73.853632,,osm
MHL,Mahwal,26.302049,85.125853,,osm
MHLN,Mahendralalnagar,22.643508,88.091484,,osm
MHLT,Mahesh Leta Halt,25.150934,86.130611,,osm
MHM,مہوتا,27.617922,68.273771,,osm
MHN,Mahanadi,26.882527,88.319197,,osm
MHNR,محمد نگر,30.266721,72.982224,,osm
MHO,Mahpur,25.604279,83.246482,,osm
MHP,Muhammadpur,26.237558,85.85345,,osm
MHPE,Mohope,18.943761,73.194996,,osm
MHPR,Mahiyarpur,25.41301,87.613657,,osm
MHQ,Mahuda Junction,23.747893,86.269407,,osm
MHR,محراب پور,27.099668,68.42095,,osm
MHRG,Mahendragarh,28.28086,76.148099,,osm
MHRI,Machhrauli,28.486429,76.643426,,osm
MHRL,Mahrail,26.28705,86.281109,,osm
MHRN,Mahendranath,26.004964,84.506213,,osm
MHS,ماہیسر,27.921762,69.198875,,osm
MHSA,Maheshpur,24.463129,85.699585,,osm
MHSR,مشوری شریف,27.488109,68.163522,,osm
MHT,Manjhi,25.818214,84.603664,,osm
MHTR,Malihati Talibpur Road,23.79372,88.126194,,osm
MHU,Manheru,28.70053,76.2034,,osm
MHUA,Mahudha,22.813122,72.943441,,osm
MHUL,Mahuwala,29.409958,75.316428,,osm
MHUR,Mohanpur,24.48914,86.786097,,osm
MHV,Mahuva Junction,21.094392,71.756846,,osm
MHWL,Machrowal,31.5149,75.63613,,osm
MIA,Mania,26.805879,77.919798,,osm
MIAL,Milaoli,26.300287,78.119977,,osm
MIAN,Miangram,23.851814,88.170693,,osm
MID,Madhi,21.145712,73.242402,,osm
MIEE,Pandit Shree Ram Sharma,28.689281,76.951199,,osm
MIG,Midghat,22.825095,77.650521,,osm
MIH,Mihrawan,25.870737,82.693915,,osm
MIJ,Majhdia,23.414846,88.719535,,osm
MIK,Manikui,22.919952,86.067081,,osm
MIL,Milak,28.612475,79.164117,,osm
MIM,Maniram,26.840314,83.340817,,osm
MIN,Mihinpurwa,28.026804,81.385198,,osm
MINA,Miyana,24.857169,77.473382,,osm
MINJ,Maikalganj,27.717315,80.337877,,osm
MIO,Molisar,28.144801,74.766614,,osm
MIPM,Marripalem,17.736499,83.25257,,osm
MIQ,Mirhakur,27.150758,77.865987,,osm
MIR,Maijapur,27.143949,81.806005,,osm
MIRA,Mira Road,19.281697,72.856068,,osm
MIRK,Munirka,28.556897,77.175059,,osm
MIT,مٹھری,29.387639,67.856947,,osm
MITA,Mitha,24.083309,71.680684,,osm
MIU,Maripat,28.587566,77.495988,,osm
MIW,Mighauna,28.236646,79.829309,,osm
MIYN,Maniyan,25.523525,87.607378,,osm
MJ,Marwar Junction,25.721325,73.609728,,osm
MJA,Meja Road,25.222474,82.087234,,osm
MJBK,Manjari Budruk,18.512209,73.971934,,osm
MJD,مانجھند,25.901269,68.229868,,osm
MJE,Mujnai,26.693226,89.189551,,osm
MJG,Majhagawan,24.913831,80.811889,,osm
MJGP,Majhgawan Phatak,23.873617,80.35059,,osm
MJH,Maju,22.616008,88.078834,,osm
MJHR,Majhiari,25.178661,81.519601,,osm
MJI,مديجي روڊ,27.738656,68.473377,,osm
MJL,Majhowalia,26.801765,84.61941,,osm
MJM,Manjhauligram H,25.478573,85.419868,,osm
MJNL,Majri Nangal,28.013086,76.555628,,osm
MJO,Majorda Junction,15.313792,73.921935,,osm
MJP,Maharajpur,25.207084,87.746999,,osm
MJPB,Manjhra Purab,28.2749,81.051653,,osm
MJT,Majherhat,22.519054,88.322131,,osm
MJTA,Majitha,31.758469,74.949084,,osm
MJV,Manjhagarh,26.417625,84.504527,,osm
MJW,مجاہد والا ہالٹ,29.571794,71.687341,,osm
MJY,Maramjhiri,21.944534,77.883416,,osm
MJZ,Majhola Pakarya,28.82081,79.891867,,osm
MK,Miranpur Katra,28.036811,79.675334,,osm
MKA,Mokameh Junction,25.392114,85.914192,,osm
MKB,Mankatha,25.207069,86.057196,,osm
MKBH,Manwala Kot Bhaktu,30.040254,74.951692,,osm
MKC,Maksi Junction,23.252069,76.158487,,osm
MKD,Markundi,25.018226,80.948467,,osm
MKDM,Misrauli,26.113979,81.848257,,osm
MKDN,Markadhana,22.111131,78.502774,,osm
MKE,مانکیالہ ریلوے اسٹیشن,33.477508,73.240431,,osm
MKF,مشکاف,29.564781,67.730619,,osm
MKG,Manak Nagar,26.810678,80.890938,,osm
MKH,Malakhera,27.390827,76.619226,,osm
MKHR,Marwar Khara,27.060421,72.129522,,osm
MKHS,Mokar,25.003029,84.032307,,osm
MKLI,Makrauli,28.949251,76.628768,,osm
MKM,Mankameshwar Mandir,27.178286,78.017102,,osm
MKN,Makrana Junction,27.037144,74.725195,,osm
MKNA,Mahakaran,22.572078,88.350527,,osm
MKO,Markona,21.195396,86.596259,,osm
MKP,Manikpur Junction,25.063215,81.094056,,osm
MKPR,Muktapur,25.884718,85.795554,,osm
MKRA,Makrera,26.311153,74.533613,,osm
MKRD,Machkunda Road,18.567142,82.66715,,osm
MKRH,Mallickpur Hat,25.322607,88.691631,,osm
MKRL,Moti Koral,21.835242,73.204465,,osm
MKRN,Makronia,23.866567,78.809228,,osm
MKS,Muktsar,30.478799,74.514706,,osm
MKSR,Mokalsar,25.627239,72.519656,,osm
MKT,Mukhtiara Balwada,22.385355,75.977978,,osm
MKTP,Mukteswar,19.918666,85.437545,,osm
MKWI,Makarwadi,26.53495,74.656499,,osm
MKX,Morak,24.729455,75.973688,,osm
ML,Malhaur,26.853683,81.040798,,osm
MLAR,Malanpur,26.392014,78.260727,,osm
MLBZ,Mal Bazaar,26.865893,88.737386,,osm
MLC,Malkisar,28.644104,73.865337,,osm
MLD,Malihabad,26.930915,80.714851,,osm
MLDE,Madlauda,29.400038,76.810025,,osm
MLDT,Malda Town,25.015964,88.130576,,osm
MLE,منگولی,28.467539,68.282669,,osm
MLFC,Malda Court,25.011353,88.162832,,osm
MLG,Malhargarh,24.266559,74.973688,,osm
MLGH,Mandalgarh,25.194255,75.081123,,osm
MLH,Manaklao,26.456228,73.020367,,osm
MLHA,Maliya Hatina,21.159602,70.299489,,osm
MLI,Mangaliyawas,26.280202,74.495024,,osm
MLJ,Mohanlalganj,26.685944,80.98424,,osm
MLKA,Māluka,22.20201,85.672993,,osm
MLKH,Mulewal Khaira,31.103522,75.300162,,osm
MLM,Malthan,18.369051,74.724294,,osm
MLMI,Malmori,31.412996,74.994278,,osm
MLN,Mailani Junction,28.284551,80.347724,,osm
MLND,Mulund,19.172137,72.956697,,osm
MLNH,Malancha,25.360782,88.602652,,osm
MLNR,Gawada Malosan,23.578482,72.699545,,osm
MLPR,Malipur railway station,26.281108,82.630791,,osm
MLQ,Malkera Junction,23.779749,86.297051,,osm
MLS,Malasa,26.287042,79.904766,,osm
MLSR,Malsar,21.889859,73.315439,,osm
MLT,Malatipatpur,19.865778,85.831456,,osm
MLV,Mallarpur,24.077625,87.725269,,osm
MLVA,مولوی والا,30.403932,73.539096,,osm
MLW,Mallanwan,27.038568,80.158288,,osm
MLX,Mullanpur,30.837653,75.664917,,osm
MLYA,Maliya Halt,22.831668,88.137498,,osm
MLZ,Malarna,26.231153,76.53519,,osm
MM,Mahim Junction,19.040663,72.846604,,osm
MMA,Muhammadabad,26.026332,83.375851,,osm
MMB,Mahmudabad Avadh,27.28979,81.113983,,osm
MMC,Mahamandir,26.309427,73.038747,,osm
MMCT,Mumbai Central,18.969586,72.819315,,osm
MMD,Maheshmunda Junction,24.232953,86.390649,,osm
MMG,Madhyamgram,22.694784,88.453018,,osm
MMKB,Mekra Mamarkhabad Halt,25.472233,85.827955,,osm
MML,Madan Mahal,23.160281,79.920795,,osm
MMLN,Mahuamilan,23.66712,84.798285,,osm
MMS,Mandasa Road,18.840705,84.494876,,osm
MMU,Mugma,23.75185,86.748658,,osm
MMV,Mahali Marup,22.757458,85.879844,,osm
MMVR,Murga Mahadev Road,22.060202,85.465474,,osm
MMY,Marwar Mathaniya,26.533407,72.978403,,osm
MNA,مندرہ ریلوے اسٹیشن,33.364657,73.238034,,osm
MNAE,Mankar,23.420354,87.554796,,osm
MNC,Madankata Railway Station,24.164916,86.703856,,osm
MNCH,منچھر چٹھہ ریلوے اسٹیشن,32.3001,73.847228,,osm
MND,Munderwa,26.776804,82.903415,,osm
MNDR,Mandi Dhanaura,28.952832,78.261411,,osm
MNDU,Mandu,23.806512,85.472845,,osm
MNDV,Mandawariya,26.62501,74.896152,,osm
MNDWR,Mandawari,26.474298,76.425666,,osm
MNE,Mansi Junction,25.50913,86.555247,,osm
MNF,Manda Road,25.163451,82.237378,,osm
MNGD,Muniguda,19.627061,83.488753,,osm
MNGR,Mohan Nagar,29.508125,73.467008,,osm
MNGV,Mota Miya Mangrol,21.461507,73.153719,,osm
MNH,Munsirhat,22.649034,88.095453,,osm
MNHA,Mindha,27.108594,75.32996,,osm
MNHL,Majheran Himachal,32.04762,76.609348,,osm
MNI,Mangaon,18.247448,73.275442,,osm
MNJ,Manoharganj,25.524502,81.558223,,osm
MNKB,Miyon Ka Bara,25.872686,72.728686,,osm
MNKD,Mankhurd,19.048209,72.931714,,osm
MNMU,Mani Mau,26.989295,79.96541,,osm
MNO,Mehnar Road,25.654279,85.504457,,osm
MNP,Mananpur Railway Station,25.105585,86.155739,,osm
MNPR,Mianpur,30.912297,76.566498,,osm
MNQ,Mainpuri Junction,27.21669,79.033666,,osm
MNR,Makkhanpur,27.115251,78.48316,,osm
MNS,Manshahi,25.474194,87.58859,,osm
MNSR,Manaksar,29.679866,74.383674,,osm
MNV,Mungaoli,24.402324,78.11189,,osm
MNVL,Manwal,32.768967,75.132188,,osm
MNW,منصوروالی ریلوے اسٹیشن,32.381381,74.002002,,osm
MNZ,Manani,29.884569,77.499008,,osm
MOF,Mondh,25.426916,82.486852,,osm
MOG,Mohiuddinnagar,25.60653,85.70369,,osm
MOGA,Moga,30.817478,75.168772,,osm
MOHR,Mohana,29.043042,76.855266,,osm
MOI,Mori Bera,25.035356,73.136234,,osm
MOJ,Mohana,25.897328,77.763144,,osm
MOL,Muli road,22.676014,71.434608,,osm
MON,Modran,25.187009,72.447139,,osm
MONJ,Monglajhora Halt,26.250608,89.953748,,osm
MOP,Mohitnagar,26.53065,88.667677,,osm
MOPR,Mohanpura,29.971828,73.840805,,osm
MOR,Mor,25.431306,85.857769,,osm
MORA,Moraiya,22.930651,72.4408,,osm
MORY,Moriya,22.000101,73.500906,,osm
MOT,Malout,30.185383,74.496193,,osm
MOTA,Mota,27.28929,79.254265,,osm
MOTC,Motichur,29.980708,78.177344,,osm
MOTG,Motiganj,27.096771,82.115262,,osm
MOTH,Moth,25.741033,78.948671,,osm
MOU,Manoharpur,22.373974,85.197801,,osm
MOW,Manawala,31.612616,74.966576,,osm
MOY,Mohri,30.255527,76.850459,,osm
MOZ,Muzaffarnagar,29.470013,77.708182,,osm
MPD,Madpur,22.369252,87.443092,,osm
MPE,Malatipur,22.651678,88.762602,,osm
MPF,Muirpur Road,24.205961,83.094254,,osm
MPH,Mundha Pande,28.799918,78.939776,,osm
MPJ,Madanpur,23.005411,88.489806,,osm
MPK,Mansarovar Park,28.675385,77.300868,,osm
MPLE,Mahipal,24.297541,88.176392,,osm
MPLR,Mahipal Road,24.289086,88.188572,,osm
MPN,Madhyampur,22.620364,88.896665,,osm
MPNH,Majnupur Nawada,25.544309,85.92513,,osm
MPO,Manpur Junction,24.806874,85.044734,,osm
MPR,Makarpura,22.233662,73.175933,,osm
MPUR,New Madanpur,24.312396,87.226768,,osm
MPY,Murarpur,25.232759,86.886908,,osm
MQA,Matoda,22.883817,72.399558,,osm
MQC,Mundka,28.682434,77.030574,,osm
MQE,Mohammad Khera,23.383727,76.664813,,osm
MQF,Barah Maufi,25.042896,81.020704,,osm
MQG,Milangarh,25.369454,87.8966,,osm
MQJ,Maradam Halt,18.345594,83.332634,,osm
MQP,Makrandpur,28.212698,79.289987,,osm
MQS,Malsian Shahkot,31.109866,75.355015,,osm
MQX,Meralgram,24.197401,83.709873,,osm
MQZ,Mota Jadra,21.084342,71.712525,,osm
MRA,Morena,26.50132,78.002862,,osm
MRBL,Muribahal,20.385358,83.017384,,osm
MRCH,مراد چشتی,30.310875,73.20444,,osm
MRD,Manund,23.731593,72.238273,,osm
MRDG,Maradanga,26.300485,89.556588,,osm
MRDL,Meramandali,20.801918,85.305319,,osm
MRDN,محمد پور دیوان,29.478456,70.493194,,osm
MRDP,Muradpur,26.231536,83.517169,,osm
MRDW,Murdeshwar,14.100819,74.505423,,osm
MRE,Manauri,25.469819,81.661905,,osm
MRGM,Mourigram,22.580265,88.25603,,osm
MRHA,Murahara,24.914077,86.933578,,osm
MRIJ,Murliganj,25.888766,86.999489,,osm
MRJ,Miraj Junction,16.81866,74.639763,,osm
MRJD,Marajdwa,27.042964,84.607703,,osm
MRJN,Mirjan,14.500378,74.424779,,osm
MRL,Maroli,21.020069,72.890494,,osm
MRLI,Murli Halt,25.016781,87.772829,,osm
MRN,Morwani,23.276033,74.978176,,osm
MRNCH,Maranchi Halt,25.448923,85.115279,,osm
MRND,Morinda Junction,30.795323,76.504677,,osm
MROA,Mora,27.511444,77.582001,,osm
MRP,میرپور ماتھیلو,28.019437,69.552629,,osm
MRPR,Mau Ranipur,25.260704,79.1371,,osm
MRQ,Matari,23.840566,86.239107,,osm
MRR,Murarai,24.440357,87.858583,,osm
MRSGR,Marshaghai Road,20.451226,86.467048,,osm
MRSN,Railway Station,26.918113,75.790129,,osm
MRT,Mathura Cantonment,27.491086,77.684988,,osm
MRTL,Mirthal,32.112547,75.60834,,osm
MRU,Matunga Road,19.027815,72.846681,,osm
MRWS,Marwar Ranawas,25.66875,73.741187,,osm
MRYA,Meriyana,21.203753,71.41165,,osm
MRZ,موگھاری,28.872993,68.050672,,osm
MSA,مِسّہ کسَوال ریلوے اسٹیشن,33.196892,73.368353,,osm
MSAE,Masagram Junction,23.135084,88.042668,,osm
MSBR,Musahibpur,31.98467,75.610135,,osm
MSD,Masjid,18.952295,72.838177,,osm
MSDH,Masnadih,26.920321,84.817219,,osm
MSDL,Mahisadal,22.176143,88.010415,,osm
MSDN,Masudan,25.234827,86.357645,,osm
MSDR,Murshadpur,29.572871,78.376002,,osm
MSE,Masani,27.518295,77.671136,,osm
MSH,Mahesana Junction,23.602834,72.388959,,osm
MSHR,میاں شمیر ریلوے اسٹیشن,30.366551,71.991177,,osm
MSK,Mahes Khunt,25.461134,86.641568,,osm
MSL,Machhlandapur,22.856483,88.745193,,osm
MSO,Misrod,23.168496,77.458623,,osm
MSOD,Masodha,26.707339,82.125772,,osm
MSOR,Mansarovar Metro Station,26.879567,75.750341,,osm
MSP,Mansurpur,29.357184,77.718425,,osm
MSQ,Marwar Ratanpur,24.677179,72.142776,,osm
MSR,Masur,17.405141,74.144794,,osm
MSRP,Murhesi Rampur,27.412278,77.627959,,osm
MSSD,Maheshari Sandhuan,30.848144,74.992446,,osm
MST,Masit,27.274952,80.252564,,osm
MSTH,Misrikh Tirath,27.429474,80.536275,,osm
MSV,Mustara,25.490946,78.603166,,osm
MSW,Maskanwa,27.001379,82.35974,,osm
MSWA,Masaniwala,29.454433,73.529301,,osm
MSX,میلسی,29.8073,72.176911,,osm
MSY,مسّان ریلوے اسٹیشن,32.927591,71.718519,,osm
MSZ,Mansa,29.988294,75.404112,,osm
MT,Matera,27.783804,81.554765,,osm
MTA,Mathela,21.878791,76.38911,,osm
MTAP,Matania Anantapur,22.635966,88.886403,,osm
MTB,Matlabpur,28.990095,78.657437,,osm
MTC,Meerut City Junction,28.978966,77.675699,,osm
MTD,Merta Road Junction,26.727627,73.91741,,osm
MTFA,Mertala Phaleya,23.479578,88.320792,,osm
MTG,میٹنگ,25.160627,68.121903,,osm
MTGE,Muthani,25.142014,83.661736,,osm
MTH,Mataundh,25.419614,80.151315,,osm
MTHH,Mothala,23.198039,69.137224,,osm
MTHP,Mithapur,22.411796,69.008939,,osm
MTI,Mitawali,27.259379,78.20472,,osm
MTJ,Mathura Junction,27.480113,77.67376,,osm
MTJL,Moti Jheel,26.250778,78.142023,,osm
MTJR,Moterjhar,26.138569,89.870498,,osm
MTKD,Moti Khawdi,22.384776,69.863632,,osm
MTKHR,Matokhar,25.131954,85.806313,,osm
MTLA,Mothala,23.189989,69.1099,,osm
MTN,Matunga,19.027436,72.850147,,osm
MTND,Mattagajapur,20.4429,85.945278,,osm
MTO,Maitha,26.476278,80.025445,,osm
MTPC,Motipura Chauki,24.609499,77.048784,,osm
MTPR,Raimahatpur,31.400378,76.327189,,osm
MTR,Motipur,26.257103,85.168893,,osm
MTRA,Matigara Station,26.717789,88.38464,,osm
MTSI,Moti Sadhli,22.38275,74.183943,,osm
MTX,ماتلی,25.037424,68.65413,,osm
MTY,Multai,21.782845,78.263508,,osm
MU,Makansar,22.748214,70.914921,,osm
MUD,Murad Nagar,28.759707,77.507376,,osm
MUG,Magra,22.983868,88.368337,,osm
MUGA,Mahugarha,24.628464,77.24253,,osm
MUH,Murthiha,28.182534,81.272027,,osm
MUL,ملتان چھاؤنی ریلوے اسٹیشن,30.180475,71.44467,,osm
MUO,Masangaon,22.267101,76.996849,,osm
MUPR,Maujpur-Babarpur,28.692078,77.279697,,osm
MUR,Mankapur Junction,27.039364,82.226676,,osm
MURD,Mandawar Mahwa Road,27.155886,76.850792,,osm
MURI,Muri Junction,23.377696,85.866955,,osm
MUT,Meerut Cantonment,29.016325,77.687098,,osm
MUU,Mankundu,22.847312,88.34713,,osm
MUUA,Mahuawa Khurd,26.857777,83.601528,,osm
MUVL,Muval Tank,22.572465,73.254857,,osm
MUW,Mathurapur railway station,24.36265,86.634855,,osm
MUZ,Mohiuddinpur,28.885765,77.622009,,osm
MVE,Mayur Vihar Extension,28.594192,77.294624,,osm
MVF,Manabar,18.840023,82.696201,,osm
MVG,Maligura,18.953594,82.638825,,osm
MVI,Morbi,22.824388,70.831268,,osm
MVJ,Mavli Junction,24.79444,73.974008,,osm
MVKR,Mahawan Khor,26.974895,83.278073,,osm
MVL,Malavli,18.744214,73.480164,,osm
MVLI,Mevli,22.611894,73.323872,,osm
MVNR,Malviya Nagar,28.529066,77.204824,,osm
MVP1,Mayur Vihar - I (Blue Line),28.604064,77.28954,,osm
MVV,Maheshi,25.239604,86.788014,,osm
MVW,Mallividu,17.97205,83.172793,,osm
MW,Mairwa,26.239838,84.15139,,osm
MWAI,Mawai,24.79027,78.924467,,osm
MWC,Mandawli Chandra Vihar,28.629433,77.288487,,osm
MWF,Magardaha,24.386815,82.893058,,osm
MWH,Malwan,26.017439,80.685861,,osm
MWI,میانوالی,32.57939,71.535317,,osm
MWJ,Marwasgram,24.097079,81.775634,,osm
MWP,Mahrani Pachhim,26.087672,82.288578,,osm
MWQ,Motari,20.090053,85.729118,,osm
MWR,Mahansar,28.199399,75.03129,,osm
MWRN,Madwarani,22.16595,82.711703,,osm
MWT,Marwar Lohwat,26.982022,72.590011,,osm
MWUE,Mahrawal,27.937725,78.042184,,osm
MWW,Mahwa,27.462529,76.615446,,osm
MWX,Mallanwala Khas,31.047282,74.813599,,osm
MWZ,Mahishidahari,23.916571,87.635936,,osm
MX,Mahalaxmi,18.98252,72.82422,,osm
MXB,ملیر,24.877305,67.190242,,osm
MXBC,Malir Cantt,24.951936,67.226231,,osm
MXC,ملتان شہر ریلوے اسٹیشن,30.18233,71.465431,,osm
MXD,Masor Road,22.102532,72.89298,,osm
MXH,Makhu,31.10579,74.984023,,osm
MXJ,Mangurjan,26.361649,88.231473,,osm
MXK,Mandrak,27.7683,78.11026,,osm
MXL,Mokholi,26.161696,76.461839,,osm
MXO,Morthala,24.502932,72.803619,,osm
MXP,Malupota,31.184555,75.958556,,osm
MXS,Mohasa,24.375643,78.287764,,osm
MXW,Mahadevsal,22.51031,85.334837,,osm
MXY,Mahuariya,24.227004,83.310193,,osm
MYAP,Mayapur,22.869022,87.867193,,osm
MYE,Mandhali,31.205752,75.820745,,osm
MYG,Miyagam Karjan Junction,22.051189,73.120327,,osm
MYGD,Mayanaguri Road,26.526855,88.799942,,osm
MYGL,Miyagam Karjan Junction (NG),22.051535,73.120729,,osm
MYHT,Mayurhat,23.362782,88.660819,,osm
MYKR,Matyakheri,24.313447,74.950159,,osm
MYM,Memari,23.172683,88.09598,,osm
MYPR,Maynapur,23.003713,87.498611,,osm
MYR,Maihar,24.256749,80.763734,,osm
MYX,Metyal Sahar,23.48218,86.74847,,osm
MZC,Mirza Cheuki Railway Station,25.259072,87.496635,,osm
MZH,Mauhari,23.11891,81.769829,,osm
MZHL,Majhaoli,24.175662,82.392429,,osm
MZJ,مظفرآباد ریلوے اسٹیشن,30.135084,71.365093,,osm
MZM,Muzzampur Narayan Junction,29.583495,78.222701,,osm
MZMA,Mazhom,34.110405,74.619053,,osm
MZN,Mahmudpur Saraiyan,27.752804,80.213557,,osm
MZP,Mirzapur Railway Station,25.134963,82.568444,,osm
MZW,Manjhwe,24.814985,85.319102,,osm
MZX,Matatila,25.08328,78.402949,,osm
MZY,Machapur Junction,20.569443,85.768987,,osm
MZZ,Manjuri Road,21.011646,86.319929,,osm
NAC,Nawa City,27.02913,75.00119,,osm
NACC,New Alipore,22.510533,88.335426,,osm
NAD,Nagda Junction,23.456081,75.412911,,osm
NADA,Nada,22.122355,73.370128,,osm
NAG,Nagargali,15.42345,74.621309,,osm
NAGR,New Ashok Nagar,28.589088,77.301508,,osm
NAI,Nangi,22.500213,88.223354,,osm
NAK,Naksalbari,26.679884,88.19857,,osm
NAL,Nal,28.038217,73.216514,,osm
NALR,Nalpur,22.529101,88.186061,,osm
NAMT,New Aatish Market,26.880154,75.764466,,osm
NAN,Nandgaon Road,16.387627,73.730882,,osm
NANA,Nana,24.923904,73.10979,,osm
NANR,Naranpur,21.617144,85.637232,,osm
NAR,ناری,29.654149,67.888813,,osm
NARA,Nara,29.390026,76.757945,,osm
NAS,Nasrala,31.494169,75.836829,,osm
NASP,Narasingapalli,17.606282,82.89066,,osm
NAT,Nathnagar,25.236567,86.935111,,osm
NAVR,Naraina Vihar,28.624385,77.136444,,osm
NAWN,Nawan,29.651355,74.350855,,osm
NAZJ,Nazir Ganj,25.724096,85.806785,,osm
NBA,Nabha,30.363498,76.14607,,osm
NBAE,Nabagram,23.1116,88.057542,,osm
NBD,Najibabad Junction,29.603706,78.336393,,osm
NBE,New Barrackpore,22.686764,88.444617,,osm
NBG,Nabinagar Road,24.65413,84.094441,,osm
NBH,Nimbahera,24.623677,74.694601,,osm
NBI,Nadbai,27.213498,77.206531,,osm
NBJU,New Barauni Junction,25.456446,86.006638,,osm
NBKH,Nabagram Kankurhati Halt,23.660922,88.10115,,osm
NBMGN,New Bamour Gaon,26.343835,78.091625,,osm
NBPH,New Balarampur Halt,24.048797,88.247069,,osm
NBRN,Naba Raynagar,23.148321,88.604293,,osm
NBS,New Baneswar,26.39456,89.510579,,osm
NBT,Nayabhagirathipur,20.781346,85.386997,,osm
NBUE,Nibkarori,27.328906,79.410011,,osm
NCB,New Cooch Behar Junction,26.352971,89.469067,,osm
NCBD,New Changrabandha,26.437301,88.902912,,osm
NCC,Noida City Centre,28.574733,77.356164,,osm
NCN,Nachinda,21.873804,87.752164,,osm
NCP,Nishchintapur,21.973427,88.214238,,osm
NCPM,Nischintapur Market,21.987909,88.217555,,osm
ND,Nadiad Junction,22.693472,72.857456,,osm
NDAE,Nabadwip Dham,23.397546,88.3567,,osm
NDB,Nandurbar,21.373763,74.244556,,osm
NDBT,Nandpur Bhatauli,32.01369,76.115993,,osm
NDE,Nandre,16.963454,74.558556,,osm
NDGJ,Nandaigajan,22.404157,87.832707,,osm
NDH,Nindhar Benar,27.004107,75.729558,,osm
NDI,New Delhi Airport Express Terminal,28.642479,77.223112,,osm
NDJ,Nandganj,25.544852,83.397276,,osm
NDK,Nandkhas,25.662262,78.873757,,osm
NDKR,Nandakumar,22.190659,87.927636,,osm
NDLS,New Delhi,28.641926,77.22175,,osm
NDNI,Nidhani,22.607791,79.982121,,osm
NDON,Nadaon,25.567062,84.018145,,osm
NDPM,Hoshangabad,22.75296,77.717326,,osm
NDR,Nandesari,22.417804,73.094919,,osm
NDRT,Nangal Degrota,28.367856,76.067234,,osm
NDT,Nathdwara,24.912186,73.913749,,osm
NDU,Nadaul,25.296539,85.017335,,osm
NDW,Nadwan,25.396399,85.065731,,osm
NECC,Noida Electronic City,28.628263,77.375003,,osm
NEO,Neora,25.575049,84.986958,,osm
NEP,Nenpur,22.84494,72.726751,,osm
NERH,Ner Halt,25.039296,84.972312,,osm
NERI,Neri,27.688455,80.394522,,osm
NES,Natesar,24.964196,85.272092,,osm
NEU,Nerul,19.03358,73.018158,,osm
NEW,Nivari,25.327989,78.820335,,osm
NFGH,Najafgarh,28.61245,76.986507,,osm
NFK,New Farakka Junction,24.794729,87.915561,,osm
NGA,Ningala,22.027439,71.708709,,osm
NGB,Nawabganj Gonda,26.87011,82.14902,,osm
NGE,Nagar,23.313607,82.452307,,osm
NGF,Nagarnabi,24.590705,87.868465,,osm
NGG,Nagina,29.43827,78.423715,,osm
NGL,Nagal,29.833243,77.6223,,osm
NGLT,Nagla Tula,26.924128,77.420794,,osm
NGME,New Gummandev,21.703412,73.136689,,osm
NGMP,New Garh Madhopur,20.798843,86.072409,,osm
NGN,Nandgaon,20.309402,74.659762,,osm
NGO,Nagaur,27.200012,73.723704,,osm
NGON,Naogaon,26.139705,78.139065,,osm
NGRD,Nilgiri Road,21.426313,86.855538,,osm
NGRH,New Giridih,24.219505,86.322978,,osm
NGRI,New Garia,22.472658,88.397751,,osm
NGRS,Nagrota Suriyan,32.052061,76.091173,,osm
NGRT,Nagrota,32.108506,76.388745,,osm
NGRWT,Nangal Rajawatan,26.741766,76.328246,,osm
NGTG,New Gitaldaha,26.034926,89.48894,,osm
NGTN,Nagothane,18.540165,73.140671,,osm
NGW,Nauganwan,23.249094,75.157064,,osm
NGWN,Noganwan,30.741822,76.444915,,osm
NGX,Nigan,23.505156,87.992506,,osm
NGY,Nathganj,24.546846,85.382073,,osm
NH,Naihati Junction,22.887006,88.417653,,osm
NHB,Noh-Bachhamabi,27.222523,77.554517,,osm
NHM,Nandol Dahegam,23.17343,72.816157,,osm
NHN,Nigohan,26.567542,81.045921,,osm
NHR,Nohar,29.192235,74.774342,,osm
NHT,Nalhati Junction,24.295889,87.838523,,osm
NHU,Nahur,19.15464,72.946652,,osm
NHVSV,Nhava Sheva,18.898061,72.987797,,osm
NHX,Narthar,27.632265,79.022969,,osm
NIA,Janjgir Naila,22.022929,82.565318,,osm
NIDI,Nidi,18.474103,73.107306,,osm
NIDM,Nandai Gram,23.307454,88.315212,,osm
NIG,Naigaon,19.351093,72.846523,,osm
NIIJ,Nilaje,19.154427,73.08036,,osm
NILE,Nimtita,24.623835,88.009561,,osm
NIM,Nimdih,22.99455,86.143225,,osm
NIMA,Nim-ka-Khera,25.309399,75.479227,,osm
NIMG,Nima Gopalpur,25.995331,82.361504,,osm
NIN,Nimkana,20.29548,86.371632,,osm
NIP,Nizampur,27.966513,76.010744,,osm
NIQ,Nigaura,22.988649,81.867451,,osm
NIR,Nainpur Junction,22.425829,80.109471,,osm
NIRA,Nira,18.105446,74.208078,,osm
NIU,Nabipur,21.807704,73.030617,,osm
NIV,Nivasar,16.947245,73.454825,,osm
NIZM,Sarai Kale Khan - Nizamuddin,28.588749,77.257249,,osm
NJA,Nagjua,23.385349,84.885757,,osm
NJB,Nijbari,26.607315,88.345339,,osm
NJM,Naruana Jodhpur Ramana,30.162944,74.905365,,osm
NJP,New Jalpaiguri Junction,26.682855,88.44248,,osm
NK,Nashik Road,19.948058,73.842084,,osm
NKB,Nagrakata,26.885831,88.918018,,osm
NKBR,Narkatia Bazar,26.487515,84.382819,,osm
NKE,Narkatyaganj,27.105009,84.462976,,osm
NKH,Nathukheri,24.020238,75.64357,,osm
NKI,Naikheri,23.200704,75.682733,,osm
NKJ,New Katni Junction,23.804478,80.429422,,osm
NKL,Nalikul,22.830471,88.166823,,osm
NKLE,New Kaithal,29.800603,76.420705,,osm
NKM,Namkon,23.351654,85.376276,,osm
NKN,Nyoli Kalan,29.190072,75.633196,,osm
NKP,Nirakarpur,19.991583,85.529792,,osm
NKR,Nimar Kheri,22.111021,76.150964,,osm
NKRA,Nokhra,27.608562,72.665562,,osm
NKS,ناکوس,30.141646,67.836227,,osm
NKU,Nakardei,26.952404,84.887678,,osm
NKW,Nilakantheswar,21.423548,85.798191,,osm
NLC,Naliya Cantt,23.205274,68.868257,,osm
NLD,Nalanda,25.122739,85.46313,,osm
NLDM,Nangal Dam,31.370774,76.373502,,osm
NLH,Naultha,29.315768,76.886168,,osm
NLI,Namli,23.455517,75.066985,,osm
NLK,Navlakhi,22.958281,70.449669,,osm
NLKR,Nilokheri,29.831979,76.925471,,osm
NLM,نمل ریلوے اسٹیشن,33.506073,72.118298,,osm
NLQ,Nangal Pathani,28.365057,76.497022,,osm
NLY,Naliya,23.243509,68.825237,,osm
NMA,Nirmali,26.305732,86.57534,,osm
NMBR,Nuagaon Mayurbhanj Road,21.668256,87.039704,,osm
NMC,Nimcha,23.627385,87.084726,,osm
NMD,Nimoda,26.279735,76.579672,,osm
NMDA,New Morinda Junction,30.776018,76.488538,,osm
NMF,Nimo,23.180734,88.068541,,osm
NMG,Nimiaghat,23.931553,86.077111,,osm
NMGT,Nimshirgaon Tamdalge,16.763016,74.471782,,osm
NMH,Nimach,24.462465,74.850114,,osm
NMK,Nim Ka Thana,27.742089,75.779305,,osm
NMKA,Namkhana,21.771765,88.238991,,osm
NML,Nellimarla,18.188298,83.45933,,osm
NMP,Nimpura,22.325708,87.265375,,osm
NMX,New Maynaguri,26.578609,88.82291,,osm
NMZ,New Mal Junction,26.873104,88.7236,,osm
NNA,Naugachhia,25.384779,87.094077,,osm
NNB,Nimblak,19.118905,74.689093,,osm
NNE,Nonera,26.426419,78.305989,,osm
NNGI,Nangli,28.6173,77.010437,,osm
NNGL,Naya Nangal,31.379853,76.360036,,osm
NNHT,Nonihat Bhaturia,24.476668,87.14234,,osm
NNKR,Nanaksar,30.803512,75.420314,,osm
NNL,Narnaul,28.044772,76.123273,,osm
NNO,Nangloi,28.686281,77.057361,,osm
NNP,Nanpara Junction,27.860194,81.512688,,osm
NNPR,Nonapar,26.352468,83.96985,,osm
NNR,Narayanpur,25.397638,86.859441,,osm
NNU,Nangal Mundi,28.250387,76.499072,,osm
NNW,Narayanpur Tatwara,26.344113,76.635869,,osm
NNWH,Nawadih Halt,24.556253,86.705497,,osm
NNX,Nanauta,29.702781,77.439705,,osm
NOA,Nosaria,28.121345,74.560703,,osm
NOB,Nobanda,23.27042,87.138678,,osm
NOH,Nigohi,28.099228,79.878856,,osm
NOI,Nariaoli,23.896034,78.604536,,osm
NOK,Nokha,27.555271,73.475596,,osm
NOL,Niyol,21.160279,72.903161,,osm
NOLI,Noli,28.744327,77.309629,,osm
NOMD,Noamundi,22.151931,85.521845,,osm
NON,Nonar Halt,25.290903,84.375163,,osm
NOQ,New Alipurduar,26.486343,89.541349,,osm
NOR,Neoranadi,26.741827,88.747156,,osm
NPD,Nawapara Road,20.809726,82.562564,,osm
NPH,Nurpura,26.710628,77.842426,,osm
NPI,Nipania,21.826235,82.044714,,osm
NPJE,Nichitpur,23.825775,86.287114,,osm
NPKRP,Nandanpur Kerar Para Halt,26.413006,88.759467,,osm
NPL,Nehru Place,28.551417,77.251739,,osm
NPMR,Narayan Pakuria Murail,22.399867,87.774236,,osm
NPP,نصرپور,34.018878,71.677955,,osm
NPR,Nepalganj Road,28.01121,81.601211,,osm
NPRD,Nagpur Road,23.278804,82.348007,,osm
NPS,Napasar,27.981015,73.563701,,osm
NPV,Narpatganj,26.340091,87.111691,,osm
NPW,Nipani Vadgaon,19.587987,74.704533,,osm
NPX,Narinderpura,29.952395,75.476761,,osm
NQH,New Domohani,26.569491,88.785892,,osm
NQR,Naraja Marthapur,20.459726,85.780549,,osm
NR,Niphad,20.097202,74.080014,,osm
NRA,Nunkhar,26.425558,83.879996,,osm
NRB,ناری بنک,29.523295,67.79736,,osm
NRD,Naroda,23.08541,72.658095,,osm
NRG,Nergundi Junction,20.537816,85.958666,,osm
NRGO,Narganjo Halt,24.74389,86.457904,,osm
NRGR,Naranjipur,23.046644,76.008874,,osm
NRH,Nahargarh,22.87235,74.498849,,osm
NRHTH,Narhat Halt,24.775878,85.405223,,osm
NRI,Naraina,26.796147,75.192295,,osm
NRKE,Nari Khetri,28.18617,75.601832,,osm
NRKP,Narkopi,23.378197,84.967026,,osm
NRL,Neral Junction,19.027431,73.318437,,osm
NRLN,Neral NG,19.026796,73.318414,,osm
NRLR,Norla Road,20.040664,83.373276,,osm
NRM,Nurmahal,31.081765,75.601414,,osm
NRN,Narhan,25.747578,85.975345,,osm
NRNR,Nurnagar,28.908134,77.714852,,osm
NRO,Nakodar Junction,31.111861,75.476572,,osm
NRP,Narsipatnam Road,17.451028,82.72359,,osm
NRPA,Narayanpur Anant,26.089031,85.40895,,osm
NRPR,Narendrapur,22.453901,88.41849,,osm
NRS,Nagaria Sadat,28.550037,79.206011,,osm
NRSF,نورائی شريف,25.170884,68.467262,,osm
NRSI,Noorsarai,25.283031,85.459147,,osm
NRSP,Narasimhapur,19.365896,84.918543,,osm
NRUR,Nareshwar Road,21.87216,73.201118,,osm
NRV,Nariyar,26.240121,85.217642,,osm
NRVR,Naraina Vihar,28.637826,77.141241,,osm
NRW,Narwana Junction,29.589052,76.109677,,osm
NRWI,Narwasi,28.764791,75.409769,,osm
NRX,Noadar Dhal,23.446035,87.743118,,osm
NRY,Nyoriya Husenpur,28.730967,79.888622,,osm
NRZB,Nowrozabad,23.395277,80.979495,,osm
NSA,Nishangara,28.244616,81.226794,,osm
NSD,Nasirabad,26.29507,74.717381,,osm
NSET,Noida Sector 18,28.570758,77.326076,,osm
NSF,Nasibpur,22.804641,88.263673,,osm
NSFT,Noida Sector 15,28.584884,77.311612,,osm
NSHP,Netaji Subhash Place (Pink Line),28.694715,77.154261,,osm
NSI,Nekurseni,22.004554,87.305768,,osm
NSN,Nasirpur,28.602873,77.107628,,osm
NSP,Nalla Sopara,19.4179,72.818569,,osm
NSR,نوشہرہ جنکشن,34.000228,72.00546,,osm
NSS,Nawanshahr Daoba Junction,31.121796,76.109075,,osm
NSST,Noida Sector 16,28.578081,77.317778,,osm
NST,نصرت,27.708977,68.417567,,osm
NSTD,نشاط آباد ریلوے اسٹیشن,31.449783,73.119486,,osm
NSU,Nisoi,28.291068,79.237858,,osm
NSW,Naswadi,22.047985,73.732003,,osm
NSX,Narsipuram Halt,18.738764,83.407388,,osm
NSZ,Nishatpura,23.287713,77.42534,,osm
NTA,Netra,22.208428,88.254476,,osm
NTDM,Nityanand Dham,23.417354,75.059022,,osm
NTG,Nusratabad Kharkhari,28.775278,77.307476,,osm
NTK,نوتک,31.476718,71.039662,,osm
NTL,نٹال,28.751216,68.077117,,osm
NTN,Nar Town,22.468984,72.706881,,osm
NTU,Nigatpur,25.251089,82.760408,,osm
NTV,Nautanwa,27.424728,83.420198,,osm
NTWL,Netawal,24.862635,74.473751,,osm
NTZ,Nathwana,28.564972,73.815787,,osm
NU,Narsinghpur,22.943178,79.214289,,osm
NUA,Nua,28.058364,75.285516,,osm
NUAGN,Nuagaon,20.364549,86.56062,,osm
NUAGNN,Nuagaon,20.266689,84.956401,,osm
NUB,Nurabad,26.405085,78.077635,,osm
NUD,Navagadh,21.764059,70.61666,,osm
NUEE,Nehru Enclave,28.546058,77.251506,,osm
NUH,Naugarh,27.274804,83.088518,,osm
NUPR,Nurpur Road,32.280767,75.848598,,osm
NUQ,Nagar Untari,24.285264,83.513714,,osm
NUR,نور ریلوے اسٹیشن,33.628843,73.01343,,osm
NUT,نوتہیہ ریلوے اسٹیشن,31.922418,73.55391,,osm
NV,Nirman Vihar,28.636459,77.286815,,osm
NVG,Nawegaon,22.088095,78.437273,,osm
NVI,Navinal,22.808867,69.602412,,osm
NVP,Navalpura,23.289004,73.200616,,osm
NVRD,Navade Road,19.053846,73.10303,,osm
NVS,Navsari,20.948131,72.913097,,osm
NWA,Nagarwara,22.211952,80.123251,,osm
NWB,Niwas Road,24.082349,81.934518,,osm
NWC,Naya Nagar,25.750418,86.111509,,osm
NWD,Nawadah,24.88589,85.548125,,osm
NWDH,Nawadih,24.409197,85.816152,,osm
NWH,Nawalgarh,27.843962,75.246455,,osm
NWL,نارووال جکشن,32.10122,74.864581,,osm
NWMS,Naopara Mahishasur,24.317168,88.147028,,osm
NWN,Nanwan,28.372197,76.010223,,osm
NWP,Naupada Junction,18.578915,84.283154,,osm
NWR,Niwar,23.719549,80.369768,,osm
NWS,نوابشاہ,26.245753,68.4116,,osm
NWU,Navapur,21.166624,73.772517,,osm
NXL,Nirol,23.731482,88.01569,,osm
NXN,Nuagaon,22.394471,84.9381,,osm
NXR,Nagsar Halt,25.499955,83.645188,,osm
NYA,Narayangarh,22.173862,87.38103,,osm
NYG,Nayagarh,21.839339,85.433532,,osm
NYGT,Nayagarh Town,20.143965,85.115438,,osm
NYK,Naya Kharadia,27.038493,74.937017,,osm
NYM,Neyamatpur Halt,24.939708,84.987945,,osm
NYN,Naini Junction,25.393729,81.860203,,osm
NYO,Nayagaon,25.762758,85.098751,,osm
NYRH,Nayar Hat,26.430799,89.130138,,osm
NYT,Nayatola Railway Station,25.56179,87.603172,,osm
NZD,نظام آباد ریلوے اسٹیشن,32.429638,74.117678,,osm
NZG,Nazarbag,22.814539,70.854861,,osm
NZM,Hazrat Nizamuddin Junction,28.588965,77.25352,,osm
NZP,Niyazipur,25.14637,84.988904,,osm
NZS,نظام سما ہالٹ,25.062713,68.599151,,osm
OBR,Obra Dam,24.439518,82.977431,,osm
OCH,Odhaniya Chacha,26.970802,71.723694,,osm
OD,Od,22.657116,73.084906,,osm
ODB,Oodlabari,26.866937,88.624448,,osm
ODG,Obaidullaganj,22.995072,77.587465,,osm
ODHA,Odha,20.017795,73.913237,,osm
ODL,اڈرولال,25.629762,68.59596,,osm
ODM,Onda Gram Railway Station,23.148225,87.202559,,osm
OEL,Oel,27.830975,80.753702,,osm
OFDB,Old Faridabad,28.410833,77.311406,,osm
OKA,Harkesh Nagar Okhla,28.542934,77.275041,,osm
OKBS,Okhla Bird Sanctuary,28.552922,77.321563,,osm
OKD,Okha Madhi,22.095292,69.10398,,osm
OKHA,Okha,22.471608,69.076542,,osm
OKNS,Okhla NSIC,28.554492,77.264877,,osm
OLP,Olapur,25.51663,86.369785,,osm
OM,Omkareshwar Road,22.214937,76.046457,,osm
OMB,Umbermali,19.628367,73.422953,,osm
OMLF,Old Malda Junction,25.05306,88.143635,,osm
ON,Unnao Junction,26.549238,80.487437,,osm
OND,Aunlajori Junction,22.334605,86.19596,,osm
ORAI,Orai,25.982768,79.459765,,osm
ORC,Orchha,25.401189,78.645744,,osm
ORDI,Ordi,24.826401,74.631993,,osm
OREH,Ore,24.925508,84.990197,,osm
ORGA,Orga,22.448679,84.916026,,osm
ORKI,Orki,30.093508,73.892634,,osm
ORR,Orr,24.522893,77.833791,,osm
ORW,Orwara,26.798544,82.843644,,osm
OSN,Osiyan,26.730622,72.899493,,osm
OSRA,Osra,23.03037,75.611298,,osm
OTD,Ootwar,27.625901,76.732784,,osm
OTR,اترام,24.977336,67.967492,,osm
OVA,Okhla Vihar,28.5613,77.291877,,osm
OYR,Waria,23.538477,87.2463,,osm
PAA,Patas,18.473417,74.471013,,osm
PAD,Pardi,20.513794,72.92422,,osm
PADH,Pipradih,24.390627,85.492968,,osm
PAE,Palana,27.852413,73.272936,,osm
PAGI,Peera Garhi,28.679807,77.092679,,osm
PAHB,Pura Halt,24.815126,85.247533,,osm
PAI,Pabai,23.767521,77.932037,,osm
PAIL,Pali,25.557095,84.813989,,osm
PAJ,Paraj,23.387588,87.627202,,osm
PAL,Palasner,22.298601,77.0425,,osm
PALH,پلہ,24.962803,68.757936,,osm
PALI,Pali,28.176632,76.450592,,osm
PALM,Palam,28.58891,77.083076,,osm
PAN,Panagarh,23.443148,87.458266,,osm
PAO,Panoli,21.535461,72.978044,,osm
PAQ,Padiya Nagla,29.072771,78.902461,,osm
PARH,Parakheda,25.704711,77.641258,,osm
PAROO,Paru Khas,26.081336,85.056246,,osm
PATI,Parsa Tiwari,26.958122,82.448067,,osm
PATL,Patel Halt,25.56382,84.895763,,osm
PATM,Patam Halt,25.322627,86.532829,,osm
PAVI,Pavi,22.340467,73.83388,,osm
PAW,Pandabeswar,23.712169,87.277177,,osm
PAX,Patti,31.287774,74.855469,,osm
PB,Puntamba Junction,19.761445,74.621966,,osm
PBA,Piardoba,22.956881,87.322164,,osm
PBB,Parbatonia,22.508327,84.947012,,osm
PBBGA,Punjabi Bagh,28.672995,77.146124,,osm
PBC,Parbatsar City,26.888533,74.762621,,osm
PBE,Pilibhit Junction,28.615706,79.81243,,osm
PBGB,Phoolbagan,22.572127,88.390241,,osm
PBGW,Punjabi Bagh West,28.672767,77.139198,,osm
PBHD,Prabhadevi,19.007472,72.835897,,osm
PBI,پبی,34.013374,71.780929,,osm
PBJM,Pabnawa Jasmohinder,29.89811,76.66177,,osm
PBR,Porbandar,21.64289,69.61469,,osm
PBV,Paliba,18.660535,82.696111,,osm
PBW,Pantnagar,29.017494,79.518084,,osm
PBZ,Porabazar,22.917398,88.159338,,osm
PCA,پکَاانّا ریلوے اسٹیشن,31.245644,72.798055,,osm
PCC,Prachi Road Junction,20.983388,70.691064,,osm
PCDR,Panchdeori Halt,26.566924,84.170672,,osm
PCG,Pench,24.04942,76.933341,,osm
PCH,Pachhapur,16.080448,74.670934,,osm
PCK,Pachrukhi,26.161787,84.416864,,osm
PCLI,Palachauri,22.200675,78.666054,,osm
PCMK,Pachar Malikpura,27.206226,75.394925,,osm
PCN,Panch Piplia,23.032683,74.666739,,osm
PCOI,Allahabad Chheoki Junction,25.377059,81.867129,,osm
PCQ,Pichkurir Dhal,23.545478,87.720704,,osm
PCR,Panchra,23.772083,87.330298,,osm
PCT,Panchtalavda Road,21.618436,71.443873,,osm
PCX,Pagla Chandi,23.731803,88.305452,,osm
PCY,Pipar City,26.374691,73.53158,,osm
PD,Phardhan,27.989416,80.642021,,osm
PDA,Pundooah,23.070673,88.269673,,osm
PDC,پرخوڈھیری,34.33008,71.937515,,osm
PDE,Pindrai,22.512238,80.04675,,osm
PDF,Padampur,23.508986,70.81785,,osm
PDGN,Padhegaon,19.537303,74.692324,,osm
PDGP,Pudgam Ganeshpura,23.676692,72.48184,,osm
PDH,Paddhari,22.429796,70.605756,,osm
PDI,Palasdhari,18.884354,73.320813,,osm
PDMA,Padma,24.210376,85.353261,,osm
PDN,پڈ عیدن,26.776654,68.284111,,osm
PDPH,PadapaharJunction,22.156585,85.546222,,osm
PDPK,Padmapukur,22.568257,88.305743,,osm
PDQ,Padla,24.306293,73.777797,,osm
PDR,Payagpur,27.407052,81.777023,,osm
PDRA,Padra,22.237275,73.089986,,osm
PDRD,Pindra Road Railway Station,25.494661,82.852906,,osm
PDS,Pindarsi,29.918335,76.704662,,osm
PDSN,Peddasana,18.595356,84.179461,,osm
PDT,Pendurthi,17.814225,83.19568,,osm
PDU,Ponduru,18.362788,83.776787,,osm
PDW,Pandaul,26.268715,86.089263,,osm
PDWA,Pindwara,24.789362,73.038478,,osm
PDX,Payradanga Rail Station,23.128482,88.545507,,osm
PDZ,Pilioda,26.605933,76.864096,,osm
PEE,Paterhi,25.917719,84.800777,,osm
PEH,Pathardih Bazar,23.682887,86.428328,,osm
PEN,Pen,18.735385,73.086816,,osm
PEP,Phephna Junction,25.769981,84.051083,,osm
PERN,Pernem,15.708996,73.81676,,osm
PES,Phesar,24.84529,84.418058,,osm
PFK,پھیرو کنری,29.617452,67.66695,,osm
PFL,Piprala,23.649711,71.094418,,osm
PFM,Phaphamau Junction,25.525656,81.86713,,osm
PFR,Pachor Road,23.728759,76.741731,,osm
PFT,Pothahi,25.443269,85.083632,,osm
PFU,Padua,18.398138,82.688756,,osm
PGA,Pagara,24.656174,77.443708,,osm
PGB,پیراں غائب ریلوے اسٹیشن,30.196706,71.557928,,osm
PGC,Panchgachia,25.970211,86.599115,,osm
PGHA,پائیگاہ,29.950904,70.633283,,osm
PGK,Pili Bangan,29.483881,74.078844,,osm
PGL,Pagdhal,22.420323,77.351512,,osm
PGMD,Pragati Maidan,28.616039,77.247211,,osm
PGW,Phagwara Junction,31.217576,75.765438,,osm
PH,Panoh,31.548086,76.202389,,osm
PH1,DLF Phase 1,28.471426,77.093961,,osm
PHA,Patharia,23.905681,79.192396,,osm
PHC,Panchot,23.635631,72.337575,,osm
PHD,Phaphund,26.515254,79.826634,,osm
PHE,Pahleja,24.933271,84.146147,,osm
PHJ,پھلجی,26.86347,67.785549,,osm
PHK,Punarakh,25.481957,85.803649,,osm
PHM,Patapatnam,18.73821,84.080862,,osm
PHN,Pokhrayan,26.22344,79.841118,,osm
PHOP,Phoop,26.655842,78.881654,,osm
PHR,Phillaur Junction,31.016873,75.786102,,osm
PHRH,Panchrukhi,32.056372,76.565434,,osm
PHS,Ferozeshah,30.883448,74.8047,,osm
PHWR,Pehowa Road,29.884078,76.621093,,osm
PHY,Phariha,26.00727,83.029255,,osm
PI,Padli,19.798199,73.672129,,osm
PIA,Piprai Gaon,24.504114,77.964554,,osm
PIC,Parichha,25.518427,78.738481,,osm
PIGT,Pilighat,24.657682,77.505853,,osm
PIH,Parhihara,27.921422,74.549757,,osm
PII,پیر پیائی,34.009731,71.897379,,osm
PIJ,Pij,22.675902,72.810892,,osm
PIK,پائی خیل ریلوے اسٹیشن,32.764699,71.574779,,osm
PIO,Pilol,22.415153,73.20988,,osm
PIP,Piplia,24.203623,75.007569,,osm
PIR,پانیر,29.675641,67.546233,,osm
PIRN,Piperan,29.26423,73.928413,,osm
PIRO,Piro,25.319934,84.408823,,osm
PIS,Piska,23.329854,85.206322,,osm
PIT,Palitana,21.537935,71.822874,,osm
PJ,Peppeganj,26.930569,83.294438,,osm
PJA,Pajian,31.272212,75.295164,,osm
PJG,پنجگرائیں,31.917513,71.153917,,osm
PJGM,Panzgom,33.84643,75.038573,,osm
PJH,Pir Jhalar,23.046215,75.448163,,osm
PJK,Panj Kosi,30.138361,74.049844,,osm
PJL,پالی جانی,25.567056,68.558587,,osm
PJLE,Panjwara Road,24.876704,87.013714,,osm
PJN,Panjhan,20.275072,74.610987,,osm
PJP,Panjipara,26.139416,88.016991,,osm
PJPI,Prajapati,26.816788,84.502329,,osm
PKA,Pradhankhunta Junction,23.772811,86.515877,,osm
PKBS,Peeplee Ka Bas,26.910644,75.268924,,osm
PKC,Pakra,22.857664,84.949395,,osm
PKDE,Pilu Khera,29.35605,76.498307,,osm
PKF,Pokla,22.91953,84.951044,,osm
PKJN,Pakhajan,21.798633,72.728553,,osm
PKK,Pakki,30.163197,74.346736,,osm
PKNA,Pakhna,27.308268,79.33256,,osm
PKR,Pakur,24.637965,87.855867,,osm
PKRA,Parsa Khera,28.433378,79.342855,,osm
PKRD,Pakaria Road,24.047664,80.501048,,osm
PKRH,Parsa Kerwan Halt,26.053428,84.827105,,osm
PKS,پکا سدھار,30.318946,73.274569,,osm
PKU,Panskura Junction,22.392694,87.742741,,osm
PKW,Pilkhua,28.712519,77.668445,,osm
PKX,Pakhruli,26.205276,82.123264,,osm
PKY,Pilkhani,29.99765,77.473105,,osm
PKZ,Pipli Pakhi Kalan,30.731363,74.73312,,osm
PL,Lower Parel,18.99568,72.830276,,osm
PLA,Palia,22.830363,75.799485,,osm
PLAE,Palsit,23.196377,88.00314,,osm
PLBS,Phulbasia,23.864114,84.910621,,osm
PLCJ,Phalodi Junction,27.125755,72.366672,,osm
PLDR,Piludra,23.64669,72.438086,,osm
PLE,Piplee,23.814408,71.516487,,osm
PLF,Piali,22.387313,88.518888,,osm
PLG,Palghar,19.697888,72.771889,,osm
PLGH,Paligarh,25.961787,83.500692,,osm
PLH,Parlakhemundi,18.785724,84.081619,,osm
PLHW,Palhawas,28.359565,76.629712,,osm
PLJ,Palej,21.92057,73.072625,,osm
PLJE,Phulwartanr,23.77535,86.226863,,osm
PLK,Palia Kalan,28.426467,80.582492,,osm
PLLD,Phaltan,18.008609,74.415433,,osm
PLM,Paneli Moti,21.873759,70.160016,,osm
PLMX,Palampur Himachal,32.081564,76.515491,,osm
PLP,Phulpur,25.552128,82.090713,,osm
PLRD,Padaliya Road,22.37408,74.073726,,osm
PLS,Pipalsana,28.952101,78.83529,,osm
PLSG,Palasingi,19.014515,83.805417,,osm
PLSN,Palsana,27.48575,75.377683,,osm
PLT,Pirthala Lalauda,29.62333,75.866691,,osm
PLV,Palsi,17.812062,74.11145,,osm
PLVR,Palam Vihar,28.516466,77.03397,,osm
PLW,Pingleswar,23.21134,75.860818,,osm
PLWR,Phulwaria,26.468665,84.255673,,osm
PLY,Plassey,23.778035,88.285065,,osm
PM,Palam,28.585353,77.092471,,osm
PMC,PMC Bhavan,18.522744,73.85335,,osm
PME,Pandu Mewas,22.669044,73.363869,,osm
PMH,Parao Mahna,30.811491,75.267102,,osm
PMI,Paimar,24.806479,85.110215,,osm
PMM,Parsehra Mal,27.721836,80.72981,,osm
PMN,Paman,26.359987,80.080579,,osm
PMO,Pandoli,24.86637,74.399585,,osm
PMP,Pimpri,18.622953,73.802512,,osm
PMPE,Pampur,33.998857,74.894922,,osm
PMQ,Parmanand,32.170383,75.496337,,osm
PMR,Pitambarpur,28.200004,79.538148,,osm
PMU,Parmanandpur,25.741192,85.134363,,osm
PMY,Pali Marwar,25.790974,73.327286,,osm
PMYA,Parminiya,25.826736,86.595409,,osm
PNBE,Patna Junction,25.603211,85.137686,,osm
PNC,Patna Sahib,25.58594,85.230638,,osm
PNCB,Pancheberia,23.220464,88.599423,,osm
PND,Pendra Road,22.755767,81.899,,osm
PNDI,Pachandi,23.722434,88.050747,,osm
PNDR,Pandori,22.471718,72.744116,,osm
PNE,Prantik,23.695851,87.69402,,osm
PNGR,Pingora,27.087652,77.371967,,osm
PNHI,Panhai,25.082747,81.204656,,osm
PNHR,Panihar,26.104963,78.023075,,osm
PNI,Puraini,29.38929,78.446354,,osm
PNJ,Padriganj,22.316648,80.113855,,osm
PNK,Panki,26.459561,80.23907,,osm
PNL,پنو عاقل,27.850339,69.114742,,osm
PNME,Parasnath,23.987309,86.03797,,osm
PNP,Panipat Junction,29.390329,76.964085,,osm
PNPL,Panpali,21.91566,84.139633,,osm
PNPN,Panpana,21.361764,86.793266,,osm
PNSA,Punsia,24.954266,87.003795,,osm
PNSR,Pansar,23.307882,72.480264,,osm
PNU,Palanpur Junction,24.17454,72.430721,,osm
PNUG,Punpun Ghat Halt,25.498686,85.10092,,osm
PNV,Panevadi,20.262511,74.483526,,osm
PNVL,Panvel (Suburban),18.990939,73.120605,,osm
PNW,Pundhag,23.508602,86.088996,,osm
PNWN,Pachawan,23.208924,77.126966,,osm
PNYA,Paniahwa,27.16728,83.933622,,osm
POE,Pawapuri Road,25.159611,85.511702,,osm
POF,Piparsand,26.741822,80.796815,,osm
POK,Pokaran,26.930868,71.921512,,osm
POKL,Peokol,26.342861,83.930676,,osm
POL,Pinjrapol,23.553801,87.228125,,osm
POP,پیر کاٹپر,27.385171,68.588476,,osm
POR,Piplod Road,24.934411,76.632622,,osm
POT,Pothia,26.310747,88.179412,,osm
POU,Padrauna,26.897561,83.982705,,osm
POX,Pola-Patthar,22.345502,77.854917,,osm
PP,Puranpur,28.514349,80.151295,,osm
PPA,Pipra,26.490296,84.986079,,osm
PPALI,Piplai,26.50845,76.551635,,osm
PPB,Partabpura,31.052058,75.716008,,osm
PPC,Pipraich,26.828087,83.53576,,osm
PPCK,Pipalwali Chowk,26.26612,77.472799,,osm
PPD,Piplod,22.819222,73.910246,,osm
PPDA,Panchpatia Deoria,25.768428,84.936186,,osm
PPDE,Pandu Pindara Junction,29.308429,76.371396,,osm
PPE,Paintepur,27.238925,81.15164,,osm
PPEA,Paprera,27.225729,77.30367,,osm
PPF,Piplaj,26.16696,74.380782,,osm
PPG,Piploda Bagla,23.36169,75.42928,,osm
PPGT,Prinsep Ghat,22.556593,88.331407,,osm
PPH,Pipri Dih,25.867799,83.48905,,osm
PPI,Pipariya,22.754312,78.355876,,osm
PPKD,Phaphrakund,24.417376,82.932637,,osm
PPL,پپلاں ریلوے اسٹیشن,32.2923,71.368778,,osm
PPLI,Pipli,22.345646,69.935211,,osm
PPN,Punpun,25.489121,85.09959,,osm
PPNI,Paras Pani,24.390124,83.034379,,osm
PPO,Panposh,22.228599,84.805323,,osm
PPR,Pipar Road Junction,26.451833,73.447814,,osm
PPS,Pipliya Road,22.927999,70.68033,,osm
PPT,Pirpainti,25.290036,87.421128,,osm
PPTA,Patliputra,25.62162,85.06887,,osm
PPTN,Piprithan,26.478841,88.124344,,osm
PPU,Piparpur Station,26.152024,82.041694,,osm
PPV,Pratapganj Railway Station,26.312793,86.956403,,osm
PPVS,Pipavav,20.931752,71.474182,,osm
PPW,Pachperwa,27.52995,82.639022,,osm
PPX,پاکپتن,30.355016,73.39512,,osm
PQD,Pranpur Road,25.462066,87.704341,,osm
PQN,Pariawan Kalakankar Road,25.825289,81.368595,,osm
PQS,Park Circus,22.54078,88.373881,,osm
PQT,Punyavat,22.333118,73.95602,,osm
PQU,Paranamau,23.625975,76.554738,,osm
PQY,Pabli Khas,29.05602,77.69772,,osm
PQZ,Pundibari,26.413162,89.394062,,osm
PR,Parel,19.009482,72.837661,,osm
PRA,Pratap Nagar,28.666718,77.198897,,osm
PRAE,Palla Road Station,23.179074,88.009361,,osm
PRAR,Paror,32.081327,76.460309,,osm
PRB,Parbati,23.280484,76.964107,,osm
PRBZ,Parsa Bazar,25.549682,85.119042,,osm
PRCY,Parvatsar Mela,26.902812,74.74762,,osm
PRDG,Poradanga Halt,24.262178,88.225217,,osm
PRDH,Pirduleshah,25.876749,73.149675,,osm
PRDL,Paradol,23.186799,82.264735,,osm
PRDP,Paradeep,20.279738,86.612273,,osm
PRE,Pahara,25.119381,82.723734,,osm
PRF,Parsipur,25.370603,82.637419,,osm
PRG,Prayag Junction,25.469049,81.86747,,osm
PRGR,Pinargaria,24.211055,87.642369,,osm
PRI,Pathri,29.853436,78.078115,,osm
PRJ,Prantij,23.430443,72.866423,,osm
PRK,Parkham,27.287568,77.715534,,osm
PRKA,Parikha,22.087054,73.290046,,osm
PRKD,Powerkheda,22.673856,77.748086,,osm
PRKE,Purua Khera,28.385718,78.951303,,osm
PRKH,Parakanahatti,16.138841,74.694655,,osm
PRM,Pirumadara,29.337837,79.060392,,osm
PRN,Parauna,25.866696,79.126003,,osm
PRNA,Purniya Junction,25.789397,87.519249,,osm
PRNC,Purnia Court,25.795385,87.475192,,osm
PRNG,Pritam Nagar,23.203455,75.202093,,osm
PRNR,Porjanpur,21.785579,85.524112,,osm
PRP,Paharpur,24.624419,85.206574,,osm
PRPM,Pt Ram Prasad Bismil,27.811223,79.958369,,osm
PRQ,Perak,29.466254,67.843334,,osm
PRR,Purulia Junction,23.325579,86.37798,,osm
PRRB,Allahabad City,25.439681,81.849293,,osm
PRS,پیرو لاشاری,24.767655,68.816044,,osm
PRSL,Pandrasali,22.633899,85.807315,,osm
PRSP,Prasadpur,28.543852,80.087592,,osm
PRSR,Paharsar,28.722737,75.424787,,osm
PRTL,Pirtala,24.359751,88.281064,,osm
PRTN,Pratapnagar,22.281499,73.210832,,osm
PRTP,Partapur,28.921342,77.647052,,osm
PRU,Parlu,25.823306,72.431879,,osm
PRUR,Prithvirajpur,29.959404,73.713379,,osm
PRWL,پرویز والا,30.126424,71.8467,,osm
PRX,پیارو گوٹھ,26.948588,67.81513,,osm
PRY,Paraiya,24.809344,84.851083,,osm
PRYJ,Prayagraj Junction,25.445432,81.825958,,osm
PRZ,Parsa,27.444227,82.88924,,osm
PSA,Palasa,18.757382,84.421945,,osm
PSAE,Purbasthali,23.452598,88.324863,,osm
PSB,Parsabad,24.307776,85.739007,,osm
PSC,پشاور چھاؤنی,34.002248,71.550409,,osm
PSE,Pusauli,25.09763,83.722431,,osm
PSF,Patrasayer,23.217327,87.536508,,osm
PSH,پشاور شہر,34.017976,71.586947,,osm
PSI,پیشی,29.727657,67.485273,,osm
PSJ,Patasahi,21.984451,84.950369,,osm
PSL,Parisal,27.681884,76.615403,,osm
PSLI,Parsoli,25.111943,74.874356,,osm
PSME,Palāsthali,23.835958,87.052981,,osm
PSN,Parsendi,27.578518,80.844161,,osm
PSO,Palsora Makrawan,23.260268,75.53136,,osm
PSPH,Purushottampur Halt,27.038032,84.635613,,osm
PSPK,Panchsheel Park,28.542375,77.221092,,osm
PSR,Pasraha,25.403766,86.744547,,osm
PST,Posoita,22.446747,85.25442,,osm
PSV,Parsneu,28.038536,74.369473,,osm
PT,Patli,28.401077,76.857079,,osm
PTA,Patiala,30.342159,76.402266,,osm
PTAB,Patia,20.347925,85.841137,,osm
PTAE,Patuli,23.547386,88.252112,,osm
PTCK,Patel Chowk,28.623367,77.214491,,osm
PTD,Petlad Junction,22.485725,72.801711,,osm
PTE,Patiala Cantt.,30.340115,76.359704,,osm
PTF,Palta,22.782629,88.370275,,osm
PTG,Patna Ghat,25.587653,85.238043,,osm
PTH,Patranga,26.825131,81.626136,,osm
PTHD,Patohan,23.913884,80.199253,,osm
PTHL,Pantihal,22.658895,88.113461,,osm
PTI,Patiali,27.684181,78.983997,,osm
PTK,Pathankot Junction,32.272204,75.647784,,osm
PTKC,Pathankot Cantonment,32.259378,75.636536,,osm
PTKN,Pathankot Junction (NG),32.271509,75.649296,,osm
PTKR,Patipukur,22.606551,88.395245,,osm
PTLI,Pathauli,27.156982,77.92535,,osm
PTMD,Supreme Court,28.623475,77.242528,,osm
PTN,Patel Nagar,28.645013,77.169282,,osm
PTNR,Patel Nagar,28.659809,77.156957,,osm
PTP,,22.504987,75.799853,,osm
PTPL,Petrapole,23.036696,88.868687,,osm
PTPR,Pratabpur,28.56643,79.83125,,osm
PTR,Patdi,23.182626,71.790605,,osm
PTRA,Patra,26.481394,79.958692,,osm
PTRD,Pataudi Road,28.347879,76.752238,,osm
PTRE,Patara,26.232794,80.203913,,osm
PTRJ,Patti Rajpura,32.069365,76.539408,,osm
PTRL,Pathrala,30.007422,74.744957,,osm
PTRU,Patratu,23.666857,85.305651,,osm
PTTN,Pattan,34.16583,74.56331,,osm
PTVR,Preet Vihar,28.641418,77.295282,,osm
PTWA,Patwara,23.913827,80.413715,,osm
PUD,Phanda,23.231296,77.187595,,osm
PUE,Palari,22.302361,79.817008,,osm
PUF,Pauta,28.524372,79.822107,,osm
PUHT,Pushkar,26.490869,74.537871,,osm
PUL,Rampura Phul,30.268456,75.236136,,osm
PUN,Pundi,18.664853,84.370616,,osm
PUNE,Pune Junction,18.528877,73.874415,,osm
PUO,Pir Umrod,23.256328,76.23029,,osm
PURI,Puri,19.807934,85.83779,,osm
PUS,Phusro,23.767586,86.009782,,osm
PUW,Patuwas Mahrana,28.557221,76.334388,,osm
PUX,Parasia,22.193317,78.764014,,osm
PVP,Parvatipuram,18.769903,83.427157,,osm
PVPT,Parvatipuram Town,18.784644,83.434139,,osm
PVR,Purandarpur,27.184269,83.328783,,osm
PVZ,Parvezpur,28.510507,75.73108,,osm
PW,Pirwa,27.231463,74.461763,,osm
PWBN,Pawai Brohmasthan Halt,25.171173,86.197861,,osm
PWK,Pipariya Kalan,23.855429,80.729856,,osm
PWKHI,Pawakhali,26.336297,87.94977,,osm
PWL,Palwal,28.151581,77.341795,,osm
PWR,Pilwai Road,23.51665,72.731377,,osm
PWS,Phulwari Sharif,25.586607,85.08028,,osm
PWXP,Pawani Kumarpur Halt,25.527504,83.935778,,osm
PXR,Palpara,23.060469,88.521298,,osm
PYGS,Prayagraj Sangam,25.444432,81.880562,,osm
PYHT,Poreyahat,24.687568,87.173248,,osm
PYI,Payli,28.060621,74.564022,,osm
PYQ,Prayagpura,22.187744,73.424207,,osm
QDN,Qadian,31.826383,75.388288,,osm
QG,Qazigund,33.588671,75.158026,,osm
QGT,Kolaghat,22.435141,87.880907,,osm
QLM,Kulem,15.33416,74.244595,,osm
QM,Qutab Minar,28.512951,77.186453,,osm
QMRS,Kayamsar,28.101,74.993654,,osm
QRP,Kila Raipur,30.758849,75.82672,,osm
QSB,قلعہ سوبھا سنگھ,32.230165,74.76344,,osm
QSR,Kansrao Railway Station,30.078806,78.141807,,osm
QTA,کوئٹہ,30.191627,67.000756,,osm
QTP,Qutabpur,29.761855,76.346117,,osm
QTR,Kothara,23.126395,68.94402,,osm
QWB,Qabarwala,30.176975,74.420233,,osm
QXR,Kuchesar Road,28.747484,77.915629,,osm
RA,Ramparda,22.636527,71.356225,,osm
RAA,Barara,30.21287,77.038492,,osm
RABE,Rabale,19.136636,73.002782,,osm
RAH,Ramgarh,27.576939,76.811444,,osm
RAI,Raibha,27.18132,77.820443,,osm
RAIR,Rairakhol,21.04622,84.333311,,osm
RAJ,Rajpipla,21.878069,73.503969,,osm
RAJP,Rajapur Road,16.635634,73.626799,,osm
RAK,Ramkot,27.52634,80.591618,,osm
RAKD,Radhakund,27.539506,77.521545,,osm
RAKL,Rithaura Kalan,26.384562,78.233643,,osm
RAMA,Ramva,25.890615,80.853021,,osm
RAMP,Rampuri,22.408967,80.254964,,osm
RAMR,Ramalpur,27.538362,80.906535,,osm
RAN,رانی پور ریاست,27.280498,68.517074,,osm
RANI,Rani,25.348718,73.310968,,osm
RAPU,Rampura,24.844579,79.351523,,osm
RAS,Ras,26.299502,74.178521,,osm
RAU,Rau,22.633651,75.805105,,osm
RAY,Ray,23.678959,85.059788,,osm
RBA,Rambha,19.538359,85.094722,,osm
RBD,Rahimabad,26.99776,80.604058,,osm
RBHR,Rabrah,29.095663,76.719912,,osm
RBJ,Raibojha,27.969243,81.472844,,osm
RBK,Reoti Bahora Khera,28.314486,79.117889,,osm
RBL,Rae Bareli Junction,26.231344,81.240313,,osm
RBN,Raghubans Nagar,25.757348,87.061347,,osm
RBR,Ribada,22.126047,70.801336,,osm
RBS,Rupbas,26.989811,77.590514,,osm
RBZ,Rambhaddarpur,25.97777,85.865236,,osm
RCD,Rajchandrapur,22.652914,88.321314,,osm
RCF,Rail Coach Factory,31.326549,75.342606,,osm
RCGT,Richughuta,23.659094,84.586385,,osm
RCJ,Ranayal Jasmia,23.161571,76.072456,,osm
RCK,Rajiv Chowk,28.632779,77.219699,,osm
RCR,Rattar Chattar,31.99708,74.985306,,osm
RCRA,Ramchaura,26.995914,83.269005,,osm
RCS,رسالپور کینٹ,34.062628,72.002686,,osm
RCTC,Raghunathpur,20.351916,86.149901,,osm
RD,Ram Dayalu Nagar,26.097952,85.383936,,osm
RDD,Rikhabdev Road,23.997109,73.747882,,osm
RDDE,Barota,28.904091,77.059044,,osm
RDE,Rundhi,28.067705,77.351198,,osm
RDF,Radhagaon,23.597521,86.089249,,osm
RDH,رادھن,27.17637,67.954226,,osm
RDHP,Radhanpur,23.847286,71.585844,,osm
RDJ,Randheja,23.29712,72.633814,,osm
RDK,Rasheedpura Khori,27.732395,75.082048,,osm
RDL,Rudauli,26.762188,81.754202,,osm
RDN,Rudain,27.580611,79.184553,,osm
RDP,Radhikapur,25.643116,88.447793,,osm
RDRA,Ramdevra,27.007043,71.930147,,osm
RDS,Ramdas,31.963236,74.926921,,osm
RDT,Ravtha Road,24.933614,75.958316,,osm
RDU,Radhamohanpur,22.357034,87.613458,,osm
RDUM,Rampur Dumra,25.330788,86.000642,,osm
RE,Rewari Junction,28.202482,76.610861,,osm
REAI,Reasi Road,33.091232,74.875961,,osm
REG,Regupalem,17.505283,82.790696,,osm
REI,Rithi,23.904654,80.14055,,osm
REJ,Rejinagar,23.853674,88.258806,,osm
REMA,Rema,24.409417,86.026176,,osm
REN,Ren,26.788821,74.075319,,osm
RENH,Renhat,25.980375,77.835078,,osm
RES,Rasauli,26.931321,81.253366,,osm
RET,Rentiya,22.863102,74.210624,,osm
REWA,Rewa,24.53781,81.251495,,osm
RF,Rafaleshwar,22.769891,70.899922,,osm
RFJ,Rafiganj,24.819687,84.634616,,osm
RFR,Rafinagar,27.002208,81.29614,,osm
RG,Rajouri Garden (Blue Line),28.649056,77.12272,,osm
RGA,Rajagoda,22.324096,87.866486,,osm
RGB,Ramganga,28.29831,79.376062,,osm
RGD,Rajgir,25.032701,85.41502,,osm
RGDA,Rayagada,19.175365,83.41068,,osm
RGG,Raghogarh,24.462893,77.160457,,osm
RGH,Ramgarhwa,26.873974,84.797556,,osm
RGJ,Raiganj,25.618718,88.129033,,osm
RGL,Rengali,21.636047,84.042488,,osm
RGLI,Raghouli,25.133178,79.889785,,osm
RGNH,Raghunathgarh,29.307822,73.64764,,osm
RGQ,Raigadh Road,23.597235,73.184057,,osm
RGS,Ringas Junction,27.373154,75.563209,,osm
RGT,Rajghat,21.764514,87.154927,,osm
RGU,Ragaul,25.686242,80.129063,,osm
RGV,Raghopur,26.300048,86.838885,,osm
RGX,Raghunathbari,22.353567,87.79732,,osm
RGZ,Rangra,22.043238,85.14584,,osm
RHA,Ranaghat Junction,23.174769,88.569079,,osm
RHE,Rakha Mines,22.674527,86.354317,,osm
RHG,Rajgarh,27.242228,76.606827,,osm
RHI,Rakhi,25.685836,72.554481,,osm
RHJA,راہوجہ,26.996076,67.831366,,osm
RHMA,Rahama,20.298323,86.404877,,osm
RHN,Roshanpur,29.031234,78.882688,,osm
RHR,Rajhura,24.154619,84.015473,,osm
RHU,Rahon,31.059624,76.108499,,osm
RHW,Rohira Ghallughara,30.629985,75.844286,,osm
RI,Rithala,28.720806,77.107181,,osm
RIG,Raigarh,21.892306,83.389358,,osm
RIGA,Riga,26.64293,85.428437,,osm
RIKA,Ratikheda,24.596375,77.659544,,osm
RIP,রহনপুর রেলওয়ে ষ্টেশন,24.820454,88.319461,,osm
RIS,Rishra,22.724706,88.343435,,osm
RISE,"Rohini Sector 18, 19",28.73838,77.139853,,osm
RJ,Rawat Ganj,26.956588,83.286034,,osm
RJA,Rajanagar,26.401771,86.153386,,osm
RJAK,Rajnagar K,24.903866,79.87745,,osm
RJB,Rajabera,23.750662,86.080584,,osm
RJC,Rajsitapur,22.871217,71.56368,,osm
RJD,Rajpardi,21.770088,73.223078,,osm
RJG,Rajgram,24.545107,87.867761,,osm
RJGR,Rajathgarh Junction,20.575791,85.742303,,osm
RJI,Rajawari,25.497675,83.13113,,osm
RJJ,راجہ جنگ,31.222098,74.258058,,osm
RJJN,Rajajan Halt,25.614586,85.670877,,osm
RJK,Raja Ka Sahaspur Junction,28.627801,78.779701,,osm
RJL,Rajmahal,25.054054,87.83425,,osm
RJLA,Rajla Halt,24.755658,86.42272,,osm
RJLK,Rajalukan,22.152961,86.617142,,osm
RJMA,Rajomajra,30.375007,75.805123,,osm
RJMP,Rajmalpur Road,25.893449,83.788921,,osm
RJNPD,Ranjanpada,18.909258,73.015849,,osm
RJO,Rajendra Pul,25.387447,86.010546,,osm
RJPB,Rajendra Nagar Terminal (Patna),25.603007,85.162345,,osm
RJPR,راجن پور,29.100254,70.33787,,osm
RJQ,Rajendra Nagar,22.670019,75.829223,,osm
RJR,Rajaldesar,28.033542,74.477974,,osm
RJS,Rajiyasar,29.06743,73.842479,,osm
RJSH,راجن شاہ,31.144569,70.953483,,osm
RJT,Rajkot Junction,22.312431,70.80255,,osm
RJU,Rajula City,21.046721,71.456103,,osm
RJW,Rajevadi,18.384333,74.155524,,osm
RK,Roorkee,29.852092,77.87491,,osm
RKAM,Ramakrishna Ashram Marg,28.639244,77.208579,,osm
RKB,Raikabagh Palace Junction,26.291541,73.040047,,osm
RKD,Rukadi,16.725425,74.35859,,osm
RKDI,Raukheri,23.873307,77.974527,,osm
RKG,Rattoke Gurdwara,31.167734,74.6118,,osm
RKH,Rakhiyal,23.254189,72.899457,,osm
RKI,Ramkanali Junction,23.579157,86.761948,,osm
RKJE,Rakhitpur,23.723877,86.489582,,osm
RKK,Ratangarh Kanakwal,29.90109,74.970398,,osm
RKL,Ramkola,26.907357,83.839782,,osm
RKM,Raja Ki Mandi,27.194026,77.997075,,osm
RKMP,Rani Kamlapati,23.220883,77.439369,,osm
RKN,Rati Ka Nagla,27.659441,78.258616,,osm
RKPM,R. K. Puram,28.55038,77.185523,,osm
RKR,Ranikund Rarah,27.324298,77.555878,,osm
RKSH,Rishikesh,30.107775,78.28763,,osm
RKSI,Rakshi,22.007659,85.08251,,osm
RKSN,Rajkharsawan Junction,22.733892,85.811396,,osm
RKU,رکن پور,29.678657,71.669826,,osm
RKW,راؤخانوالا,31.189107,74.327309,,osm
RKX,Rukhi,29.056007,76.6693,,osm
RKY,Kothariya,22.176496,70.81421,,osm
RKZ,Rajkiawas,25.750204,73.524105,,osm
RLA,Rajula Junction,21.103999,71.479206,,osm
RLD,Randala,23.661742,72.456636,,osm
RLK,Rohal Khurd,23.511348,75.485562,,osm
RLR,Raila Road,25.640942,74.599145,,osm
RLS,Romana Albael Singh,30.511224,74.850263,,osm
RMA,Ramganj Mandi Junction,24.643997,75.939932,,osm
RMAR,Shree Ram Mandir Mayur Vihar,28.605862,77.298702,,osm
RMB,Rampura Beri,28.529856,75.645992,,osm
RMC,Ram Chaura Road,25.608889,81.688354,,osm
RMF,Ramna,24.23968,83.606353,,osm
RMH,Rangmahal,29.392159,73.960059,,osm
RMJ,Ramrajatala,22.588661,88.296666,,osm
RMJK,Ramnagar (J&K),32.844886,75.150971,,osm
RML,Rompalle,18.54362,83.252073,,osm
RMN,Raman,29.958332,74.962447,,osm
RMNR,Ram Nagar,26.901763,75.77465,,osm
RMP,Rahimatpur,17.612276,74.172551,,osm
RMPB,Rampur Bazar,25.344246,88.630823,,osm
RMPH,Rampahari,26.215316,77.338991,,osm
RMPR,Rampur Halt Railway Station,25.171379,86.140835,,osm
RMQ,Ramri,24.24563,77.052536,,osm
RMR,Ramnagar,29.389647,79.121861,,osm
RMRB,Ramnagar,21.676884,87.553927,,osm
RMSR,Ramsinghpur,29.174729,73.375019,,osm
RMT,Ramgarh,23.617438,85.518556,,osm
RMTR,Remount Road,22.525986,88.316708,,osm
RMU,Rampur Junction,28.778535,79.023229,,osm
RMX,Ramsar,25.72393,70.877099,,osm
RMZ,Routhpuram,18.62053,84.335295,,osm
RN,Ramesh Nagar,28.652744,77.13165,,osm
RNA,Rohana Kalan,29.575888,77.68611,,osm
RNB,Ranapura,26.66469,77.503471,,osm
RNBD,Rana Bordi,21.731551,69.817261,,osm
RNBT,Rahenbata,20.324298,83.095511,,osm
RNC,Ranchi,23.349319,85.335569,,osm
RNG,Raniganj,23.603045,87.119379,,osm
RNGR,Rainagar,23.068499,87.886208,,osm
RNH,Runkhera,23.414398,75.189298,,osm
RNI,Rangapani,26.665277,88.376093,,osm
RNIR,Rajnarainpur,28.31307,80.416847,,osm
RNIS,Ranolishishu,27.516524,75.302569,,osm
RNJ,Runija,23.166356,75.271114,,osm
RNJD,Ranjangaon Road,18.878166,74.606712,,osm
RNKA,Runkuta,27.222957,77.898607,,osm
RNL,Ranala,21.378113,74.45868,,osm
RNO,Ranoli,22.405582,73.112828,,osm
RNPR,Rupnarayanpur,23.819072,86.886259,,osm
RNQ,Renukoot,24.203231,83.040035,,osm
RNRD,Ranipur Road,25.272845,79.036492,,osm
RNRI,Raneri,27.655171,72.723268,,osm
RNT,Ranthambhor,26.093412,76.410247,,osm
RNTL,Ranital,21.149815,86.556766,,osm
RNV,Raniwara,24.750904,72.204669,,osm
RNW,Renwal,27.150411,75.356524,,osm
RNX,Ranipatra,25.727952,87.515059,,osm
ROA,Rusera Ghat,25.745831,86.036053,,osm
ROB,Robertson,21.989245,83.183208,,osm
ROH,روہڑی جنکشن,27.685458,68.896998,,osm
ROHA,Roha,18.44658,73.123872,,osm
ROHN,Rohad Nagar,28.761498,76.813012,,osm
ROI,Reoti,25.834307,84.375459,,osm
ROK,Rohtak Junction,28.89092,76.579626,,osm
ROM,رومیان,33.856124,72.303106,,osm
RON,روجھان,28.711845,69.943746,,osm
ROP,Rupsa Junction,21.622365,87.018874,,osm
RORA,Rora,25.292866,79.22299,,osm
ROS,Rajosi,26.315211,74.666882,,osm
ROU,Rourkela Junction,22.227717,84.863158,,osm
ROZA,Roza Junction,27.852115,79.956246,,osm
RP,Rajendra Place,28.642495,77.178276,,osm
RPAR,Rupnagar,30.972536,76.533158,,osm
RPD,Rupaund,23.73037,80.576482,,osm
RPGU,Rasulpur Gogumau,26.379733,80.125642,,osm
RPH,Rampurhat Junction,24.179137,87.781974,,osm
RPHR,Raipur Haryana,29.154532,75.770925,,osm
RPI,Rupaheli,25.818173,74.640074,,osm
RPJ,Rajpura Junction,30.486277,76.593624,,osm
RPMN,Rampur Maniharn,29.805291,77.459634,,osm
RPN,رن پٹھانی,24.826084,67.661437,,osm
RPO,Rawatpur,26.48325,80.298209,,osm
RPP,Ranu Pipri,22.201103,73.033123,,osm
RPR,Raghunathpur Railway Station,25.565156,84.305956,,osm
RPRD,Rupra Road,20.084823,83.331765,,osm
RPSC,Tanda Halt,29.081848,79.430747,,osm
RPUR,Ratanpur,25.314303,86.542154,,osm
RPV,Rajapatti,26.18044,84.808748,,osm
RPZ,Ranapratap Nagar,24.582768,73.728666,,osm
RQJ,Raninagar Jalpaiguri Junction,26.544536,88.647396,,osm
RQP,Radhakishorepur Junction,20.561302,85.755059,,osm
RQW,رفیق -آباد,29.393726,72.994989,,osm
RR,Richha Road,28.713395,79.488249,,osm
RRAL,Rure Asal,31.411431,74.911165,,osm
RRD,Reay Road,18.977551,72.844101,,osm
RRE,Rahui Road,25.273561,85.53074,,osm
RRI,Rahuri,19.413539,74.677391,,osm
RRME,Ranchi Road,23.666087,85.51263,,osm
RRP,Rairangpur,22.264233,86.180774,,osm
RRS,Raghuraj Singh,26.25573,80.879548,,osm
RRU,Rayaru,26.306033,78.130151,,osm
RRW,Roranwala,30.443369,74.257523,,osm
RS,Risia,27.68788,81.606543,,osm
RSE,رسالیوالہ ریلوے اسٹیشن,31.367289,73.019162,,osm
RSG,Ramsagar,23.106248,87.277063,,osm
RSH,Ratan Shahr,28.1579,75.524105,,osm
RSI,Raisi,29.692832,78.066434,,osm
RSJ,Rayser Jagir,24.886824,77.513371,,osm
RSK,رشکئی,34.116052,72.019773,,osm
RSKA,Rajsunakhala,20.164634,85.344049,,osm
RSLR,Rasulpur,23.187442,88.040853,,osm
RSMN,Ramgovindsingh Mahuli Halt,25.519025,85.107341,,osm
RSNA,Rasana,24.225526,72.25345,,osm
RSNR,Rai Singh Nagar,29.537278,73.450552,,osm
RSR,Rasra,25.861855,83.857794,,osm
RSRI,Rayshree,25.357581,77.58811,,osm
RSWN,Rameshwar Nagar,26.985956,84.517745,,osm
RSWT,Ramgarh Shekhawati,28.169307,74.992474,,osm
RSYI,Rasayani,18.894045,73.151643,,osm
RT,Rohat,25.92186,73.095888,,osm
RTA,Ruthiyai Junction,24.534632,77.179892,,osm
RTB,Raja Talab,25.263753,82.851067,,osm
RTE,رتی,28.085344,69.856656,,osm
RTG,Rangtong,26.836408,88.342523,,osm
RTGH,Ratangarh Junction,28.068959,74.624644,,osm
RTGN,Ratangaon,23.836682,79.902137,,osm
RTI,Raoti,23.183751,74.879509,,osm
RTJ,Rantej,23.471244,72.154606,,osm
RTL,رتیال ریلوے اسٹیشن,33.033199,73.536187,,osm
RTM,Ratlam Junction,23.340708,75.050993,,osm
RTMN,Ratlam New,23.339409,75.051331,,osm
RTN,رتن ہالٹ,31.816974,73.464436,,osm
RTNGR,Ratnagiri Road,20.637006,86.206858,,osm
RTP,Ratanpura,25.921907,83.744427,,osm
RTR,Ramnathpur,25.41193,82.020361,,osm
RTU,Ratan Sarai,26.373766,84.573867,,osm
RTWS,Rahatwas,24.518445,77.88015,,osm
RTZ,Ratona,23.835144,78.684822,,osm
RUB,Rasulabad,25.826671,80.976919,,osm
RUC,Ruby Hall Clinic,18.532718,73.877749,,osm
RUG,Rajlu Garhi,29.090786,77.012147,,osm
RUI,Rukni Junction,23.552786,86.547899,,osm
RUJ,Ranuj Junction,23.760629,72.213611,,osm
RUK,رک,27.811014,68.657706,,osm
RUKH,Rukhai Halt,25.335018,85.379326,,osm
RUL,Rauli,19.230854,83.167675,,osm
RUM,Rupamau,26.230209,81.325346,,osm
RUPC,Rudrapur City Railway Station,28.969539,79.379798,,osm
RUR,Ranpur,22.359886,71.716908,,osm
RURA,Rura,26.485294,79.908047,,osm
RUSD,Runni Saidpur Railway Station,26.411461,85.51992,,osm
RUT,Ratnal,23.184953,69.903448,,osm
RVK,Raja Bhat Khawa,26.619817,89.529071,,osm
RW,Rankuva,20.815547,73.151728,,osm
RWA,Rautara,25.665347,87.528848,,osm
RWJ,Rawanjna Dungar,25.889463,76.313992,,osm
RWL,Raiwala Junction,30.032445,78.209863,,osm
RWO,Ranavav,21.69862,69.726847,,osm
RWP,راولپنڈی ریلوے اسٹیشن,33.603754,73.048295,,osm
RXL,Raxaul,26.986874,84.844722,,osm
RXN,Ramsan,24.414916,72.035333,,osm
RY,Rayaka,22.420902,72.035347,,osm
RYK,رحیم یار خان ریلوے اسٹیشن,28.422541,70.303424,,osm
RYL,Rahiyol,23.403925,73.230053,,osm
RYM,Ramidi,31.465532,75.408939,,osm
RYS,Rasuriya,28.264231,79.474549,,osm
RYT,Rayatpura,26.439151,78.337463,,osm
RZD,ریاض آباد ریلوے اسٹیشن,30.246609,71.722514,,osm
RZJ,Razaganj,28.023662,80.568072,,osm
RZN,Rauzagaon,26.786393,81.705347,,osm
SAA,Sathiaon,26.034407,83.287345,,osm
SABD,Salabad,26.981328,77.308465,,osm
SABR,Sadar Bazar Cantonment,28.577115,77.111128,,osm
SAC,Sanichara,26.363664,78.198472,,osm
SAD,Sonada,26.960777,88.27367,,osm
SADL,Sadla,23.13738,71.857125,,osm
SAE,Simaria,25.410723,86.013734,,osm
SAG,Sangrur,30.242401,75.830371,,osm
SAGM,Sagma,24.627191,80.828776,,osm
SAH,Saphale,19.577132,72.821881,,osm
SAHA,Sarahula,25.465515,83.662708,,osm
SAHI,Sathi,27.015853,84.504031,,osm
SAHL,Saheli,22.453561,77.816286,,osm
SAHP,Sahijpur,23.065217,72.636046,,osm
SAHR,Saheri,25.560829,83.45636,,osm
SAHW,ساہیانوالہ ریلوے اسٹیشن,31.631128,73.231657,,osm
SAI,Sarai,25.780492,85.276706,,osm
SAJH,Sajha Halt,25.477294,87.676587,,osm
SAK,Sankheda Bahadurpur,22.177034,73.557315,,osm
SAKP,Shakurpur,28.685767,77.149609,,osm
SAKT,Saket,28.521168,77.202224,,osm
SALE,Salar,23.774701,88.111135,,osm
SALI,Sali,26.706441,75.032036,,osm
SALR,Salur,18.527159,83.206245,,osm
SAM,شاہ عالم,31.972515,71.174373,,osm
SAMAL,Samal (under construction),21.110215,85.138351,,osm
SAMN,Samni Junction,21.852581,72.924571,,osm
SAN,Sandila,27.060076,80.516318,,osm
SANH,Sanha Halt,25.427407,86.368432,,osm
SANI,Shanki,23.579903,85.378017,,osm
SANK,Sank,26.430473,78.059769,,osm
SANN,Sann,26.020059,68.114529,,osm
SANR,Sardarnagar,26.674068,83.544916,,osm
SAO,Sagoni,23.811447,79.811376,,osm
SAPE,Sape Wamane,18.058111,73.371568,,osm
SAPR,Sarangpur Road,22.231146,71.737454,,osm
SAR,Shahzad Nagar,28.73205,79.065454,,osm
SARR,Sidhauna Rampur,25.522404,83.140761,,osm
SAS,Sheodaspura Padampura,26.709871,75.884687,,osm
SASG,Sasan Gir Railway Station,21.169001,70.602363,,osm
SASN,Sahibzada Ajitsingh Nagar (Mohali),30.665982,76.73961,,osm
SAT,Sant Road,22.795618,73.801442,,osm
SATR,Satar Halt,26.000803,87.509191,,osm
SATUA,Sarthua,25.421045,85.246324,,osm
SAU,Sanand,23.023888,72.385148,,osm
SAW,Suriawan,25.460949,82.424792,,osm
SAWN,Sohansra,28.407669,75.860262,,osm
SAY,Sayama,22.391871,72.65934,,osm
SBB,Sahibabad Junction,28.674278,77.364435,,osm
SBD,Sleemanabad Road,23.614619,80.285369,,osm
SBDP,Sabdalpur Junction,25.427768,86.438708,,osm
SBDR,Sonbhadra,24.685813,83.077538,,osm
SBG,Sahibganj,25.241041,87.63429,,osm
SBGR,Subhas Gram,22.413182,88.434164,,osm
SBH,Sulebhavi,15.911222,74.638029,,osm
SBHN,Shri Bhavnath,23.81439,73.585302,,osm
SBIB,Sabarmati,23.077071,72.589068,,osm
SBJ,Sarai Banjara,30.537596,76.515446,,osm
SBK,Shahbaz Kuli,25.631599,83.675125,,osm
SBL,Sabalgarh,26.25077,77.408526,,osm
SBLJ,Shri Balaji,27.416808,73.538079,,osm
SBLT,Shri Bhadriya Lathi,27.031254,71.516511,,osm
SBM,Sonbarsa Kacheri,25.793799,86.596093,,osm
SBNM,Subarnamrigi,24.283594,88.293923,,osm
SBNR,Shri Vijainagar,29.240309,73.522709,,osm
SBO,Sabaur,25.23852,87.045967,,osm
SBP,Sambalpur Junction,21.482963,83.961324,,osm
SBPD,Sambalpur Road,21.477722,83.976197,,osm
SBPS,Shaheed Baba Parav Halt,25.208351,84.261056,,osm
SBPY,Sambalpur City,21.476515,84.007668,,osm
SBR,Sambhar Lake,26.903891,75.179897,,osm
SBRA,Sarbahara,22.710239,81.910538,,osm
SBS,Sangrana Sahib,31.570134,74.890424,,osm
SBT,Sabarmati Junction,23.07126,72.587027,,osm
SBTJ,Bishnathganj,25.801522,81.934873,,osm
SBV,Simri Bakhtiyarpur,25.720934,86.597496,,osm
SBW,Shewbabudih,23.659859,86.39011,,osm
SBY,Solan Brewery,30.929165,77.114374,,osm
SBZ,Siswa Bazar,27.149219,83.756019,,osm
SCC,Sitapur Cantonment,27.557373,80.699431,,osm
SCH,Sachin,21.077878,72.874464,,osm
SCI,Sanchi,23.487634,77.736068,,osm
SCKR,Salichauka Road,22.834277,78.677109,,osm
SCM,Simhachalam,17.745314,83.220792,,osm
SCMN,Simhachalam North,17.751849,83.2097,,osm
SCN,Sondha Road,26.498352,78.484136,,osm
SCPD,Suchipind,31.334974,75.617617,,osm
SCPR,Shyama Charanpur,20.637635,85.619625,,osm
SCQ,Sham Chaurasi,31.458362,75.766012,,osm
SCSG,Shaheed Captain Shubham Gupta,27.157844,78.050737,,osm
SCV,Sukhchain,29.760303,74.990669,,osm
SCY,Sachiwalaya,25.595993,85.11746,,osm
SD,Sidhauli,27.284425,80.8376,,osm
SDAH,Sealdah,22.567379,88.371019,,osm
SDAM,Sundhiamau,27.117549,81.293738,,osm
SDBH,Sindri Block Hut,23.68206,86.437055,,osm
SDC,Saidabad,25.379348,82.121724,,osm
SDD,Sindhawadar,22.547282,70.894315,,osm
SDDN,Siddharth Nagar,27.27547,83.08806,,osm
SDE,Sadisopur,25.5665,84.91709,,osm
SDF,Sudsar,28.012451,73.786347,,osm
SDG,Sahadai Buzurg,25.661285,85.454848,,osm
SDGH,Shri Dungargarh,28.070893,74.005983,,osm
SDGM,Sardargram,23.071501,72.642439,,osm
SDH,Saradhna,26.340549,74.566359,,osm
SDHM,Sealdah,22.566606,88.369782,,osm
SDHR,Sandhanidhar,20.942764,70.71428,,osm
SDHS,Sidhirsai,22.502694,86.154269,,osm
SDI,Sagardighi,24.290875,88.093202,,osm
SDK,صادق آباد,28.3019,70.128593,,osm
SDL,Shahdol,23.285924,81.364841,,osm
SDLE,Swadinpur,24.233402,87.812089,,osm
SDLK,Sundlak,25.122954,76.450412,,osm
SDLP,Sadulpur Junction,28.631592,75.386369,,osm
SDMD,Sudamdih,23.654674,86.440394,,osm
SDMK,Sidmukh,28.893514,75.290577,,osm
SDPN,Sindpan,24.152966,75.037862,,osm
SDPR,Sardar Patel Marg,28.595829,77.167845,,osm
SDQ,سادھوکے,31.890327,74.242861,,osm
SDR,شاہدرہ ٹاؤن,31.626754,74.290599,,osm
SDRA,Sudharana,28.449292,76.430192,,osm
SDS,Sadulshahar,29.903019,74.172177,,osm
SDSL,Sandasal,22.639227,73.359878,,osm
SDT,Sadat,25.673545,83.308921,,osm
SDU,شہدادپور,25.928124,68.631455,,osm
SDUA,Sadura,33.675609,75.136298,,osm
SDUT,جامعہ سندھ,25.424305,68.281131,,osm
SDWR,Sidhwar,23.586321,85.480824,,osm
SDY,Sadhoogarh,30.582741,76.448226,,osm
SDZ,Sindhar,31.105742,75.254628,,osm
SE,Semla,22.043881,70.794061,,osm
SEB,Son Nagar Junction,24.881869,84.23093,,osm
SEE,Sonpur Junction,25.697262,85.166965,,osm
SEH,Sehore,23.214742,77.078289,,osm
SEJ,Sarkhej,22.982102,72.497519,,osm
SEL,Sankrail,22.562344,88.210446,,osm
SEO,Seohara,29.204564,78.580528,,osm
SEP,Sodpur,22.69964,88.382297,,osm
SEPR,Sherpur,28.922669,78.253926,,osm
SEQ,Sekha,30.379845,75.643787,,osm
SES,Semari,24.07007,73.841837,,osm
SEU,Sendra,26.078734,74.192,,osm
SEW,Sehal,28.894374,78.822938,,osm
SEX,Seroni Road,25.946234,76.885786,,osm
SEY,Seoni,22.07507,79.545897,,osm
SFA,Sanehra Halt,28.904651,77.282601,,osm
SFC,Saintala,20.434005,83.334737,,osm
SFDE,Safidon,29.397696,76.661804,,osm
SFE,Sanodiya,27.013197,75.279654,,osm
SFF,Sunera Pirkheri,23.475621,76.364036,,osm
SFG,Subedarganj,25.439443,81.790186,,osm
SFH,Safedabad,26.898033,81.116776,,osm
SFL,بستی شاہ نال ریلوے اسٹیشن,29.6183,71.560059,,osm
SFMU,Sunam Udham Singh Wala,30.129997,75.808292,,osm
SFNR,Saifee Nagar,22.699598,75.854295,,osm
SFW,Sarangpur,23.581152,76.487729,,osm
SFY,Shajapur,23.42531,76.297887,,osm
SFZ,Sinduriya Kachari,24.021582,76.926293,,osm
SG,Shahgarh,28.557251,80.049632,,osm
SGA,Shergarh,30.065535,74.949543,,osm
SGAC,Sogariya,25.23011,75.901433,,osm
SGAM,Sareigram,24.032487,82.195008,,osm
SGB,سنی گمبٹ,33.502291,71.672673,,osm
SGBA,Sir Gurudas Banerjee Halt,22.574175,88.385045,,osm
SGBJ,Surgaon Banjari,21.946563,76.544196,,osm
SGC,Saongi,21.796855,79.998008,,osm
SGD,Songadh,21.728615,71.886366,,osm
SGDM,Sigadam,18.360485,83.681428,,osm
SGDN,Sangaldan,33.244447,75.087673,,osm
SGDP,Sagadapata,21.244303,85.91141,,osm
SGF,Sangat,30.090642,74.835434,,osm
SGG,Sultanganj,25.241497,86.734991,,osm
SGH,شاہرگ,30.186854,67.709344,,osm
SGI,سانگی,27.758933,69.054436,,osm
SGJ,Safdarganj,26.914316,81.361688,,osm
SGL,Sagauli Junction,26.758519,84.739763,,osm
SGND,Shrigonda Road,18.598792,74.641938,,osm
SGNR,Sriganganagar Junction,29.931964,73.872345,,osm
SGO,Saugor Railway Station P...... 2,23.847203,78.744333,,osm
SGP,Sohagpur,22.693795,78.194872,,osm
SGR,Sangameshwar,17.201592,73.546396,,osm
SGRA,Sangaria,29.793148,74.466308,,osm
SGRD,Saragaon Road,22.018956,82.752237,,osm
SGRL,Singrauli,24.204855,82.642887,,osm
SGRM,Singaram,19.110297,83.104468,,osm
SGRR,Sangar,32.804707,75.050168,,osm
SGS,Shoghi railway station,31.039036,77.124748,,osm
SGUJ,Siliguri Junction,26.723785,88.413713,,osm
SGUT,Siliguri Town,26.705394,88.43109,,osm
SGV,Sargachhi,24.018158,88.244369,,osm
SGW,Singawal,26.036424,74.683165,,osm
SGYW,Singriawan,25.406218,85.283597,,osm
SGZ,Shamgarh,24.192032,75.642957,,osm
SHA,سوہاوہ ریلوے اسٹیشن,33.131597,73.429731,,osm
SHAD,Shahad,19.243584,73.158075,,osm
SHBA,Sahebtala,23.592127,88.201091,,osm
SHBC,Sibaichandi,22.974652,88.13387,,osm
SHBGJ,Sahebganj,26.296695,84.914851,,osm
SHC,Saharsa Junction,25.873386,86.594657,,osm
SHD,Shahdara,28.67343,77.289886,,osm
SHDL,شادن لنڈ,30.463593,70.725383,,osm
SHDM,Shahabad Markanda,30.165885,76.861666,,osm
SHDR,Shahdora Gaon,24.631099,77.588401,,osm
SHE,Seoraphuli Jn,22.774804,88.328358,,osm
SHEO,Shisho,26.204707,85.865739,,osm
SHER,Sher,26.355949,84.616157,,osm
SHG,Shahganj Junction,26.061354,82.679924,,osm
SHGI,شاہ گئی,34.018555,71.276003,,osm
SHGN,Shri Ghasinagar,27.095826,76.646375,,osm
SHH,Shapur Junction,21.477654,70.3707,,osm
SHHT,Singhaul Halt,25.434475,86.096624,,osm
SHIH,Sarhari Halt,26.12583,84.593825,,osm
SHIV,Shindawane,18.425843,74.118156,,osm
SHJ,Sahaspur Road,23.132529,87.676011,,osm
SHK,Sheikpura,25.131981,85.853353,,osm
SHKL,Shankrul,23.142012,87.654733,,osm
SHL,Sadhli,21.985639,73.290834,,osm
SHLK,Sholaka,27.973983,77.3609,,osm
SHLT,Shalashah Thana,23.836349,73.652239,,osm
SHLU,Shelu,19.063516,73.317926,,osm
SHLV,Selavi,23.702156,72.259397,,osm
SHM,Shalimar,22.555154,88.31539,,osm
SHMI,Shiroor,13.930972,74.594246,,osm
SHMR,Shyamsundar,23.081406,87.860648,,osm
SHMT,شاہ مرتضیٰ ہالٹ,27.079772,67.88279,,osm
SHN,Suchan Kotli,29.513527,75.183058,,osm
SHNG,Shivnagar,26.336506,81.883077,,osm
SHNX,Sheo Singh Pura,26.913598,75.567674,,osm
SHP,شکارپور,27.957908,68.646748,,osm
SHPK,Shastri Park,28.668434,77.25053,,osm
SHQ,شوری,28.649985,68.1421,,osm
SHR,Sihora Road,23.466994,80.109833,,osm
SHRD,Saij Sertha Road,23.209181,72.520673,,osm
SHRG,Shri Ramgarh,29.1801,74.971383,,osm
SHRN,Sant Hirdaram Nagar Railway Station,23.273708,77.33585,,osm
SHT,Shastri Nagar,28.670088,77.181859,,osm
SHTS,Sambhal,28.597172,78.56846,,osm
SHW,Samhon,26.734316,79.320729,,osm
SHWL,Sahuwala,29.359983,73.7914,,osm
SHX,Shukarullahpur,27.449096,79.469711,,osm
SHY,شہیدانوالا,29.612442,71.643403,,osm
SHZ,Summer Hill,31.108416,77.13904,,osm
SI,Sonaili,25.603757,87.715843,,osm
SIA,Shivalakha,23.384375,70.624924,,osm
SIB,سبی جنکشن,29.547566,67.869769,,osm
SIC,Sonik,26.586191,80.559833,,osm
SICP,Sindhi Camp,26.922474,75.799635,,osm
SICY,Shaheed Ishwar Chowdhary Halt,24.807523,85.02867,,osm
SID,Siddhpur,23.918279,72.368185,,osm
SIH,سِہالہ ریلوے اسٹیشن,33.551484,73.201032,,osm
SIHI,Shihori,24.070611,71.980566,,osm
SIHO,Siho,26.008945,85.50642,,osm
SIKA,Sikka,22.434911,69.839111,,osm
SIKD,Sikroda Kwanri,26.569552,77.963141,,osm
SIKR,Sikar Junction,27.616781,75.152946,,osm
SIL,Sakhigopal,19.942776,85.816036,,osm
SILO,Silao,25.084122,85.437309,,osm
SILR,Silari,26.302343,73.564903,,osm
SIM,Shri Amirgadh,24.404395,72.641367,,osm
SIMR,Srirampur P.H.,23.324422,87.319215,,osm
SIN,Sion,19.046521,72.863283,,osm
SINA,Srinagar Railway Station,34.023809,74.847251,,osm
SINI,Sini Junction,22.789102,85.946823,,osm
SINR,Sinor,21.91137,73.336247,,osm
SIOB,Samakhyali Junction,23.309585,70.503012,,osm
SIP,Suraimanpur,25.80831,84.481271,,osm
SIPA,Singhpokharia,22.499569,85.796729,,osm
SIPI,Saifai,26.963949,78.951606,,osm
SIPR,Sihapar Halt,26.758322,83.165185,,osm
SIR,Sirhind Juntion,30.623814,76.382365,,osm
SIRA,Sirhi Itara,26.36731,80.215619,,osm
SIRD,Sird,27.486656,72.509058,,osm
SIRN,Sirran,21.93391,76.215843,,osm
SISM,Sigoli Shyam,25.186953,75.010518,,osm
SIU,Singur,22.814569,88.229071,,osm
SIW,Shirvade,17.36089,74.157712,,osm
SIZ,Shrikhanda,23.595681,88.061684,,osm
SJA,Sijua,23.790023,86.33017,,osm
SJB,شجاع آباد ریلوے اسٹیشن,29.873069,71.324271,,osm
SJD,Saljida,22.784786,72.397735,,osm
SJDA,Sanjuje-Da-Areyal,15.265675,74.0108,,osm
SJDR,Sri Jhadeswar,20.603204,86.027973,,osm
SJER,Sanjarpur,26.017403,82.975931,,osm
SJF,Sajanvav Road,21.074551,71.606009,,osm
SJGM,Sanjay Gram,25.695,87.897964,,osm
SJH,سہجا,28.589036,70.562278,,osm
SJI,سنگجانی,33.696303,72.850373,,osm
SJKL,Surja Kama,25.935845,87.849752,,osm
SJM,Sajuma,29.726753,76.295872,,osm
SJN,Sanjan,20.192235,72.821085,,osm
SJNP,Sujanpur,32.31259,75.613307,,osm
SJP,Shujalpur,23.380576,76.72321,,osm
SJPA,Sujalpur,21.759542,87.656655,,osm
SJPR,Surjyapur,22.29349,88.466688,,osm
SJQ,Surajpur Road,23.289546,82.880511,,osm
SJRR,Sajerpar,26.422163,89.35285,,osm
SJS,Shamlaji Road,23.634494,73.3427,,osm
SJSM,Salemgarhmasani,29.549448,74.465665,,osm
SJSU,Shivaji Stadium,28.628896,77.211322,,osm
SJT,Shujaatpur,25.606067,81.402063,,osm
SJTR,Sojitra,22.543236,72.725418,,osm
SJU,سنجوال,33.809297,72.433008,,osm
SJV,Sanjhauli Halt,25.143035,84.190648,,osm
SK,Sakhun,26.737813,75.09123,,osm
SKA,Sikandra Rao,27.684371,78.388315,,osm
SKAR,Sakariya,24.604065,80.906008,,osm
SKB,Shikohabad,27.086294,78.575418,,osm
SKBN,Silakheri,23.095989,76.058208,,osm
SKBR,Shankarpur Bhadaura,24.103846,81.869291,,osm
SKBS,سکھ بیس,29.989265,71.792412,,osm
SKC,سخاکوٹ,34.456225,71.909876,,osm
SKDM,Sikroda Mina,26.723245,77.00226,,osm
SKE,سکھیکی ریلوے اسٹیشن,31.86242,73.503382,,osm
SKEN,Sukhsena,25.794513,87.116186,,osm
SKF,Sakhoti Tanda,29.192546,77.718628,,osm
SKG,Saktigarh,23.207033,87.96888,,osm
SKGH,Saktesgarh,24.999293,82.821557,,osm
SKHK,Sukhasan Kothi,25.846532,87.155984,,osm
SKI,Sakri Junction,26.208901,86.07882,,osm
SKIP,Ambajora Shikaripara,24.239826,87.460436,,osm
SKJ,Sahibpur Kamal Junction,25.427024,86.400379,,osm
SKJS,Shri Krishna Janam Asthan,27.504754,77.671073,,osm
SKLP,Shankarpur,27.43381,81.021963,,osm
SKN,Sri Krishna Nagar,25.883593,82.449025,,osm
SKND,Sukinda Road Junction,20.975038,86.051403,,osm
SKNP,Sarkanpur,24.823203,79.063965,,osm
SKO,شورکوٹ کینٹ جنکشن ریلوے اسٹیشن,30.787739,72.249634,,osm
SKPA,Sri Kalyanpura,25.189972,76.087203,,osm
SKPI,Sikarpai,19.384668,83.329543,,osm
SKPR,Sikarpur Halt,21.984928,78.946034,,osm
SKQ,Sikandarpur,28.247216,77.784644,,osm
SKR,Sakhpur,21.748945,69.833624,,osm
SKRI,Sikariya Railway Station,25.563185,84.348845,,osm
SKRP,Sikanderpur RMRG Station,28.480997,77.094437,,osm
SKT,Sakti,22.011904,82.955565,,osm
SKTN,Shakti Nagar,24.122947,82.704586,,osm
SKU,Sikroda,26.339735,77.733024,,osm
SKVL,Sankaval,15.371032,73.868582,,osm
SKVR,Shankar Vihar,28.560846,77.140281,,osm
SKW,Sheikhupur,28.003182,79.097638,,osm
SKX,Sarkara,29.161355,79.063399,,osm
SKY,Shikara,22.800178,79.85713,,osm
SLAP,Seelampur,28.669816,77.266814,,osm
SLB,Salboni,22.639649,87.321372,,osm
SLBN,Salai Banwa,24.438268,83.010377,,osm
SLD,Sakaldiha,25.331875,83.290219,,osm
SLF,Silli,23.351675,85.828293,,osm
SLG,Simlagarh,23.096305,88.231636,,osm
SLHA,Salhana,23.805475,80.638964,,osm
SLHI,Shilhauri Halt,25.952903,84.833848,,osm
SLHP,Sulah Himachal Pradesh,32.070819,76.476996,,osm
SLI,Sangli,16.858441,74.588084,,osm
SLIA,Salaia,24.208951,86.256894,,osm
SLJ,Sakrigali,25.242343,87.708878,,osm
SLJR,Salgajhari,22.758875,86.227177,,osm
SLKN,Sandal Kalan,29.063408,77.012804,,osm
SLKR,Salkaroad,22.366185,82.010405,,osm
SLL,سانگلہ ہل جنکشن ریلوے اسٹیشن,31.717075,73.375423,,osm
SLMA,Sulaimanabad,33.590203,72.314063,,osm
SLN,Sultanpur Junction,26.265156,82.067044,,osm
SLNA,Salauna,25.602399,86.261179,,osm
SLNK,سلطان کروڑی ہالٹ,31.53416,71.054191,,osm
SLP,Salpa,17.963023,74.171282,,osm
SLPM,Shivalingapuram,18.197314,83.066957,,osm
SLPR,Shilpaprabesh,22.058746,88.107463,,osm
SLR,Salogra,30.934895,77.130892,,osm
SLRA,Sarla Junction,21.506611,84.014492,,osm
SLRD,Surla Road,19.176461,84.718965,,osm
SLS,Salanpur,23.761478,86.875293,,osm
SLT,Silaut,26.038082,85.455413,,osm
SLV,Sandalpur,26.082939,78.203427,,osm
SLW,Sohawal,26.753045,81.983111,,osm
SLWR,Silawar,29.505086,77.344741,,osm
SLZ,Solari B.H.,19.800658,85.248241,,osm
SM,Samsi,25.276269,88.010118,,osm
SMA,سمہ سٹہ جنکشن ریلوے اسٹیشن‎,29.347727,71.546229,,osm
SMAE,Samudra Garh,23.335763,88.324866,,osm
SMBD,سمن آباد ریلوے اسٹیشن,31.391576,73.065104,,osm
SMBG,Shalimar Bagh,28.701957,77.165432,,osm
SMBH,Salim Pur Bihar,25.468962,85.467748,,osm
SMBJ,Shri Mahaveer Ji,26.684716,76.968274,,osm
SMBL,Simbhauli,28.764687,77.983237,,osm
SMBR,Sumber,33.298393,75.116941,,osm
SMBX,Samba,32.528497,75.120135,,osm
SMC,Samnapur,21.941876,80.156421,,osm
SMCK,Shyam Chak,22.36369,87.500883,,osm
SMDC,Sawai Madhopur 'D' cabin,26.040312,76.380653,,osm
SMDP,Shahbad Muhammadpur,28.560326,77.071554,,osm
SMDR,Simodara,21.459667,73.091259,,osm
SMF,Samar Gopalpur,28.959874,76.518293,,osm
SMH,Simraha,26.193585,87.322292,,osm
SMI,Sitamarhi,26.5947,85.505464,,osm
SMK,Samalkha,29.24151,77.003289,,osm
SMKR,Sham Kauria,26.034511,84.834125,,osm
SML,Shimla,31.102467,77.160059,,osm
SMLA,Samlaya Junction,22.484462,73.302536,,osm
SMLG,Shimiliguda,18.302765,82.954135,,osm
SMLT,Samloti,32.092348,76.344867,,osm
SMND,Sarmatanr,24.344172,85.657847,,osm
SMNE,Somatne,18.950646,73.14548,,osm
SMNH,Somnath,20.895717,70.408047,,osm
SMNN,Shri Makrinath Nagar,28.170783,74.808307,,osm
SMNR,Shyam Nagar,26.896477,75.770628,,osm
SMO,Semapur,25.525011,87.469897,,osm
SMP,Shambhupura,24.770614,74.64174,,osm
SMPA,Shyampura,25.24703,75.271932,,osm
SMPR,Shri Madhopur,27.457982,75.598193,,osm
SMQ,شام کوٹ ریلوے اسٹیشن,30.284119,71.845244,,osm
SMQL,Shamli,29.444942,77.316698,,osm
SMR,Samdari Junction,25.83727,72.574866,,osm
SMRL,Samrala,30.825246,76.177548,,osm
SMRR,Relwai Stesan Sumreri,24.007956,78.398971,,osm
SMT,Salamatpur,23.460948,77.672485,,osm
SMTA,Samuktala Road,26.483885,89.634845,,osm
SMTG,Saheed Matangini,22.300339,87.908362,,osm
SMTL,Simariatal,25.921671,78.303883,,osm
SMU,Shambhu,30.428894,76.683891,,osm
SMV,Sumaoli,26.373439,77.91564,,osm
SMX,Simurali,23.041183,88.510262,,osm
SMZ,Sarai Mir,26.028142,82.923954,,osm
SN,Sukna,26.790696,88.363364,,osm
SNA,Sadanapura,22.601188,73.011344,,osm
SNAD,Saniyad,21.920251,73.176048,,osm
SNAP,Sona Arjunpur,29.75734,77.452417,,osm
SNAR,Srinagar,25.364045,75.568878,,osm
SNB,Satnaur Badesron,31.261982,76.106966,,osm
SNBD,Sundarabad,23.131179,75.308003,,osm
SNBT,شاہ نواز بھٹو,27.670628,68.354891,,osm
SNC,S Narayan Chhapia,26.980999,82.395827,,osm
SNCR,Sanpada,19.065986,73.009533,,osm
SND,Sondimra,23.470293,85.799532,,osm
SNDA,Sandhiya,22.007974,73.760859,,osm
SNDD,Sindhudurg,16.112189,73.679855,,osm
SNDT,Sindri Town,23.661462,86.480248,,osm
SNDY,Sandai,28.569098,80.005831,,osm
SNE,Shenoli,17.201171,74.252056,,osm
SNGN,Sanganer,26.814622,75.773187,,osm
SNGP,Singhpur,23.254245,81.407978,,osm
SNHR,Sankhari,23.804552,72.16876,,osm
SNHT,Sanhati Halt,22.845876,88.704595,,osm
SNIE,Sath Naraini,25.794653,81.038895,,osm
SNJL,Sanjali,21.575494,72.988606,,osm
SNK,Sindkheda,21.244362,74.723972,,osm
SNKHN,Sunakhani,21.03374,85.157202,,osm
SNKP,Sankhalpur,23.516096,72.029282,,osm
SNKR,Sanka,23.528381,86.614776,,osm
SNL,Sanehwal,30.837992,75.979054,,osm
SNLR,Santalpur,23.759836,71.182202,,osm
SNM,Sitanagaram,18.657305,83.365461,,osm
SNMR,Soniyana Mewar,25.075776,73.95482,,osm
SNMY,Sindri Marshalling Yard,23.667505,86.463035,,osm
SNP,Sonipat Junction,28.989843,77.017118,,osm
SNPR,Singarpur,27.117626,77.728584,,osm
SNPU,Sonepur,20.838689,83.872976,,osm
SNR,Shyamnagar,22.828516,88.380189,,osm
SNRA,Sanwara,25.841916,83.920343,,osm
SNRD,Sandhurst Road,18.960924,72.839372,,osm
SNRI,سنہری ہالٹ,30.019807,68.038556,,osm
SNRL,Sansartali,19.529222,83.479773,,osm
SNRP,Sonipur Rupal,23.279913,72.603921,,osm
SNRR,Sansarpur,23.660004,80.330601,,osm
SNS,Sasni,27.703652,78.122202,,osm
SNSI,Sainagar Shirdi,19.7806,74.480662,,osm
SNSL,Sonshelu,21.267415,74.672248,,osm
SNSN,Sonasan,23.488448,72.894093,,osm
SNSR,Sanosara,23.213923,69.206569,,osm
SNT,Sainthia Junction,23.950504,87.681062,,osm
SNTD,Santaldih,23.596624,86.48331,,osm
SNTH,Sonthaliya,27.41159,75.515828,,osm
SNTL,Sanathal,22.964519,72.470411,,osm
SNTR,Shantinagar Halt,23.293382,88.637856,,osm
SNU,Sangrampur,22.225533,88.32986,,osm
SNVR,Sanvatsar,19.883751,74.560546,,osm
SNWS,Sainiwas,28.824572,75.56167,,osm
SNX,Saneh Road,29.690023,78.450151,,osm
SNYN,Soniyana,25.130099,74.625737,,osm
SNZ,Sherganj,28.37537,79.804252,,osm
SOA,Sanosara,21.748466,71.788498,,osm
SOAE,Somra Bazar,23.138452,88.433004,,osm
SOD,Sojat Road,25.861057,73.75423,,osm
SOE,Sheopur Kalan,25.671353,76.700577,,osm
SOF,Saota,23.48839,87.977445,,osm
SOG,Suratgarh Junction,29.32338,73.907064,,osm
SOGR,Sogra,22.152464,84.460308,,osm
SOHL,Sohal,31.974142,75.347914,,osm
SOJ,Sarojini Nagar,28.58121,77.196313,,osm
SOJI,Sarojini Nagar,28.575817,77.198079,,osm
SOJN,Sihor Junction,21.724546,71.956986,,osm
SOK,سلطان کوٹ,28.076137,68.596692,,osm
SOL,Solan,30.908412,77.098349,,osm
SOLA,Sovabazar Ahiritola,22.597529,88.354934,,osm
SOM,Somna,28.053182,77.948577,,osm
SON,سوہان برج ریلوے اسٹیشن,33.003597,71.768065,,osm
SONA,Sonamukhi,23.293606,87.414873,,osm
SONI,Soni,26.526219,78.552286,,osm
SONU,Sanu,27.256277,70.648975,,osm
SONW,Sonwarsa Halt,25.039723,85.663133,,osm
SOP,Shivpur Railway Station,25.35564,82.947573,,osm
SOPR,Sonma Pranpur halt,25.632098,86.225552,,osm
SOR,Sonagir,25.729809,78.409212,,osm
SORD,Sur Road,23.790271,72.962925,,osm
SORI,Sorai,23.556689,77.850578,,osm
SORO,Sora,21.291142,86.692351,,osm
SOS,Somesar,25.519937,73.450338,,osm
SOT,Shohratgarh,27.392064,82.956889,,osm
SOU,Supaul,26.117611,86.603038,,osm
SOW,Sohsarai,25.22964,85.539064,,osm
SOY,Sukrimangela,22.907111,79.834621,,osm
SP,Shadipur,28.651583,77.158259,,osm
SPBI,Samaypur Badli,28.744641,77.13827,,osm
SPBK,Sundarpur Barah Kalan,29.326032,76.418919,,osm
SPC,Sitapur City Junction,27.584015,80.680175,,osm
SPD,Supedi,21.758539,70.375843,,osm
SPDA,Sapda,23.158348,69.98079,,osm
SPDM,Singhpur Dumra,25.066363,79.896898,,osm
SPDR,Sheoprasadnager,23.310057,82.77128,,osm
SPG,سپنتنگی,29.941475,68.096961,,osm
SPJ,Samastipur Junction,25.859282,85.786636,,osm
SPJB,Saidpur Jalalabad,31.455886,75.186769,,osm
SPJO,شاہ پنجو,27.140756,67.93609,,osm
SPLE,Sujnipara Junction,24.57058,88.036997,,osm
SPN,Shahjahanpur,27.893404,79.904898,,osm
SPO,Surpura,27.70724,73.442888,,osm
SPP,Shahpur Patori,25.639293,85.581387,,osm
SPPA,Sherpur Dhipura,25.5998,85.844113,,osm
SPPR,Shudnipur,25.626186,82.640559,,osm
SPR,Sonarpur Junction,22.443192,88.430341,,osm
SPRA,Sillipur,26.082032,77.037155,,osm
SPRD,Singapur Road Junction,19.257469,83.40293,,osm
SPRM,Sitapuram,18.815291,83.98238,,osm
SPS,Shripat Shrikhanda,23.603816,88.069773,,osm
SPSR,Sarpeswar,20.475867,85.755025,,osm
SPT,Sompeta,18.980908,84.581575,,osm
SPX,Sapat Gram,26.334396,90.109606,,osm
SPYA,Sipaya,26.558563,84.330243,,osm
SPZ,Sampla,28.782293,76.773035,,osm
SQB,Singhabad,24.914951,88.291863,,osm
SQJ,Saila Khurd,31.292628,76.077409,,osm
SQK,Shankar,31.140881,75.539866,,osm
SQL,Sontalai,22.613091,77.950051,,osm
SQN,Sarai Kansrai,25.516,82.346151,,osm
SQQ,Salegaon,20.5635,85.957277,,osm
SQR,SultanpurLodhi Railway Station,31.210762,75.202135,,osm
SQS,Sigsigi,24.259499,83.854457,,osm
SQW,Sidhwalia,26.334575,84.667764,,osm
SR,Sabli Road,23.037024,71.955816,,osm
SRA,Semra,26.712088,84.814053,,osm
SRAS,Siras,26.256956,76.000828,,osm
SRAYA,Saraiya Junction,26.022759,85.118511,,osm
SRBA,Saragbundia,22.213777,82.732869,,osm
SRBR,Surbari,23.230528,70.696993,,osm
SRBZ,Seharabazar,23.109894,87.804443,,osm
SRC,Santragachi Junction,22.584699,88.283072,,osm
SRD,Surawadi,18.020062,74.334946,,osm
SRDH,Sarsadh,29.185,76.732579,,osm
SRDR,Sardarshahr,28.437888,74.47851,,osm
SRE,Saharanpur Junction,29.961459,77.54124,,osm
SRGD,Saragaon Deori,22.020824,82.742358,,osm
SRGH,Surajgarh,28.297926,75.731112,,osm
SRGP,Saragipali,20.984255,84.563895,,osm
SRGR,Saraigarh,26.293526,86.737672,,osm
SRGT,Surendranagar Gate,22.734926,71.63669,,osm
SRH,سرہاری,26.097152,68.47966,,osm
SRHA,Sukhpur Roha,23.224058,69.328224,,osm
SRI,Salmari,25.615731,87.83764,,osm
SRID,Shridham,23.034565,79.484784,,osm
SRJ,Shankargarh,25.180398,81.614133,,osm
SRJM,Sirjam,23.40402,86.835705,,osm
SRJN,Sirajnagar Halt,23.822174,88.269565,,osm
SRJR,سردار جھنڈیر,29.719263,72.049117,,osm
SRJW,سراج والا,29.722221,71.68704,,osm
SRKI,Semarkhedi,24.28052,78.18172,,osm
SRKN,Sherekan,29.555498,74.434278,,osm
SRKT,Sarkantra,20.222559,85.789565,,osm
SRL,Sarola,18.939079,74.647868,,osm
SRM,Sarna,32.253247,75.578354,,osm
SRMN,Semraon,25.394454,84.526261,,osm
SRMP,Sirsi Mukhdampur,28.634368,78.641707,,osm
SRMT,Sirmuttra,26.519677,77.375432,,osm
SRNK,Soron Shukar Kshetra,27.883766,78.749233,,osm
SRNT,Sarnath,25.376132,83.032592,,osm
SRO,Sirathu,25.648888,81.320152,,osm
SRP,Serampore,22.754579,88.338308,,osm
SRPB,Srirampur Assam,26.427431,89.9049,,osm
SRPJ,Swarupganj,24.659836,72.932857,,osm
SRPR,Sarupsar Junction,29.354903,73.700569,,osm
SRPU,Sripur Halt,25.25641,88.044172,,osm
SRRG,Surer,27.191032,76.612863,,osm
SRSI,Sarsi,25.863316,87.285218,,osm
SRSL,Sirsala,28.426735,75.129385,,osm
SRTE,Soorothee,26.656491,77.696375,,osm
SRU,Salempur Junction,26.29783,83.923587,,osm
SRVX,Suravali,15.291323,73.939652,,osm
SRW,Shri Karanpur,29.843214,73.458399,,osm
SRX,Suranussi,31.380579,75.542636,,osm
SRY,Sirari,25.132976,85.953249,,osm
SRZ,Sardargarh,29.366814,73.748578,,osm
SSA,Sirsa,29.53893,75.035681,,osm
SSB,Shakurbasti,28.681407,77.127568,,osm
SSC,Shahi,28.585925,79.685799,,osm
SSD,Shamsabad,27.469666,79.438057,,osm
SSDT,Shamshabad Town,27.02501,78.126927,,osm
SSF,Sirsuphal,18.306796,74.573588,,osm
SSG,Shiu Sagar Road,25.000156,83.895993,,osm
SSGJ,Sursaraighat Jhara,24.026681,82.108362,,osm
SSH,شیر شاہ جنکشن ریلوے اسٹیشن,30.091872,71.342644,,osm
SSHT,Saghar Sultanpur Halt,26.154408,84.727109,,osm
SSI,Shirsai,18.314762,74.578332,,osm
SSIA,Suisa,23.196808,85.908593,,osm
SSJMP,Sarsa Jamalpur,25.184234,85.782999,,osm
SSKA,Sisarka,28.429807,78.848242,,osm
SSKL,Suskal,22.314055,73.802773,,osm
SSL,Sirsaul,26.295832,80.464136,,osm
SSM,Sasaram Junction,24.956511,84.018915,,osm
SSN,Sason,21.559397,84.039081,,osm
SSNS,Shaheed Suraj Narayan Singh Halt,26.201534,86.044164,,osm
SSP,Santoshpur,22.524057,88.271066,,osm
SSPH,Satish Samanta,22.193092,87.990009,,osm
SSPR,Sadashibapur,20.735673,85.505608,,osm
SSR,Sareri,25.6979,74.624271,,osm
SSRD,Shasan Road,22.347157,88.434902,,osm
SSRH,Shasan Halt,25.686654,86.196819,,osm
SSSA,Salt Lake Stadium,22.573111,88.403089,,osm
SSTN,Noida Sector 62,28.616986,77.373588,,osm
SSU,Sasa Musa,26.524863,84.359006,,osm
SSV,Sasvad Road,18.472818,73.954518,,osm
SSW,Sarsawa,30.023901,77.423898,,osm
SSX,سرشمیر روڈ ریلوے اسٹیشن,31.290676,72.87375,,osm
SSZ,Sadda Singh Wala,30.027358,75.324434,,osm
ST,Surat,21.205029,72.840743,,osm
STA,Satna Junction,24.567731,80.828681,,osm
STB,Shantipur Junction,23.262954,88.435945,,osm
STBB,Satberia Halt,23.047781,88.791404,,osm
STBJ,Sitabinji,21.500176,85.789558,,osm
STC,Santa Cruz,19.081522,72.841757,,osm
STD,Satrod,29.107753,75.821503,,osm
STDR,Satadhar,21.283753,70.721055,,osm
STF,Sikta,27.025069,84.681192,,osm
STH,Sethal,28.541349,79.56304,,osm
STHL,Sinthal,27.983642,73.593635,,osm
STJ,سیٹھارجہ,27.203974,68.476755,,osm
STJT,Sathajagat,25.640957,85.861059,,osm
STKI,سلطان خیل,34.082297,71.193904,,osm
STKW,Sultanpur Kaliawas,28.460456,76.869675,,osm
STL,Simultala,24.714074,86.542006,,osm
STLB,Sitalpur,21.773069,87.670819,,osm
STLI,Sithouli,26.14654,78.187202,,osm
STLR,Sitalpur,25.768291,85.035829,,osm
STN,Sitarampur,23.723543,86.896714,,osm
STNL,Satnali,28.381714,75.965843,,osm
STNR,Sital Nagar,28.04413,74.254088,,osm
STP,Sitapur Junction,27.558232,80.699013,,osm
STR,Satara,17.688336,74.063183,,osm
STRD,Shitala Road,26.647569,75.897661,,osm
STRK,Kutchehari,27.56529,80.687162,,osm
STSN,Shaitan Singh Nagar,27.051722,72.46816,,osm
STVR,Sarita Vihar,28.528644,77.28835,,osm
STW,Sahatwar,25.827781,84.295873,,osm
STZ,Satraon,26.282987,83.820004,,osm
SUA,Sardiha,22.38127,87.123787,,osm
SUAL,Saundal,16.701706,73.619887,,osm
SUBR,Subhagpur,27.172831,81.976725,,osm
SUC,Sunak,23.615345,73.249429,,osm
SUD,Sudhani,25.727906,87.879403,,osm
SUDV,Summadevi,18.794985,84.459054,,osm
SUI,Sui,28.869445,76.082121,,osm
SUIA,Suraincha,27.32736,80.829611,,osm
SUJ,Sarju,27.111772,81.635048,,osm
SUJH,Sujangarh,27.709355,74.46429,,osm
SUJR,Sujra,29.012669,77.261394,,osm
SUK,Sukhpur,23.014854,71.240765,,osm
SUKR,Sukhpur,23.209618,69.603486,,osm
SUKU,Suku,18.71499,82.726238,,osm
SUL,Sector 42-43,28.457425,77.096953,,osm
SULH,Sulhani,30.872548,74.864613,,osm
SUM,Summit,20.211532,74.343935,,osm
SUMA,Solu Majra,29.87772,76.601997,,osm
SUMR,Sumer,23.625381,77.879897,,osm
SUNM,Sunamai Halt,28.02174,78.15622,,osm
SUNR,Surendranagar Junction,22.744384,71.628906,,osm
SUP,Shrungavarapukota,18.116932,83.133106,,osm
SUPR,Surajpur,30.780572,76.890014,,osm
SURI,Siuri,23.89036,87.531348,,osm
SURL,Sureli,26.110415,76.084906,,osm
SURP,Suratpura Junction,28.662057,75.407037,,osm
SURR,Surera,29.402956,74.696128,,osm
SUT,Satlana,25.971543,72.952784,,osm
SUW,Sukhi Sewaniya,23.340429,77.485358,,osm
SV,Siwan Junction,26.210649,84.358563,,osm
SVA,Suwasra,24.070043,75.648858,,osm
SVB,Savni,20.962824,70.449374,,osm
SVC,Siwan Kachari,26.225814,84.347951,,osm
SVDK,Shri Mata Vaishno Devi Katra,32.983037,74.934995,,osm
SVE,Sewri,18.99878,72.854422,,osm
SVH,Sonadanga,23.638024,88.353535,,osm
SVI,Sagarpali,25.757949,84.100041,,osm
SVJ,Sajiyavadar,21.482269,71.162553,,osm
SVJR,Shivajinagar,18.532591,73.851311,,osm
SVKD,Savarkundla,21.335506,71.313086,,osm
SVL,Sevaliya,22.808615,73.347792,,osm
SVLI,Savli,22.555925,73.227212,,osm
SVM,Sanvordem Curchorem,15.264103,74.108541,,osm
SVMB,Sir M. Vishweshwaraiah Moti Bagh,28.578533,77.175741,,osm
SVO,Sanvrad,27.519181,74.518473,,osm
SVPI,Shivpuri,25.438084,77.638152,,osm
SVPO,Shivpur,23.918077,84.97115,,osm
SVQ,Sivok,26.880391,88.469178,,osm
SVRP,Shivanarayanpur,25.294412,87.332666,,osm
SVSA,Salt Lake Sector V,22.580943,88.429087,,osm
SVT,Shivpura,23.256099,76.007251,,osm
SVTN,Shivathan,15.478081,74.522768,,osm
SVX,Sawarda,17.404653,73.515195,,osm
SW,Sehramau,28.357025,80.300327,,osm
SWA,Sahjanwa,26.763685,83.214938,,osm
SWAR,Sewar,27.177756,77.425532,,osm
SWARGATE,Swargate,18.499745,73.85746,,osm
SWC,Shivrampur,25.220332,80.838899,,osm
SWD,Sanawad,22.177778,76.073791,,osm
SWDE,Siwaha,29.33689,76.447723,,osm
SWDV,Seawoods,19.021819,73.019159,,osm
SWF,Sathin Road,26.49627,73.51957,,osm
SWG,Sidhwan,31.097411,75.537379,,osm
SWM,Sawai Madhopur Junction,26.018006,76.356467,,osm
SWN,سیہون,26.412007,67.860275,,osm
SWNI,Siwani,28.915269,75.604865,,osm
SWNR,Sewa Nagar,28.578955,77.227689,,osm
SWO,Sonwara,30.894437,77.004641,,osm
SWPR,Sewapuri,25.350818,82.769253,,osm
SWR,Sonua,22.576242,85.464589,,osm
SWRT,Sahawar,27.789208,78.83255,,osm
SWT,Shivwala Tehu,27.382731,78.223734,,osm
SWU,Sanaura,31.581097,75.640772,,osm
SWV,Sawantwadi Road,15.866463,73.785083,,osm
SWX,Saidanwala,30.906634,74.699819,,osm
SXB,Sambre,15.884318,74.577209,,osm
SXC,Sondalia,22.681816,88.5823,,osm
SXD,Siduli,23.648483,87.211575,,osm
SXE,Sila Kheri Halt,29.388766,76.609705,,osm
SXF,Sobhapur,22.722818,78.280915,,osm
SXG,سَرائے عالمگیر ریلوے اسٹیشن,32.906775,73.749458,,osm
SXH,Shingatgere,15.348768,74.660588,,osm
SXN,Sonakhan,22.166311,84.520063,,osm
SXP,Sanko Para Halt,24.717799,87.934219,,osm
SXSB,Shobhasan,23.556971,72.389583,,osm
SXX,Salbari,26.545738,89.104758,,osm
SXZM,Sopur,34.258006,74.451179,,osm
SYA,Salaia,23.847144,79.97075,,osm
SYC,Sarai Chandi,25.539384,81.979998,,osm
SYF,Semai,26.285499,77.523927,,osm
SYH,Saiyedpur Bhitri,25.539513,83.233058,,osm
SYJ,Saidraja,25.253269,83.351592,,osm
SYL,Salpura,24.770335,76.734248,,osm
SYN,Sayan,21.317462,72.89,,osm
SYO,Siroliya,23.305674,76.225938,,osm
SYQ,Sinhan,22.234506,69.730471,,osm
SYU,Sarayan,27.379476,81.052724,,osm
SYWN,SUBEDARGANJ RAILWAY STATION,25.439408,81.790268,,osm
SYZ,Sonai,27.57103,77.877564,,osm
SZ,Salawas,26.139326,73.014056,,osm
SZA,Sarotra Road,24.379073,72.595971,,osm
SZE,Sonardih,23.790813,86.26392,,osm
SZF,Satbahini,24.375269,83.84038,,osm
SZK,Surkhanda Ka Khera,24.118828,73.880517,,osm
SZM,Subzimandi,28.668507,77.200493,,osm
SZN,Shahbaznagar,27.922415,79.887197,,osm
SZW,شہباز والا,29.276238,72.929367,,osm
SZZ,Sabira,21.238206,86.631294,,osm
TABU,Talaburu,22.34827,85.754801,,osm
TAJ,تارو جبہ,34.017187,71.727712,,osm
TAK,Tarakeswar,22.882399,88.014201,,osm
TAKU,Taku,22.488644,77.819648,,osm
TALA,Tala,22.606351,88.378426,,osm
TALL,Taal Junction,25.37912,85.954858,,osm
TAN,Tarana Road,23.264179,76.066606,,osm
TAO,Tamna railway station,23.268947,86.352373,,osm
TAP,Tapang,20.051579,85.579995,,osm
TAPA,Railway Station Tapa,30.30309,75.36693,,osm
TAS,Thasra,22.797745,73.220733,,osm
TATA,Tatanagar,22.76828,86.201117,,osm
TATI,Tati,22.545837,84.915867,,osm
TAV,Talala Junction,21.042317,70.522764,,osm
TAZ,Targaon,17.514317,74.15621,,osm
TB,Tharbitia,26.219081,86.657984,,osm
TBA,Timba Road,22.80874,73.381061,,osm
TBAE,Tribeni,22.990303,88.398261,,osm
TBB,Tilbhita,24.675582,87.842654,,osm
TBGR,ٹبہ عالمگیر,29.263622,72.922264,,osm
TBL,Talchera Baroliran,27.206723,77.124627,,osm
TBN,Timarni,22.376271,77.230192,,osm
TBR,Taiabpur,26.384258,88.160687,,osm
TBT,Talbahat,25.039164,78.414477,,osm
TBTN,Thana Bhawan Town,29.592762,77.411195,,osm
TBV,Timbarva,21.151891,73.167572,,osm
TD,Tanda,26.54166,82.642841,,osm
TDG,Taradgaon,18.036446,74.254018,,osm
TDH,Tindharia,26.852115,88.333252,,osm
TDI,Tanduri,29.72392,67.942825,,osm
TDL,Tundla Junction,27.208087,78.233044,,osm
TDLE,Tildanga,24.78643,87.873534,,osm
TDM,ٹنڈو آدم,25.76075,68.662186,,osm
TDO,Tanda Urmar,31.672798,75.637619,,osm
TDP,Todarpur,27.581237,80.019037,,osm
TDW,Tandwal,30.233909,76.988666,,osm
TEA,Taregna,25.353707,85.037186,,osm
TEB,تخت بھائی,34.277614,71.930047,,osm
TEGT,Taj East Gate,27.158415,78.057906,,osm
TEK,Tekkali,18.604435,84.234219,,osm
TELO,Telo,23.811408,86.134166,,osm
TELY,Telia,24.905635,86.976496,,osm
TERH,Terha Halt,25.992328,84.850054,,osm
TET,Tetulmari,23.814581,86.343226,,osm
TETA,Telta,25.800514,87.842974,,osm
TFGN,Tufanganj,26.302953,89.665564,,osm
TG,Tagore Garden,28.643726,77.11282,,osm
TGA,Teghra,25.510507,85.941705,,osm
TGB,Tangarbansali,23.374478,85.060643,,osm
TGG,Tiger Hill,23.240279,82.389298,,osm
TGH,Titagarh,22.741126,88.374584,,osm
TGM,Tangarmunda,22.093478,84.35915,,osm
TGN,Talegaon,18.735106,73.67209,,osm
TGQ,Tenganmada,22.507586,81.995553,,osm
TGRL,Tangiriapal,21.167829,85.924041,,osm
TGT,Tinai Ghat,15.448667,74.402411,,osm
TH,Tinich,26.878732,82.647851,,osm
THA,Tehta,25.112534,84.984967,,osm
THAN,Than,22.578377,71.206306,,osm
THB,Thana Bihpur Junction,25.393625,86.935675,,osm
THBN,Thana Bhawan,29.614956,77.420125,,osm
THCN,Tirath,25.248958,75.859433,,osm
THDR,Thandla Road,22.963066,74.589325,,osm
THE,Thawe Junction,26.438871,84.394069,,osm
THEA,Thalera,25.315641,75.737335,,osm
THED,Tauheed,26.083179,87.929554,,osm
THJ,Talheri Buzurg,29.767002,77.644535,,osm
THK,Thakurli,19.226281,73.098017,,osm
THLN,تھل نو,28.262325,68.763853,,osm
THM,Thaiyat Hamira,26.993275,71.078297,,osm
THMA,Tham,21.739724,72.941473,,osm
THMR,Thathana Mithri,27.055108,74.898066,,osm
THO,Tulin,23.378721,85.901993,,osm
THP,Taherpur,23.259996,88.543573,,osm
THR,Thara,26.356314,77.850908,,osm
THRS,تلہار,24.881266,68.814296,,osm
THS,Thansit,19.550337,73.35224,,osm
THUR,Thuria,23.835583,75.554824,,osm
THV,Therubali,19.335605,83.421319,,osm
THVM,Thivim,15.629878,73.877045,,osm
THW,Tharwai,25.53925,81.914583,,osm
THWM,Fursatganj,26.244522,81.415651,,osm
THY,Thadi,17.686452,83.06675,,osm
TIA,Tilaiya Junction Railway Station,24.822627,85.403667,,osm
TIBI,Tibi,29.542932,74.501689,,osm
TID,Tagdi,22.29635,71.948129,,osm
TIG,Titlagarh Junction,20.285302,83.153576,,osm
TIHI,Tihi,22.619,75.733933,,osm
TIK,Tik,29.850133,76.527207,,osm
TIL,Tilrath,25.442145,86.066129,,osm
TILA,Tila,24.835779,79.286013,,osm
TIS,Tatisilwai Junction,23.369941,85.436613,,osm
TISI,Tisi,21.382854,74.368107,,osm
TIT,Talit,23.293351,87.818916,,osm
TIU,Tilaru,18.470172,84.072298,,osm
TIW,Tivari,26.555184,72.887703,,osm
TJD,Tajpur Dehma,25.728162,83.930275,,osm
TJH,Tejgadh,22.348702,73.899525,,osm
TJML,Taj Mahal,27.168067,78.035962,,osm
TJP,Tajpur,23.216752,75.923335,,osm
TJW,Tejpurwa Halt,25.940165,84.82024,,osm
TKA,Teharka,25.294161,78.931851,,osm
TKB,Tupkadih,23.713607,86.06378,,osm
TKBG,Teka Bigha Halt,25.464473,85.489152,,osm
TKD,Tughlakabad,28.503442,77.297051,,osm
TKF,Taki Road,22.587948,88.915932,,osm
TKG,Thakurganj,26.427467,88.128953,,osm
TKH,Thakurtota,21.652404,86.971385,,osm
TKJ,Tilak Bridge,28.628117,77.237404,,osm
TKLE,Tikani,25.107979,86.99314,,osm
TKLN,Tarrakalan,25.984267,76.910863,,osm
TKMG,Tikamgarh,24.766564,78.840396,,osm
TKMY,Taklimiya,19.457799,74.679135,,osm
TKN,Tankuppa,24.703465,85.119854,,osm
TKND,Trivikramdeo Nagar,26.302425,84.709277,,osm
TKNG,Tilak Nagar,19.065786,72.89047,,osm
TKNR,Thakurnagar,22.924734,88.777804,,osm
TKP,Takipur,24.305209,87.907223,,osm
TKPH,Takipur Halt,22.865554,87.927741,,osm
TKPL,Tikirapal,21.536209,86.944954,,osm
TKPR,Trilokpuri Sanjay Lake,28.613453,77.308855,,osm
TKR,Takari,17.133002,74.358228,,osm
TKRA,Tikra,21.667127,87.534726,,osm
TKRI,Tikiri,19.176887,83.098243,,osm
TKS,Tokisud,23.678549,85.238948,,osm
TKUR,Tappa Khajuria,27.580528,80.776049,,osm
TKV,Teknewas,25.807556,84.6897,,osm
TKWA,Tilakwada,21.969351,73.589862,,osm
TKYR,Tikaria,25.00056,80.874694,,osm
TL,Tilonia,26.653062,74.934592,,osm
TLA,Titwala,19.296383,73.203066,,osm
TLAM,Tulsi Ashram Railway Station,25.342069,83.351178,,osm
TLB,Telwa Bazar Halt,24.694468,86.557213,,osm
TLC,Talchhapar,27.826112,74.487204,,osm
TLE,Talgaria,23.681441,86.335673,,osm
TLG,Tollygunge,22.507755,88.347722,,osm
TLH,Tilhar,27.972828,79.74201,,osm
TLHD,Talcher Road Junction,20.886771,85.208305,,osm
TLHR,Talcher,20.93223,85.200582,,osm
TLI,Talwara Jhil,29.511788,74.587051,,osm
TLJ,Taljhari,25.082828,87.742271,,osm
TLKH,Talakhajuri,26.17723,81.736529,,osm
TLMD,Trilochan Mahadeo,25.566505,82.803873,,osm
TLNH,Tilaunchi,26.332609,80.006995,,osm
TLO,Talandu,23.010791,88.34529,,osm
TLPH,Talpur Halt,22.875272,87.974646,,osm
TLR,Tulsipur,27.531877,82.409008,,osm
TLRA,Talara,32.239291,75.904152,,osm
TLV,Talvadiya Junction,21.927809,76.444634,,osm
TLWA,Thalwara,26.072735,85.897507,,osm
TLX,Taldi,22.342795,88.611156,,osm
TLZ,Talavli,23.903204,75.597593,,osm
TMA,Tamuria,26.245715,86.352761,,osm
TMB,Temburu,18.633508,84.126631,,osm
TMGN,Thamla Mogana,24.871697,73.936706,,osm
TMH,Tin Mile Hat,26.412521,88.256812,,osm
TMK,ٽنڊو مستي خان,27.428693,68.646863,,osm
TMKA,Tomka Jn.,21.107736,85.976178,,osm
TMN,ٹنڈو محمد خان,25.122623,68.529911,,osm
TMO,Tamlor,25.728608,70.566545,,osm
TMUR,Tenua Dumaria Halt,25.828308,84.759716,,osm
TMZ,Tamluk,22.274648,87.920116,,osm
TN,Tilak Nagar,28.636548,77.096496,,osm
TNA,Thane,19.186483,72.975766,,osm
TNDE,Thanesar City,29.966902,76.824853,,osm
TNJE,Tentulla,23.790825,86.278066,,osm
TNJR,Tajnagar,28.385564,76.825925,,osm
TNKA,Tankhala,21.970782,73.774108,,osm
TNO,Tundu,23.787876,86.248798,,osm
TNPR,Tejnarayanpur,25.339257,87.710989,,osm
TNRI,Teneri Halt,25.312172,85.024665,,osm
TNUE,Tindauli,27.181304,78.916344,,osm
TNW,Thapar Nagar,23.768988,86.701511,,osm
TNX,Tarak Nagar,23.380173,88.680501,,osm
TOD,Talod,23.351344,72.947771,,osm
TOI,Tamkuhi Road,26.724217,84.22788,,osm
TORA,Torniya,21.439862,70.543832,,osm
TORI,Tori Junction,23.681244,84.74009,,osm
TPB,Trilokpur,27.506673,82.709029,,osm
TPDH,Tupadih,22.052516,85.178968,,osm
TPF,Tarapith Road,24.127318,87.753009,,osm
TPH,Tinpahar Junction,24.996565,87.743551,,osm
TPK,Tipkai,26.287297,90.032327,,osm
TPKR,Tikiapara,22.598577,88.324035,,osm
TPND,Taloje Panchanand,19.079148,73.087858,,osm
TPO,Tantpur,26.838448,77.481618,,osm
TPR,ٹاٹے پور ریلوے اسٹیشن,30.22485,71.649971,,osm
TPSB,Trapaj Bungalow,21.454512,72.112711,,osm
TPU,Tanakpur,29.067379,80.109463,,osm
TPZ,Tapri Junction,29.915864,77.583568,,osm
TQA,Takia,26.311267,80.781603,,osm
TQL,Theh Qalandar,30.464156,74.087949,,osm
TQN,Tikunia,28.378293,80.981502,,osm
TR,Tarur,20.024406,74.64789,,osm
TRA,Tangra,31.572497,75.121931,,osm
TRAH,Taranga Hill,23.959066,72.711022,,osm
TRAN,Torang,23.271294,85.858923,,osm
TRD,ترنڈہ,28.486325,70.401839,,osm
TRE,Tikri,26.941385,82.188767,,osm
TRF,Taropa,21.851098,73.436155,,osm
TRG,Tarighat,25.551391,83.614506,,osm
TRGHR,Targhar,18.989942,73.034331,,osm
TRI,ترکی ریلوے اسٹیشن,33.06882,73.426794,,osm
TRJ,Tariasujan,26.654011,84.271153,,osm
TRKR,Turekala Road,20.562607,82.814185,,osm
TRN,Taraon,25.525865,83.310831,,osm
TRP,Tarapur,22.466007,72.67118,,osm
TRPL,Tripal,32.00957,76.200616,,osm
TRR,Taraori,29.797791,76.938035,,osm
TRS,Tarsarai,26.19417,86.013347,,osm
TRSR,Tarsai,21.766336,69.849504,,osm
TRTG,تورہ تیگہ,34.128037,71.119798,,osm
TRWT,Taravata,24.736998,77.379208,,osm
TRZ,Tolra,24.180251,83.928362,,osm
TSA,Tisua,28.135833,79.586183,,osm
TSAH,Tata Sijua Halt,23.77448,86.331285,,osm
TSD,Tahsil Bhadra,29.101785,75.161321,,osm
TSE,تھیری سانسی,32.103366,74.204101,,osm
TSF,Tahsil Fatehpur,27.168457,81.203992,,osm
TSL,Taksal,30.844939,76.954041,,osm
TSS,Tallisaida Sahu,31.032224,74.746778,,osm
TTI,Turtipar,26.161403,83.891662,,osm
TTN,Tulsitanr,24.568996,86.614407,,osm
TTO,Tarn Taran Junction,31.455038,74.932264,,osm
TTPT,Talcher Thermal,20.904668,85.216763,,osm
TTRA,Tintoda,23.2478,72.547507,,osm
TTS,ٹوبہ ٹیک سنگھ ریلوے اسٹیشن,30.967687,72.479837,,osm
TTW,Titwa,21.995946,80.138973,,osm
TUH,Turbhe,19.076145,73.017699,,osm
TUL,Tiraldih,23.13484,85.92905,,osm
TUM,Tulsigam,22.772816,73.385611,,osm
TUN,Tohana,29.726406,75.902767,,osm
TUNG,Tung,26.922541,88.29562,,osm
TUNI,Tuni,17.361038,82.543322,,osm
TUWA,Tuwa,22.800336,73.466102,,osm
TUX,Tunia,22.544802,85.428811,,osm
TV,Ten Talav,22.045538,73.425046,,osm
TVG,Tavargatti,15.414573,74.662523,,osm
TVI,Taradevi,31.076195,77.139653,,osm
TVTN,Thambavati Nagri,24.968525,74.694717,,osm
TWB,Talwandi,30.860949,74.924168,,osm
TWG,Twining Ganj,25.569,84.218081,,osm
TWL,Tilwara,25.885814,72.109229,,osm
TWV,Thuwavi,22.172113,73.354535,,osm
TXD,Tyada,18.217273,83.04257,,osm
TXLC,ٹیکسلا,33.742279,72.81452,,osm
TYAE,Tenya,23.823455,88.149823,,osm
TYK,Thabalke,31.182091,75.587143,,osm
TZR,Turki,24.547875,81.13789,,osm
UA,Upleta,21.746681,70.282143,,osm
UAR,Unawa Aithor,23.753076,72.385563,,osm
UB,Uska Bazar,27.193142,83.116129,,osm
UBC,Ambala City,30.378075,76.764645,,osm
UBR,Umbergaon Road,20.153765,72.79058,,osm
UCA,Uchana,29.4667,76.178568,,osm
UCB,Unchi Bassi,31.862379,75.642912,,osm
UCH,Unchaulia,27.810283,80.068307,,osm
UCR,Unchahar Junction,25.903235,81.299949,,osm
UDK,Udiyan Khedi,23.671041,76.628835,,osm
UDKLN,UDei Kalan,26.515471,76.715992,,osm
UDL,Andal Junction,23.579054,87.181493,,osm
UDM,Undasa Madhapur,23.09241,75.972428,,osm
UDMR,Udi More Junction,26.728851,78.951106,,osm
UDN,Udhna Junction,21.170427,72.85099,,osm
UDPR,Udaipura,24.775494,78.653011,,osm
UDR,Amdara,24.09948,80.577854,,osm
UDS,Udasar,28.359998,74.490937,,osm
UDZ,Udaipur City,24.567493,73.699553,,osm
UGN,Ugaon,20.12347,74.139687,,osm
UGNA,Ugna,26.238471,86.095297,,osm
UGP,Ugarpur,27.350416,79.506756,,osm
UHI,اُچھری ریلوے اسٹیشن,33.364768,71.927272,,osm
UHL,Una Himachal,31.478735,76.275071,,osm
UHR,Unchhera,24.380846,80.794214,,osm
UIH,Umaria Isra,22.054776,79.087756,,osm
UJ,Ujalvav,21.905246,71.704978,,osm
UJA,Unjha,23.796848,72.381895,,osm
UJH,Ujhani,27.99511,79.015314,,osm
UJN,Ujjain Junction,23.179535,75.781954,,osm
UJP,Ujiyarpur,25.780354,85.800674,,osm
UKA,Ukhra,23.653861,87.233631,,osm
UKC,Ukshi,17.130199,73.456877,,osm
UKLR,Ukilerhat,21.824735,88.2302,,osm
UKN,Uklana,29.500404,75.882372,,osm
UKR,Udalkachar,23.289707,82.265738,,osm
ULA,Umra Nala,21.875608,78.880593,,osm
ULB,Uluberia,22.472223,88.093845,,osm
ULD,Achhalda,26.702145,79.404234,,osm
ULM,Urlam,18.434714,83.989272,,osm
ULNR,Ulhasnagar,19.21788,73.163078,,osm
ULT,Kulti,23.738142,86.848515,,osm
UM,Umardashi,24.099964,72.420422,,osm
UMB,Ambala Cantonment Junction,30.338243,76.828696,,osm
UMED,Umed,26.549187,73.605992,,osm
UMH,Umreth,22.69313,73.119451,,osm
UML,Umalla,21.791824,73.295767,,osm
UMN,Aambliyasan Junction,23.449713,72.422381,,osm
UMNR,Umeshnagar,25.467568,86.435446,,osm
UMPD,Umarpada,21.458398,73.475077,,osm
UMR,Umaria,23.52306,80.822657,,osm
UMRA,Umra,24.522972,73.772241,,osm
UMS,Udramsar,27.92325,73.344432,,osm
UMW,عثمان والا,30.89689,74.23817,,osm
UNA,Una,20.819564,71.03641,,osm
UNCT,Uran City,18.878419,72.9525,,osm
UND,Unchdih,25.19242,82.163375,,osm
UNE,Uttam Nagar East,28.624847,77.065286,,osm
UNI,Unai and Vansda Road,20.852468,73.339455,,osm
UNL,Unhel,23.314641,75.475103,,osm
UNLA,Unaula,26.786476,83.469664,,osm
UNR,انڑپور,25.606357,68.353673,,osm
UOI,Umroli,19.755761,72.760451,,osm
UPA,Uttarpara,22.667046,88.341146,,osm
URD,Untari Road,24.341139,83.835255,,osm
UREN,Uren,25.171111,86.224498,,osm
URG,Usargaon,26.077976,79.673882,,osm
URGA,Urga,22.268892,82.736385,,osm
URI,Uruli,18.49372,74.136966,,osm
URMA,Urma Railway Station,23.152838,86.248994,,osm
URML,Upramal,25.274909,75.328496,,osm
URN,Utran,21.23357,72.855187,,osm
URP,Udairampur,22.100001,88.274686,,osm
URPR,Ugrasenpur,25.568367,82.170699,,osm
USD,Ukai Songhad,21.148813,73.557044,,osm
USK,Usia Khas,25.434728,83.707327,,osm
USL,Uslapur,22.102294,82.112372,,osm
USRA,Usra,22.848974,74.103507,,osm
UTA,Umar Tali,27.086223,80.473335,,osm
UTD,Utarsanda,22.655086,72.889146,,osm
UTL,Utarlai,25.813946,71.468844,,osm
UTN,Uttar Radhanagar,22.269188,88.383818,,osm
UTP,Utripura,26.740217,80.095996,,osm
UTR,Utrahtia,26.763375,80.974267,,osm
UVD,Udvada,20.462139,72.919005,,osm
UVSN,Unava Vasan,23.329997,72.658851,,osm
UWAN,Urwan,24.350223,85.46277,,osm
UWNR,Udwant Nagar Halt,25.517488,84.625648,,osm
VAA,Bhaga,23.723671,86.405741,,osm
VAE,Vadali,23.939813,73.044042,,osm
VAL,Vadal,21.611408,70.493001,,osm
VAN,Vadhvana,22.153252,73.490843,,osm
VAPI,Vapi,20.373548,72.908438,,osm
VAS,Vasai Dabhla,23.530417,72.575542,,osm
VASI,Vaishali,28.64967,77.339575,,osm
VASO,Vaso,22.659403,72.764359,,osm
VBH,Vishnupur Bathua Halt,25.931773,85.644386,,osm
VBL,Bobbili Junction,18.576416,83.346054,,osm
VBN,Vallabhnagar,24.700609,74.013601,,osm
VBR,Vambori,19.298476,74.685007,,osm
VBW,Vaibhavwadi Road,16.512307,73.707943,,osm
VCN,Virochannagar,23.064914,72.221561,,osm
VD,Vagdiya,22.614489,71.292069,,osm
VDA,Vasad Junction,22.452869,73.060645,,osm
VDG,Vadnagar,23.785362,72.633213,,osm
VDGT,Vadala Granthin,31.83001,75.289214,,osm
VDH,Vedchha,20.874693,72.936043,,osm
VDN,Vadgaon,18.742587,73.63666,,osm
VDS,Vidyasagar,24.083252,86.704203,,osm
VDV,Vadiya Devli,21.710496,70.811789,,osm
VEER,Veer,18.113745,73.330579,,osm
VEN,Verna,15.353851,73.912494,,osm
VENT,East Vinod Nagar - Mayur Vihar - II,28.620044,77.305407,,osm
VG,Viramgam Junction,23.127629,72.053493,,osm
VGI,Vangani,19.094332,73.300895,,osm
VGLJ,Virangana Lakshmibai Jhansi Junction,25.44395,78.553442,,osm
VGN,Vangaon,19.882991,72.763166,,osm
VGRA,Vagara,21.849534,72.84449,,osm
VHR,وہاڑی,30.044927,72.350095,,osm
VID,Vilavade,16.785678,73.619161,,osm
VIDN,Bandra Colony,19.069963,72.84936,,osm
VINA,Vina,22.762569,72.902268,,osm
VINH,Vinhere,17.91484,73.383624,,osm
VJD,Vijpadi Road,21.180145,71.446702,,osm
VJF,Vijapur,23.559094,72.74494,,osm
VJK,Vejalka,22.418284,71.720264,,osm
VJP,Vijaipur,24.492704,77.162325,,osm
VJPJ,Vijaypur Jammu,32.572099,75.021443,,osm
VJR,Vijayanagar,16.778109,74.696866,,osm
VK,Vikhroli,19.11148,72.928021,,osm
VKA,Verka Junction,31.666183,74.932507,,osm
VKD,Bhakrabad,22.118893,87.363936,,osm
VKG,Vavadi Khurd,22.788917,73.542244,,osm
VKH,Vikhran Road,21.295352,74.629698,,osm
VKL,Vankal,21.439818,73.230264,,osm
VKNR,Valmikinagar Road,27.195702,84.034578,,osm
VKR,Venkatnagar,22.9236,81.872215,,osm
VKVR,Vivek Vihar,26.888454,75.768407,,osm
VL,Vilad,19.198548,74.67467,,osm
VLA,Bavla,22.833587,72.364745,,osm
VLC,Velachha,21.433161,73.012366,,osm
VLDI,Vithalwadi,19.22842,73.149108,,osm
VLDR,Valadar,20.966765,70.727788,,osm
VLP,Vile Parle,19.09991,72.844004,,osm
VLTR,Vadali Luter Road,23.077358,73.134288,,osm
VLYN,Vallabh Vidynagar,22.542349,72.931069,,osm
VMA,Vikramgarh Alot,23.764713,75.538528,,osm
VNG,Visnagar,23.702629,72.54205,,osm
VNK,Binaiki,22.71977,79.9031,,osm
VNNR,Mandawali - West Vinod Nagar,28.624979,77.304452,,osm
VNP,Venpura,23.575788,72.017223,,osm
VNPN,Vain Puin,31.395114,75.034414,,osm
VNPR,Vinobapuri,28.565871,77.249297,,osm
VNRD,Vani Road,23.093909,72.002603,,osm
VNT,Vyankatpura,22.410642,73.370378,,osm
VNZ,Vanaz,18.507185,73.805195,,osm
VOL,Virol,22.513524,72.749462,,osm
VONB,Vondh,23.307668,70.434887,,osm
VPDA,Vidyapatidham,25.601811,85.802285,,osm
VPH,Vachaspati Nagar,26.389782,86.319559,,osm
VPO,Bhupia Mau,25.875223,81.970286,,osm
VPR,Visapur,18.824762,74.59948,,osm
VQD,Viramdad,22.200832,69.589361,,osm
VR,Virar,19.455306,72.811816,,osm
VRB,Vishrambag,16.850997,74.602803,,osm
VRBD,Vrindaban Road,27.555652,77.623771,,osm
VRE,Varediya,21.867759,73.052894,,osm
VRG,Vikram Nagar,23.161783,75.817996,,osm
VRH,Virbhadra,30.074852,78.252311,,osm
VRJ,Vadaj,22.064578,73.424964,,osm
VRL,Veraval Junction,20.911469,70.370905,,osm
VRLI,Veravali,16.833827,73.615255,,osm
VRM,Varnama,22.18787,73.171151,,osm
VRR,Virpur,21.849042,70.707834,,osm
VRS,Virsad,22.382319,72.795171,,osm
VRV,Viravada,23.613131,73.079373,,osm
VRX,Varahi,23.801038,71.435559,,osm
VS,Vidhan Sabha,28.686322,77.221727,,osm
VSD,Vasind,19.406509,73.267468,,osm
VSG,Vasco da Gama,15.395274,73.811286,,osm
VSH,Vashi,19.063291,72.998762,,osm
VSHI,Vaishali,25.968654,85.138519,,osm
VSI,Vishvamitri Jn. (NG),22.284012,73.179496,,osm
VSKP,Visakhapatnam,17.721431,83.290622,,osm
VSP,Wasanapura,22.586815,73.287469,,osm
VSPR,Bishnupriya,23.414045,88.355476,,osm
VSRD,Vasai Third Road,22.962345,69.917306,,osm
VST,Vijay Sota,23.979437,81.090541,,osm
VSU,Bishnupur,23.064773,87.301198,,osm
VSV,Vasadva,23.03462,71.595321,,osm
VSW,Visavadar Junction,21.34024,70.755733,,osm
VTA,Vatva,22.958998,72.629798,,osm
VTDI,Varetha,23.952063,72.691147,,osm
VTG,Bhetaguri,26.201266,89.482339,,osm
VTJ,Vartej,21.746068,72.055192,,osm
VTL,Vadtal Swaminarayan,22.597145,72.875061,,osm
VTN,Vaitarna,19.518652,72.849977,,osm
VTP,Vastrapur,23.007906,72.517437,,osm
VTVR,Vasant Vihar,28.557827,77.161117,,osm
VU,Vaghpura,23.782759,71.355689,,osm
VV,Valivade,16.704154,74.299485,,osm
VVA,Varvala,22.299257,68.967251,,osm
VVB,Vivek Vihar,28.673191,77.318295,,osm
VVD,Vavdi,21.718849,70.75249,,osm
VVG,V.V. Giri Halt,25.570677,84.178657,,osm
VVH,Vidyavihar,19.079542,72.897117,,osm
VVKP,Vivekanand Puri,28.664473,77.183813,,osm
VVV,halt,21.126053,71.466196,,osm
VW,Vishwa Vidyalaya,28.695077,77.214746,,osm
VXD,Vadod,22.514477,73.008314,,osm
VYA,Vyara,21.117674,73.38577,,osm
VYK,Vilayatkalan Road,23.701412,80.636486,,osm
VYN,Vyasnagar,25.296883,83.072564,,osm
VZM,Vizianagaram Junction,18.111464,83.396325,,osm
VZPH,Vazeerpur,28.150374,79.862782,,osm
VZR,Bhanjpur,21.954014,86.734424,,osm
WAAD,Wayad,24.023707,72.034142,,osm
WAB,Balwa,21.894621,69.954287,,osm
WAH,واہ,33.817464,72.737173,,osm
WAIR,Wair,28.349256,77.698368,,osm
WC,Welcome (Pink Line),28.672402,77.277024,,osm
WDHR,Wadharva,23.074956,70.834248,,osm
WDJ,Wander Jatana,30.564401,74.739942,,osm
WDM,Wyndhamganj,24.263384,83.401341,,osm
WENA,Wena,25.326322,85.532201,,osm
WGI,Waghai,20.772558,73.500352,,osm
WGJ,Waris Ganj Halt,26.435013,81.696024,,osm
WHB,وہاب شاہ,25.690453,68.632826,,osm
WHC,واہ کینٹ ریلوے,33.758237,72.793033,,osm
WJP,Wejpur,22.742591,73.353414,,osm
WKR,Wankaner Junction,22.622376,70.963741,,osm
WKRC,Wankaner City,22.612161,70.956409,,osm
WLA,Valtoha,31.197285,74.667703,,osm
WLH,Valha,18.183283,74.160419,,osm
WML,Bedeshwar Windmill,22.50448,70.041934,,osm
WOR,Worli,19.008606,72.819274,,osm
WPA,West Port,22.763814,69.557582,,osm
WRI,Waraseoni,21.771272,80.057556,,osm
WRS,Waris Aleganj,25.016275,85.642913,,osm
WSE,Vasan Iyava,23.025267,72.336341,,osm
WSJ,Wansjaliya Junction,21.799518,69.87342,,osm
WSR,Wa Sojintra,23.751028,72.183128,,osm
WTJ,Jam Wanthali,22.429323,70.322435,,osm
WTP,Water Pipe,19.008933,73.289749,,osm
WTR,Wathar,17.891334,74.136598,,osm
WW,Wanabar Halt,25.055776,84.974534,,osm
WWA,Vavaniya,23.005498,70.614168,,osm
WZD,وزیرآباد جنکشن ریلوے اسٹیشن,32.446188,74.112161,,osm
WZI,وزیرانی,28.808284,68.064617,,osm
WZJ,Wazerganj,24.812788,85.225219,,osm
XBKJ,Bikramganj,25.220311,84.27562,,osm
XSAD,Sadipur,24.931345,85.588241,,osm
XSAN,Sarvodaya Halt,25.553259,84.502519,,osm
XSK,Sokali,23.098187,72.105233,,osm
YAA,یارو کھوسہ,30.164857,70.611919,,osm
YB,Yamuna Bank,28.623312,77.268013,,osm
YDD,Yadudih,24.329898,85.701412,,osm
YDV,Yadvendra nagar,25.761436,82.742891,,osm
YEAM,Yogendra Dham Halt,27.456719,81.725726,,osm
YFP,Yusufpur,25.636485,83.747452,,osm
YJUD,Yamunanagar Jagadhri,30.117322,77.287664,,osm
YL,Yeola,20.022633,74.496226,,osm
YLM,Elamanchili,17.552387,82.852203,,osm
YNRK,Yog Nagari Rishikesh,30.109564,78.277904,,osm
YSF,یوسف شاہ ہالٹ,24.722648,68.818066,,osm
YT,Yavat,18.489012,74.256651,,osm
YVP,Yawarpura,22.434098,72.663917,,osm
Z00,Sarai Kale Khan,28.589189,77.258065,,osm
ZARP,Zarap,15.948357,73.734153,,osm
ZBA,ظاہرنگر,30.130348,72.599884,,osm
ZBD,Zafarabad Junction,25.707734,82.71858,,osm
ZBL,ظفر اقبال,30.008336,72.280128,,osm
ZKV,Zankhvav,21.451457,73.316723,,osm
ZLU,زردالو,30.276194,67.529088,,osm
ZNA,Zamania,25.374164,83.543964,,osm
ZNP,Zindpura,28.191447,79.849563,,osm
ZP,Zerpur Pali,28.325372,76.097292,,osm
ZPK,ذیل پاک,25.351547,68.39841,,osm
ZPR,Zorawarpura,29.756813,73.448905,,osm
ZPT,Zero Point Khokhrapar,25.732076,70.257113,,osm
ZRDE,Jiradei,26.220475,84.256693,,osm
ZRSD,ظریف شہید ریلوے اسٹیشن,29.795067,71.403947,,osm
ZTA,زنتارا,34.072523,71.220943,,osm
ZW,Zawar,24.358451,73.731788,,osm
,Abhanpur Junction,21.051972,81.745472,Y,esri
,Abhayapuri,26.356698,90.642711,N,esri
,Abjuganj,25.243425,86.757365,N,esri
,Achalda,26.702169,79.404222,N,esri
,Achalganj,26.44176,80.550933,N,esri
,Achalpur,21.277618,77.519234,N,esri
,Acharapakkam,12.406929,79.821855,N,esri
,Achegaon,20.972884,75.939013,N,esri
,Adarsh Nagar Delhi,28.714475,77.167203,N,esri
,Adas Road,22.486961,73.033885,N,esri
,Adderi,14.142825,75.153383,N,esri
,Adderley,11.344326,76.870049,N,esri
,Adgaon Buzurg,21.127795,76.943684,N,esri
,Adhanpur,26.418213,81.726802,N,esri
,Adharsatra,26.541731,93.913425,N,esri
,Adhichchanur,12.04408,79.188786,N,esri
,Adhyatmik Nagar,28.686421,77.513881,N,esri
,Adi Saptagram,22.954554,88.379082,N,esri
,Adichunchanagiri Halt,12.969424,76.758373,N,esri
,Adihalli,13.2962,76.325905,N,esri
,Adilabad,19.680564,78.536211,N,esri
,Adirampattinam,10.331985,79.384736,N,esri
,Adiyakkamangalam,10.757341,79.681269,N,esri
,Adoni,15.617734,77.274582,N,esri
,Adra East Cabin,23.495363,86.699959,N,esri
,Adra Workshop,23.493704,86.692939,N,esri
,Adurupalli,14.275844,79.613156,N,esri
,Aduturai,11.009118,79.47852,N,esri
,Advance Starter,24.912299,84.188818,N,esri
,Agaram Sibbandi,12.390944,79.102374,N,esri
,Agartala,23.792978,91.2783,N,esri
,Agasod Junction,24.233946,78.217526,Y,esri
,Agastiyampalli,10.355222,79.850145,N,esri
,Aghwanpur,28.920655,78.716018,N,esri
,Aghwanpur Block Hut,28.959277,78.68559,N,esri
,Agra Cantt,27.158941,77.990576,N,esri
,Agran Dhulgaon,16.955169,74.921603,N,esri
,Agrer Halt,25.02003,84.040748,N,esri
,Agthori,26.198181,91.685981,N,esri
,Ahera,28.931081,77.277621,N,esri
,Aherwadi,17.504555,75.995442,N,esri
,Ahilyapur,26.468507,83.824325,N,esri
,Ahiran Halt,24.518709,88.041603,N,esri
,Ahirauli,27.303643,83.038775,N,esri
,Ahmednagar Junction,19.074092,74.721947,Y,esri
,Aigawan,27.701407,79.964109,N,esri
,Ailum,29.271705,77.291728,N,esri
,Air Force Siding Amla,21.959677,78.107534,N,esri
,Aishbagh Junction,26.837389,80.909881,Y,esri
,Aiyanapuram,10.78786,78.938701,N,esri
,Ajharail,25.775121,87.852657,N,esri
,Ajitkhedi,23.039659,76.045319,N,esri
,Ajjakolu,16.329549,77.870944,N,esri
,Ajjampura,13.731184,76.010287,N,esri
,Ajni,21.12715,79.082652,N,esri
,Ajni Depot,21.111042,79.076297,N,esri
,Ajni Yard,21.118029,79.081929,N,esri
,Akaipur Halt,23.095161,88.717046,N,esri
,Akalkot Road,17.450802,76.138535,N,esri
,Akanapet Junction,18.102104,78.397983,Y,esri
,Akathumuri,8.700732,76.75852,N,esri
,Akelahanspur Halt,28.332087,80.324139,N,esri
,Akividu,16.582821,81.369098,N,esri
,Akkampeta,13.648326,80.018631,N,esri
,Akkaraippatti,10.399935,77.922694,N,esri
,Akkihebbalu,12.625238,76.378101,N,esri
,Akkur,11.097256,79.783193,N,esri
,Akkurti,13.782506,79.668914,N,esri
,Aklera,24.417434,76.541949,N,esri
,Akola Junction,20.723161,77.005063,Y,esri
,Akot,21.09541,77.046971,N,esri
,Alakkudi,10.777375,79.052871,N,esri
,Alampur Road,15.895589,78.046749,N,esri
,Alapakam,11.61871,79.727641,N,esri
,Alappuzha,9.48463,76.322267,N,esri
,Alattambadi,10.604981,79.640147,N,esri
,Alauli,25.643984,86.412224,N,esri
,Aler,17.645739,79.049129,N,esri
,Alewahi,20.364494,79.703699,N,esri
,Algapur,24.751739,92.595036,N,esri
,Alinagar Tola,25.847488,87.327789,N,esri
,Alipur Duar,26.478963,89.521062,N,esri
,Alipurduar College,26.50357,89.535763,N,esri
,Aliyabad,16.877024,75.757346,N,esri
,Aliyavada,22.447019,70.210946,N,esri
,Alluru Road,14.710531,79.988853,N,esri
,Almatti,16.345141,75.901123,N,esri
,Almau Halt,25.263901,82.476435,N,esri
,Alubari Road Junction,26.269283,88.185206,Y,esri
,Alur Halt,12.981745,76.000392,N,esri
,Aluva,10.10856,76.356988,N,esri
,Alwal,17.505342,78.514417,N,esri
,Alwar Tirunagri,8.601805,77.9422,N,esri
,Amagura,19.068898,82.147686,N,esri
,Amala Nagar,10.56215,76.172015,N,esri
,Amalner,21.049398,75.057253,N,esri
,Amalner Bhandyache,18.93254,75.330511,N,esri
,Amanwadi,20.366534,77.074109,N,esri
,Amanwan,25.232751,85.711407,N,esri
,Amar Shahid Jagdev Prasad Halt,25.560331,84.411561,N,esri
,Amaravathi Colony Junction,14.498929,75.852009,Y,esri
,Amaravila,8.39654,77.100695,N,esri
,Amargol,15.410985,75.098056,N,esri
,Amari Adalpur,25.261261,86.44205,N,esri
,Amarun,23.369172,87.909032,N,esri
,Ambagaon,19.061678,82.240801,N,esri
,Ambagarattur,10.952947,79.727472,N,esri
,Ambala Cantt Junction,30.338243,76.828696,Y,esri
,Ambala Cantt New West Outer Cabin,30.35036,76.808823,N,esri
,Ambala Cantt Yard,30.347347,76.814742,N,esri
,Ambalappuzha,9.386331,76.362681,N,esri
,Ambari,19.68869,78.216004,N,esri
,Ambasamudram,8.708006,77.438423,N,esri
,Ambassa,23.931002,91.861197,N,esri
,Ambattur,13.114049,80.153224,N,esri
,Ambaturai,10.272521,77.924372,N,esri
,Ambav,22.798194,73.253749,N,esri
,Ambernath,19.209717,73.185101,N,esri
,Ambiapur,26.515448,79.826504,N,esri
,Ambika Rohina,18.442205,76.944366,N,esri
,Ambikeshwar,26.365988,77.972586,N,esri
,Ambliyasan Junction,23.449368,72.422609,Y,esri
,Ambodala,19.836036,83.456692,N,esri
,Ambur,12.784043,78.721833,N,esri
,Amdi Halt,21.370456,79.251873,N,esri
,Ametha,24.405627,76.438803,N,esri
,Amgaon,21.361422,80.37408,N,esri
,Amguri Junction,26.812817,94.524191,Y,esri
,Amhera,29.261492,78.285924,N,esri
,Amin Gaon,26.186738,91.683803,N,esri
,Amjonga,25.981886,90.854008,N,esri
,Amla Junction,21.91951,78.122756,Y,esri
,Amla Junction Yard,21.918731,78.11447,N,esri
,Amlakhurd,21.509759,76.650777,N,esri
,Amletha,21.838097,73.405912,N,esri
,Ammanabrolu,15.596648,80.148995,N,esri
,Ammanur,10.632917,79.640789,N,esri
,Ammapet,10.778944,79.324893,N,esri
,Ammasandra,13.265051,76.71205,N,esri
,Ammuguda,17.486385,78.527156,N,esri
,Amod,21.988356,72.866408,N,esri
,Amoni,26.448327,92.91965,N,esri
,Amravati Coach Washing Yard,20.921899,77.755467,N,esri
,Amravati MIDC Cabin,21.021537,77.718829,N,esri
,Amravati MIDC Freight Yard,21.071535,77.896454,N,esri
,Amravati Terminal,20.930794,77.758031,N,esri
,Amritapura,14.139341,76.243897,N,esri
,Anagodu,14.385589,76.045965,N,esri
,Anaimalai Road,10.624748,76.935162,N,esri
,Anaj Mandi Rewari,28.183608,76.605512,N,esri
,Anandapuram,14.074719,75.209708,N,esri
,Anandatandavapuram,11.144691,79.658641,N,esri
,Anangur,11.39844,77.821022,N,esri
,Anantapur,14.686181,77.595149,N,esri
,Anantarajupet,13.999883,79.302466,N,esri
,Anaparti,16.936471,81.954107,N,esri
,Anavardikhanpettai,13.050831,79.567215,N,esri
,Anawal,20.843122,73.267836,N,esri
,Anchuri,23.286906,86.991535,N,esri
,Andal East Cabin,23.56872,87.206054,N,esri
,Andal East Outer Cabin,23.562549,87.217757,N,esri
,Andal Inter Yard Cabin,23.565983,87.212042,N,esri
,Andal Link Cabin,23.57293,87.196831,N,esri
,Andampaliam,12.086483,79.169352,N,esri
,Andanappettai,10.753663,79.822016,N,esri
,Andheri Metro,19.120539,72.848712,N,esri
,Andipatti,9.995704,77.624309,N,esri
,Anekal Road,12.723578,77.710545,N,esri
,Angadgeri Halt,16.451136,75.846107,N,esri
,Angadippuram,10.98087,76.20797,N,esri
,Angalakuduru,16.24541,80.60935,N,esri
,Angamaly for Kalady,10.183575,76.37813,N,esri
,Angar,17.928301,75.607969,N,esri
,Anipur,24.549646,92.428138,N,esri
,Anjangaon,21.166354,77.318973,N,esri
,Ankai,20.150654,74.469445,N,esri
,Ankai Killa,20.182782,74.437665,N,esri
,Ankleshwar Udyognagar,21.633439,73.033769,N,esri
,Anksapur,18.798143,78.369569,N,esri
,Anna Nagar,13.098563,80.200976,N,esri
,Annanur,13.116301,80.12759,N,esri
,Annavaram,17.269312,82.41948,N,esri
,Annechakanahali,12.741551,76.277032,N,esri
,Annigeri,15.432481,75.433905,N,esri
,Antagarh,20.093371,81.139173,N,esri
,Anupalem,16.469535,79.953804,N,esri
,Anuppambattu,13.304237,80.230914,N,esri
,Appikatla,15.970448,80.514113,N,esri
,Arabagatta Halt,13.895247,76.137989,N,esri
,Arag,16.822919,74.788749,N,esri
,Arakkonam Junction,13.082362,79.66851,Y,esri
,Arakkonam North Cabin,13.08928,79.650005,N,esri
,Aralaguppe,13.253254,76.613285,N,esri
,Aralvaymozhi,8.248302,77.52793,N,esri
,Arambagh Prafulla Chandra Sen,22.888061,87.791543,N,esri
,Arambakkam,13.533097,80.074667,N,esri
,Arand,21.102262,82.181294,N,esri
,Arang Mahanadi,21.189475,81.956079,N,esri
,Arantangi,10.172168,79.00337,N,esri
,Araon,27.115091,78.693254,N,esri
,Arariya Court,26.114944,87.447452,N,esri
,Arasalu,13.998591,75.312776,N,esri
,Arasur,11.26407,79.727031,N,esri
,Araul Makanpur,26.920545,80.018822,N,esri
,Aravalli,16.619466,81.598784,N,esri
,Aravankadu,11.359497,76.769643,N,esri
,Archipathar Halt,27.65579,94.779758,N,esri
,Ardhapur,19.283947,77.388358,N,esri
,Arepalli Halt,16.266486,77.858888,N,esri
,Argul PH,20.124936,85.671989,N,esri
,Ariyalur,11.149198,79.068289,N,esri
,Arjun Nagar Halt,24.393585,86.635697,N,esri
,Arjunahalli,12.517675,76.38863,N,esri
,Arjuni,20.818641,80.023291,N,esri
,Armoor,18.780813,78.311163,N,esri
,Arni Road,12.632146,79.209255,N,esri
,Arnia,27.010604,76.517827,N,esri
,Arniya Kalan Salempura,26.647191,76.311817,N,esri
,Aroor Halt,9.866931,76.29959,N,esri
,Arseni,27.2427,80.39339,N,esri
,Arsikere Junction,13.314214,76.252427,Y,esri
,Artalakatta,16.927591,82.179253,N,esri
,Arts College,17.418734,78.519822,N,esri
,Arumuganeri,8.579438,78.092048,N,esri
,Arun Nagar,20.707122,79.978893,N,esri
,Arunachal Junction,24.857155,92.744484,Y,esri
,Aruppukkottai,9.524684,78.102936,N,esri
,Arvi,20.992866,78.223207,N,esri
,Aryankavu,8.981101,77.152858,N,esri
,Asalpur Jobner,26.900562,75.424186,N,esri
,Asanpur Kupha Halt,26.300075,86.62827,N,esri
,Asansol East Cabin,23.683351,86.998308,N,esri
,Asaranada,26.397377,73.305815,N,esri
,Ashok Nagar Road,22.826761,88.62868,N,esri
,Ashokapuram,12.269325,76.635379,N,esri
,Ashti,17.844939,75.403316,N,esri
,Asifabad Road,19.257205,79.416601,N,esri
,Asirgarh Road,21.37809,76.267495,N,esri
,Asnera,21.940209,72.883616,N,esri
,Aspari,15.455724,77.356196,N,esri
,Astegaon,21.297381,77.934689,N,esri
,Aswapuram,17.831745,80.804441,N,esri
,Atari Shyam Singh,31.59455,74.606621,N,esri
,Attili,16.679381,81.616011,N,esri
,Attipattu,13.261193,80.289074,N,esri
,Attipattu Pudu Nagar,13.249205,80.30023,N,esri
,Attur,11.595126,78.593498,N,esri
,Atwa Kursath,27.13326,80.247743,N,esri
,Atwa Muthia Halt,27.265571,80.40928,N,esri
,Aujuri,26.144901,92.267054,N,esri
,Aungaridham,25.191148,85.226175,N,esri
,Aurangabad,19.859813,75.31136,N,esri
,Ausa Road,18.378417,76.407624,N,esri
,Auvaneeswaram,9.035246,76.852084,N,esri
,Avadi,13.118629,80.101397,N,esri
,Avatihalli,13.298664,77.726471,N,esri
,Avoiding Cabin,25.251603,83.084317,N,esri
,Avuladatla,14.689685,76.974032,N,esri
,Awa Garh,27.462387,78.482515,N,esri
,Awangkhal,24.831147,93.562575,N,esri
,Awapur,26.507333,85.654154,N,esri
,Awatarnagar,25.764679,84.957079,N,esri
,Ayandur,11.96729,79.341299,N,esri
,Ayingudi,10.217315,79.092591,N,esri
,Ayodhya Cantt Junction,26.768096,82.131949,Y,esri
,Ayodhya Junction,26.787644,82.200415,Y,esri
,Ayodhyapattanam,11.671727,78.234393,N,esri
,Ayyalur,10.486603,78.159636,N,esri
,Ayyampet,10.896749,79.207441,N,esri
,Azara,26.102111,91.616631,N,esri
,Azhwarkurichi,8.787554,77.376728,N,esri
,Azimganj Cabin,24.239552,88.245105,N,esri
,B G Nagar,12.968446,76.733219,N,esri
,B L Daspuri,27.31646,79.363262,N,esri
,B R Border Halt,25.247917,84.321295,N,esri
,BEML Nagar,12.978735,78.241754,N,esri
,BPCL Siding Narayanpur Anant,26.092592,85.405808,N,esri
,Baba Bakala Raiya Halt,31.541316,75.239908,N,esri
,Baba Bhagwan Ram Halt,25.31191,83.04463,N,esri
,Babhan Jotia Halt,26.967777,82.425371,N,esri
,Babhangaon Halt,25.465037,87.817101,N,esri
,Babhulgaon,17.76266,75.37487,N,esri
,Bablad,17.336878,76.778919,N,esri
,Babupeth,19.920905,79.313008,N,esri
,Babupur,27.326741,81.08637,N,esri
,Bacheli,18.703892,81.238774,N,esri
,Bachharpur Halt,26.490143,85.66506,N,esri
,Bachhwara Junction,25.581388,85.900444,Y,esri
,Bada Padagaon PH,20.570493,85.873618,N,esri
,Badakhandita,20.365744,86.083851,N,esri
,Badalpur Ph,21.709252,87.614753,N,esri
,Badami,15.959228,75.677028,N,esri
,Badampudi,16.828325,81.473835,N,esri
,Badanaguppe,11.996078,76.858845,N,esri
,Badarpur Ghat,24.871156,92.579827,N,esri
,Badarpur Junction,24.865371,92.555754,Y,esri
,Baddowal,30.865521,75.753708,N,esri
,Bade Arapur,19.012895,81.829081,N,esri
,Badgam,34.038525,74.736016,N,esri
,Badhai Balamgarh Halt,30.454391,74.438563,N,esri
,Badka,29.072894,77.273872,N,esri
,Badnapur,19.874786,75.723038,N,esri
,Badnera Jn Yard,20.857467,77.721176,N,esri
,Badnera Junction,20.858314,77.7321,Y,esri
,Badnera Wagon Repair Workshop,20.854337,77.709543,N,esri
,Badshahpur,25.652769,82.190915,N,esri
,Badulipar,26.646822,93.874666,N,esri
,Bagalkot Junction,16.178982,75.699502,Y,esri
,Bagarpur Halt,29.072262,78.277188,N,esri
,Bagbahra,21.045911,82.384757,N,esri
,Bagdehi,21.951306,84.186461,N,esri
,Bageshapura,13.142903,76.229279,N,esri
,Bagetar,25.161093,93.000932,N,esri
,Bagewadi,16.308458,74.753734,N,esri
,Baghmara Halt,25.365176,87.61803,N,esri
,Baghwar,24.330225,81.413714,N,esri
,Baginadi,27.399066,94.182671,N,esri
,Bagma,23.5565,91.42011,N,esri
,Bagmar,21.725169,76.363569,N,esri
,Bagrigram Halt,25.3908,86.982607,N,esri
,Bahadur Singh Wala,30.308564,75.854783,N,esri
,Bahadurpur Halt,27.944635,79.79722,N,esri
,Bahai,26.133053,81.006953,N,esri
,Bahawal Basi,30.146632,74.276301,N,esri
,Baheriya Road,22.667185,73.513125,N,esri
,Bahminiwala,30.532927,74.168812,N,esri
,Bahu Akbarpur,28.897715,76.463456,N,esri
,Baidpura,26.875106,78.980312,N,esri
,Baidyanathdham Deoghar,24.489158,86.691951,N,esri
,Baihata,26.341393,91.689712,N,esri
,Baijnath Andoli,26.25878,86.700349,N,esri
,Baikunth,21.49812,81.780164,N,esri
,Baikunth East Cabin,21.502311,81.781583,N,esri
,Baikunth West Cabin,21.493305,81.779076,N,esri
,Bairabi,24.195846,92.54116,N,esri
,Bairgania,26.737545,85.275925,N,esri
,Bairi Halt,25.159928,84.214238,N,esri
,Baiswara,26.284206,80.83631,N,esri
,Baitarani Road,20.987042,86.234478,N,esri
,Baiyyappanahalli,12.990863,77.651623,N,esri
,Baiyyappanahalli Cabin,12.997038,77.662975,N,esri
,Baiyyappanahalli West Cabin,12.991731,77.643174,N,esri
,Baiyyappanahalli Yard Cabin,12.99512,77.645061,N,esri
,Bajakare Halt,12.720682,75.509802,N,esri
,Bakaina Halt,29.026542,78.273878,N,esri
,Bakal,21.124095,80.942344,N,esri
,Bakhrabad,22.118689,87.363758,N,esri
,Bakhtarnagar,23.589315,87.156764,N,esri
,Bakhtiyarpur Link Cabin,25.453995,85.556701,N,esri
,Bakkal,33.148443,74.888064,N,esri
,Bakothikhas,26.882617,80.036123,N,esri
,Balabhadrapuram,16.966423,82.000505,N,esri
,Balahapur Halt,25.105412,86.155828,N,esri
,Balajan,26.095002,89.889248,N,esri
,Balanagar,16.948765,78.18923,N,esri
,Balapalle,13.811731,79.40643,N,esri
,Balaramapuram,8.429825,77.052258,N,esri
,Balarambat,22.808179,88.211519,N,esri
,Balawala,26.762614,75.748376,N,esri
,Bale,17.676381,75.845421,N,esri
,Balegundi,14.157237,75.10823,N,esri
,Balenahalli,14.244637,76.554686,N,esri
,Balganur,15.595588,75.602805,N,esri
,Balharshah,19.850091,79.347781,N,esri
,Balharshah Yard,19.844505,79.351886,N,esri
,Balikotia,26.468224,92.569611,N,esri
,Balimara,27.238365,95.333328,N,esri
,Balipara,26.819405,92.772092,N,esri
,Ballabh Garh,28.340385,77.312222,N,esri
,Ballari Cantt BG,15.159701,76.881889,N,esri
,Ballari Cantt Halt,15.150606,76.894997,N,esri
,Ballari Junction,15.145472,76.923503,Y,esri
,Balle da pir larath,32.184974,75.947386,N,esri
,Ballekere Halt,13.499244,76.025466,N,esri
,Ballupete,12.958101,75.883337,N,esri
,Balod,20.740651,81.205272,N,esri
,Baltikuri Cabin,22.608455,88.295311,N,esri
,Balwant Pura Chelasi,27.883575,75.245092,N,esri
,Baman Wali Halt,28.367777,73.521324,N,esri
,Bamandongri,18.97497,73.024635,N,esri
,Bamangachhi,22.748991,88.509941,N,esri
,Bamanheri,29.51108,77.706316,N,esri
,Bamani,17.510676,75.236517,N,esri
,Bamhni,20.923136,79.364112,N,esri
,Bamour Gaon,26.339428,78.10353,N,esri
,Bamuni Gaon,26.015012,91.295671,N,esri
,Banaganapalle,15.322366,78.25065,N,esri
,Banaras,25.299243,82.971051,N,esri
,Banasandra,13.265614,76.660399,N,esri
,Banashankari Halt,13.266597,76.524637,N,esri
,Banaswadi,13.006161,77.627661,N,esri
,Banavar,13.395868,76.140518,N,esri
,Band Hamirpur,26.415528,80.589404,N,esri
,Bandag Siding,23.97345,85.294038,N,esri
,Bandar PH,22.052917,88.088621,N,esri
,Bandarkhal,25.058423,92.801307,N,esri
,Bandarupalle,16.365385,80.362643,N,esri
,Bandh Bareta,26.910455,77.364308,N,esri
,Baneswar,26.398084,89.496905,N,esri
,Bangarapet Junction,12.984777,78.178369,Y,esri
,Bangari,26.53524,84.923439,N,esri
,Bangi Nihal Singh Halt,30.040269,74.951765,N,esri
,Bangurgram Halt,26.140957,74.348679,N,esri
,Banka Junction,24.866804,86.912711,Y,esri
,Banke Ganj,28.162011,80.41378,N,esri
,Bankranayabaz,22.595709,88.277656,N,esri
,Bankura Junction,23.224293,87.075114,Y,esri
,Banni Koppa,15.406497,75.941753,N,esri
,Bannihatti,15.144187,76.621196,N,esri
,Banosa,20.922073,77.326103,N,esri
,Bansadhara Halt,18.970014,83.822734,N,esri
,Banstala,22.421534,87.062697,N,esri
,Bantanahal,15.16298,77.276087,N,esri
,Bantawala,12.878177,75.034059,N,esri
,Bapanapalli,14.314977,79.77574,N,esri
,Bapatla,15.908409,80.468374,N,esri
,Bara Bani,23.743049,87.019002,N,esri
,Bara Gudah,29.697464,75.001841,N,esri
,Bara Hapjan,27.535404,95.497576,N,esri
,Bara Jamda Junction,22.16497,85.409545,Y,esri
,Barabar Halt,25.008018,84.977305,N,esri
,Barabhati,20.862157,80.061096,N,esri
,Barachak Junction,23.707054,86.928507,Y,esri
,Baradev,26.721118,80.384971,N,esri
,Barah Muafi,25.042892,81.020754,N,esri
,Barahu,26.116609,92.139991,N,esri
,Baraigram Junction,24.682832,92.341421,Y,esri
,Baraipura Halt,25.739168,86.139318,N,esri
,Baramati (Terminus),18.15411,74.578646,N,esri
,Baranjh,22.9123,78.8724,N,esri
,Barara Buzurg,26.045534,81.097504,N,esri
,Baraw More,25.047206,84.064875,N,esri
,Barayala Chaurasi,23.555247,75.0926,N,esri
,Barbera,22.568176,84.882567,N,esri
,Barbigha,25.220386,85.746977,N,esri
,Barddhaman DN Yard,23.261438,87.862299,N,esri
,Bardhana Halt,22.140018,78.797839,N,esri
,Bareilly Cantt Chanehti,28.310991,79.427708,Y,esri
,Barethia,24.58577,80.684119,N,esri
,Barglangfer,25.75499,93.243257,N,esri
,Bargolai,27.28724,95.705459,N,esri
,Barh,25.461949,85.709466,N,esri
,Barh Court Halt,25.452595,85.688907,N,esri
,Barhan Junction,27.329758,78.191878,Y,esri
,Barhapur Halt,25.412642,85.87155,N,esri
,Barhara Ganj,26.921228,83.920032,N,esri
,Barhragram,23.788055,87.164824,N,esri
,Bari Khatu,27.115286,74.331095,N,esri
,Barkakana C Cabin,23.638186,85.461302,N,esri
,Barkakana Linc Cabin,23.63004,85.44674,N,esri
,Barkichanpi,23.551113,84.734505,N,esri
,Barkisalalya,24.716123,84.138336,N,esri
,Barkur,13.47713,74.759919,N,esri
,Barmi,27.47358,80.547541,N,esri
,Barogopinathpur,22.951034,87.547219,N,esri
,Barpathar,26.274034,93.899149,N,esri
,Barpeta Road,26.502147,90.96475,N,esri
,Barsathi,25.564276,82.471596,N,esri
,Barsi Takli,20.576187,77.0611,N,esri
,Barsi Town,18.240988,75.718041,N,esri
,Barua Bamungaon,26.669044,93.983413,N,esri
,Baruanagar,27.143817,95.233912,N,esri
,Barundani,25.176301,74.934206,N,esri
,Barwa Kalan,27.374921,83.401871,N,esri
,Barwadag,23.355006,85.713021,N,esri
,Basampalle,14.31111,77.745414,N,esri
,Basantar Block Hut,32.558235,75.068332,N,esri
,Basar,18.865867,77.93834,N,esri
,Basavana Bagewadi Road,16.480237,75.828193,N,esri
,Baseria,23.786587,86.378298,N,esri
,Basin Bridge Junction,13.102404,80.271224,Y,esri
,Baskatwa BH,24.546785,85.366763,N,esri
,Basmat,19.333002,77.151595,N,esri
,Bassi Pathanan,30.689625,76.410347,N,esri
,Bastoi Halt,27.669159,78.303007,N,esri
,Basuachak Halt,25.050692,86.185863,N,esri
,Basudeopur Chandel Flag Halt,25.643007,85.565784,N,esri
,Basugaon,26.45989,90.419829,N,esri
,Basukinath,24.384675,87.069152,N,esri
,Basundhara Halt,27.487117,78.535263,N,esri
,Batadrawa Road,26.467418,92.54168,N,esri
,Bateshwar Halt,26.907959,78.558863,N,esri
,Bathinda B Cabin,30.185444,74.933767,N,esri
,Bathinda C Cabin,30.185832,74.941961,N,esri
,Bathinda Cantt,30.198079,75.00454,N,esri
,Bathinda Outer Cabin,30.183336,74.936841,N,esri
,Battulapuram,13.747984,78.306294,N,esri
,Batuva PH,18.330846,83.608356,N,esri
,Bavi,18.925783,75.201693,N,esri
,Bayaluvaddigeri,15.230004,76.535806,N,esri
,Bazarghat,24.603071,92.395374,N,esri
,Beas Block Cabin,32.087893,75.621126,N,esri
,Bebejia,26.298517,92.627125,N,esri
,Becharji,23.503256,72.046551,N,esri
,Bechimari,26.357421,90.52232,N,esri
,Bedara Bommanahalli,14.136658,76.225077,N,esri
,Bedeti,26.850485,93.391531,N,esri
,Beed,18.972092,75.734323,N,esri
,Begumpet,17.43856,78.459059,N,esri
,Begunkodar,23.387528,86.02175,N,esri
,Begusarai,25.42499,86.134129,N,esri
,Behlba,28.931354,76.308598,N,esri
,Behta Gokul,27.531171,80.054913,N,esri
,Behta Hajipur,28.720232,77.303614,N,esri
,Bekal Fort,12.385683,75.043424,N,esri
,Bela Bela,26.136661,81.2488,N,esri
,Bela Halt,25.038291,86.998577,N,esri
,Belagavi (Belgaum),15.849153,74.509138,N,esri
,Belagula,12.385634,76.588973,N,esri
,Belandur Road,12.937255,77.707129,N,esri
,Belanki,16.858045,74.876776,N,esri
,Belapur CBD,19.019282,73.039668,N,esri
,Beliaghata Gross Siding,22.561054,88.374561,N,esri
,Bellamkonda,16.470679,80.001517,N,esri
,Bellampalli,19.052356,79.485872,N,esri
,Belonia,23.247919,91.484291,N,esri
,Belsiri,26.800488,92.522276,N,esri
,Belsonda,21.15443,82.035333,N,esri
,Belwandi,18.710959,74.622654,N,esri
,Bemuwa Halt,25.544602,83.619159,N,esri
,Benal Halt,16.384663,75.881658,N,esri
,Bengaluru Cantt,12.993755,77.597995,N,esri
,Bengaluru East,13.001253,77.618688,N,esri
,Beniganj,27.304335,80.444692,N,esri
,Benipatti Pirapur Halt,25.892191,85.308914,N,esri
,Benipur Halt,26.060944,86.163375,N,esri
,Benipurgram Halt,26.317805,85.481414,N,esri
,Bennehalli,14.787593,76.118989,N,esri
,Benoda,21.449892,78.180455,N,esri
,Benoy Badal Dinesh Bag,22.576868,88.346589,N,esri
,Berach D Cabin,24.901113,74.606513,N,esri
,Berach E Cabin,24.897108,74.614191,N,esri
,Berach Junction Cabin,24.905094,74.613872,N,esri
,Berchha,23.283612,76.335413,N,esri
,Berdi Halt,21.621734,78.821553,N,esri
,Beria Daulat Halt,29.127156,79.232631,N,esri
,Berugram,23.105287,87.98703,N,esri
,Betamcherla,15.449305,78.148342,N,esri
,Betawad,21.14991,74.886339,N,esri
,Bethampudi,17.529363,80.528427,N,esri
,Bettadanagenahalli,14.182693,76.270902,N,esri
,Bettahalsoor,13.166106,77.604333,N,esri
,Betwa Cabin,23.511159,77.782006,N,esri
,Bevinahalu,15.166977,77.211303,N,esri
,Bewar Bhojan,28.54839,75.567466,N,esri
,Bhadbhadaghat,23.374863,77.535433,N,esri
,Bhadli,21.023218,75.675182,N,esri
,Bhadrachalam Road,17.551275,80.614424,N,esri
,Bhadrak,21.090281,86.516197,N,esri
,Bhadrauli Halt,26.894225,78.482168,N,esri
,Bhadravati,13.842574,75.703354,N,esri
,Bhadsivni,20.555981,77.447552,N,esri
,Bhagavathipuram,9.016971,77.19681,N,esri
,Bhagdara,20.736777,75.750555,N,esri
,Bhagirathpur,27.298754,83.387699,N,esri
,Bhagwan Sar,29.343612,73.862009,N,esri
,Bhagwanpur Desua,25.825456,85.847541,N,esri
,Bhainsa,27.381796,77.677185,N,esri
,Bhainsbodh,20.690285,81.126232,N,esri
,Bhairanayakanahalli,13.194002,77.382842,N,esri
,Bhairgachhi,23.275398,88.6344,N,esri
,Bhairopatti Halt,25.896369,86.895858,N,esri
,Bhakarapet,14.409216,78.970008,N,esri
,Bhakrauli,28.301573,78.462917,N,esri
,Bhakti Nagar,22.281849,70.793048,N,esri
,Bhalki,18.047088,77.228196,N,esri
,Bhalojala Halt,31.486582,75.239531,N,esri
,Bhalukmara,26.669401,94.123292,N,esri
,Bhalukpong,27.000538,92.644723,N,esri
,Bhalwani,18.210492,75.20825,N,esri
,Bhambeva,29.239139,76.550745,N,esri
,Bhanapur,15.386599,76.0389,N,esri
,Bhanaur,25.572378,82.526763,N,esri
,Bhandak,20.0845,79.113687,N,esri
,Bhandara Road,21.238392,79.645844,N,esri
,Bhandegaon,20.34865,77.675437,N,esri
,Bhandewadi Halt,21.151393,79.14239,N,esri
,Bhaner Minawada,22.876811,72.974482,N,esri
,Bhanga,24.854024,92.479887,N,esri
,Bhankala Halt,29.84529,77.474398,N,esri
,Bhansi,18.77694,81.26505,N,esri
,Bhanupli,31.299023,76.420585,N,esri
,Bhanupratappur,20.297401,81.06465,N,esri
,Bharat Heavy Electricals Ltd Siding Khajraha,25.325293,78.524487,N,esri
,Bharat Kup,25.215652,80.771499,N,esri
,Bharathapuzha Halt,10.759012,76.285344,N,esri
,Bharatwada,21.231422,79.016777,N,esri
,Bhartia Elec Steel Ltd BESCO Ballygunge,22.529273,88.372765,N,esri
,Bharuwa Sumerpur,25.827413,80.168799,N,esri
,Bhaskarpara,22.991419,71.910154,N,esri
,Bhatangli,18.4459,76.678524,N,esri
,Bhatapara,21.732147,81.945865,N,esri
,Bhaton Ki Gali,27.105473,75.712724,N,esri
,Bhatta Nagar,22.632986,88.303907,N,esri
,Bhattiprolu,16.105981,80.788003,N,esri
,Bhavnagar Concrete Jetty,21.786531,72.163317,N,esri
,Bhavnagar Docks,21.75747,72.228356,N,esri
,Bhavpura,23.032748,70.643484,N,esri
,Bhedia,23.59009,87.711282,N,esri
,Bhel Halt,17.502194,78.28222,N,esri
,Bhemswadi,21.490994,71.359095,N,esri
,Bhesana Manknaj,23.498349,72.331026,N,esri
,Bhigwan,18.317329,74.774574,N,esri
,Bhikhampur,28.214138,80.375573,N,esri
,Bhiknur,18.164076,78.398633,N,esri
,Bhilai,21.203062,81.420528,N,esri
,Bhilai C Cabin,21.210529,81.442564,N,esri
,Bhilai Cabin,21.234974,81.496327,N,esri
,Bhilai D Cabin,21.222446,81.468326,N,esri
,Bhilai G Cabin,21.206498,81.433949,N,esri
,Bhilai H Cabin,21.219862,81.463879,N,esri
,Bhilai Nagar,21.201397,81.334704,N,esri
,Bhilai Power House,21.20831,81.375694,N,esri
,Bhilavdi,17.007882,74.515789,N,esri
,Bhilgaon,26.34176,93.922108,N,esri
,Bhilpur,22.194651,73.329129,N,esri
,Bhimadolu,16.808401,81.260702,N,esri
,Bhimavaram A Cabin,16.5548,81.531017,N,esri
,Bhimavaram Junction,16.544715,81.537299,Y,esri
,Bhimavaram Town,16.547409,81.518851,N,esri
,Bhimkhoj,21.080356,82.28844,N,esri
,Bhiringi,22.238773,76.956996,N,esri
,Bhistenhatti,15.410579,74.687558,N,esri
,Bhiwandi Road,19.268773,73.046531,N,esri
,Bhiwapur,20.769758,79.511639,N,esri
,Bhogdabar Halt,26.384031,88.066041,N,esri
,Bhojasar,27.997126,75.244898,N,esri
,Bhojipura Junction,28.493172,79.447102,Y,esri
,Bhojo,27.063673,95.032705,N,esri
,Bhojras,25.788865,74.634442,N,esri
,Bhokar,19.213845,77.667078,N,esri
,Bholidih,23.898477,86.116751,N,esri
,Bhone,21.018158,75.223149,N,esri
,Bhongir,17.524004,78.898331,N,esri
,Bhoras Budrukh,20.52008,75.012898,N,esri
,Bhortek,21.098856,75.003633,N,esri
,Bhotepati,26.470978,88.851371,N,esri
,Bhowra Junction,23.669776,86.416903,Y,esri
,Bhuban,20.921925,85.797692,N,esri
,Bhuchchu,30.21011,75.09528,N,esri
,Bhudevi Nagar,17.493168,78.502071,N,esri
,Bhugaon,20.673644,78.669801,N,esri
,Bhujia,27.089536,78.969405,N,esri
,Bhupedeopur,21.974701,83.259406,N,esri
,Bhusaval B Cabin,21.054367,75.828533,N,esri
,Bhusaval C Cabin,21.043959,75.827709,N,esri
,Bhusaval Goods Yard,21.046916,75.808553,N,esri
,Bhusaval Jn Yard,21.047493,75.801351,N,esri
,Bhusaval Junction,21.046519,75.788729,Y,esri
,Bhuyar,20.714141,79.578999,N,esri
,Bibinagar,17.470402,78.793542,N,esri
,Bidadi,12.800696,77.390182,N,esri
,Bidar,17.911824,77.515049,N,esri
,Bidhan Nagar Road,22.592114,88.391142,N,esri
,Bihara,24.9531,92.644622,N,esri
,Bihubar,26.844628,94.800654,N,esri
,Bijni,26.497321,90.707588,N,esri
,Bijoor,13.822007,74.642619,N,esri
,Bijuli Halt,26.186893,85.979656,N,esri
,Bikaner East Cabin,27.973153,73.36956,N,esri
,Bikkavolu,16.969078,82.031855,N,esri
,Bilaspur Chord Cabin,22.065264,82.14096,N,esri
,Biloch Pura,27.201856,77.986764,N,esri
,Bimbari,19.164082,77.63158,N,esri
,Bina Malkhedi Junction,24.17058,78.223454,Y,esri
,Bindubasini,24.799742,87.843946,N,esri
,Bindukuri,26.708489,92.734247,N,esri
,Binjhol,29.356651,76.939983,N,esri
,Binkadakatti,15.436695,75.595673,N,esri
,Bir Purushottampur,19.990737,85.806344,N,esri
,Bir Shibpur,22.473865,88.053857,N,esri
,Birahalli,12.665045,76.385256,N,esri
,Biral Buzurg,16.913984,76.910511,N,esri
,Birlanagar Junction,26.237748,78.195254,Y,esri
,Birsa,22.247629,84.997928,N,esri
,Birsola,21.599129,80.207347,N,esri
,Birur Junction,13.594301,75.972142,Y,esri
,Bisalehalli,13.481274,75.967,N,esri
,Bisanattam,12.842174,78.250002,N,esri
,Bishalgarh,23.676863,91.273122,N,esri
,Bisharpara Kodaliya,22.676694,88.434993,N,esri
,Bishnupur Junction,23.065011,87.301305,Y,esri
,Bishramganj,23.598204,91.360586,N,esri
,Bishunpur,25.53817,86.422717,N,esri
,Bispur,22.345885,84.956422,N,esri
,Bisugir Sharif,18.347353,79.48321,N,esri
,Biswa Bridge,20.885325,76.339211,N,esri
,Bithauli Halt,25.817612,85.291771,N,esri
,Bitragunta,14.767066,79.98437,N,esri
,Block & Catch Siding Cabin 3,19.674843,73.486308,N,esri
,Block And Catch Siding Cabin 1,19.700452,73.519237,N,esri
,Block Cabin Chakki Bank,32.226284,75.661643,N,esri
,Block Hut 01,30.900087,75.860829,N,esri
,Block Hut A,26.831797,80.903445,N,esri
,Block Hut B,25.269746,83.093915,N,esri
,Bodagram PH,23.643717,84.67371,N,esri
,Bodhadi Bujrug,19.49584,78.194718,N,esri
,Bodhan,18.645813,77.888272,N,esri
,Bodinayakkanur,10.018973,77.345959,N,esri
,Bodma,23.902982,86.845399,N,esri
,Bodwad,20.903701,76.016991,N,esri
,Bodwad B Cabin,20.906649,76.01217,N,esri
,Bogapani,27.426661,95.609272,N,esri
,Bogibeel Bridge North Block Hut,27.56297,94.665882,N,esri
,Bogolu,15.465518,77.912447,N,esri
,Bohali,17.588891,75.274418,N,esri
,Boinpalli,18.507577,78.941707,N,esri
,Bokajan,26.019371,93.780367,N,esri
,Bokaro A Cabin,23.63605,86.089691,N,esri
,Bokaro North Cabin,23.699829,86.067142,N,esri
,Boko,25.9996,91.218885,N,esri
,Bolagarh Town PH,20.166657,85.278813,N,esri
,Bolanikhadan,22.102662,85.333404,N,esri
,Bolarum,17.533329,78.515589,N,esri
,Bolarum Bazar,17.517679,78.515898,N,esri
,Bolda,19.551656,77.273248,N,esri
,Bolina Doaba,31.342143,75.656301,N,esri
,Bolsa,19.001847,77.703489,N,esri
,Bomma Samudram,13.044951,79.176705,N,esri
,Bommagundanakere,14.587806,76.680336,N,esri
,Bommaipalli,17.484054,78.868032,N,esri
,Bommidi,11.984367,78.246204,N,esri
,Bona Kalu,17.029395,80.263395,N,esri
,Bondamunda K Cabin,22.232508,84.905355,N,esri
,Bondamunda Link Cabin,22.241064,84.972824,N,esri
,Bongaigaon,26.478605,90.56097,N,esri
,Bonidanga Link Cabin,24.821823,87.798481,N,esri
,Borabanda,17.459139,78.40784,N,esri
,Bordoloni,27.423358,94.437886,N,esri
,Bordubi Road,27.397201,95.312841,N,esri
,Borgaon,20.728439,77.181108,N,esri
,Borhat,27.16402,95.277077,N,esri
,Borkhedi,20.86028,78.974336,N,esri
,Boroti,17.394768,76.256283,N,esri
,Bortalao,21.218116,80.626131,N,esri
,Borvihir,20.783856,74.841325,N,esri
,Boudh,20.804594,84.284481,N,esri
,Bowaichandi,23.131591,87.726783,N,esri
,Brahmajan,26.85302,93.542305,N,esri
,Brahmanagudem,16.934672,81.675038,N,esri
,Brahmanapalli,17.83326,78.450172,N,esri
,Brahmani PH,20.891254,86.056954,N,esri
,Brahmanwada,23.657481,72.080385,N,esri
,Brahmavart,26.603475,80.27268,N,esri
,Brajkishore Halt,26.313582,84.694733,N,esri
,Brajrajngar,21.822617,83.925099,N,esri
,Bramhapuri,20.603823,79.8672,N,esri
,Budalur,10.783383,78.980853,N,esri
,Buddireddipatti,12.046284,78.313791,N,esri
,Budge Budge,22.492847,88.194788,N,esri
,Budha Pushkar Halt,26.523506,74.595993,N,esri
,Budhagumpa,15.395758,76.29716,N,esri
,Budhdevchak Yadav Nagar Halt,25.496988,85.328432,N,esri
,Budhma,25.900822,86.864655,N,esri
,Budhpur,29.217632,77.291135,N,esri
,Budhsinghwala,29.889024,74.194021,N,esri
,Budni,22.786959,77.68149,N,esri
,Budvel,17.309972,78.425279,N,esri
,Bugganipalli Cement Nagar,15.486609,78.195276,N,esri
,Bugia Halt,29.454396,73.529226,N,esri
,Burgula,16.976085,78.202923,N,esri
,Burha Bharthara,27.108184,78.668961,N,esri
,Burhanpur,21.334735,76.199242,N,esri
,Butana,29.201045,76.624292,N,esri
,Buti Bori,20.918531,79.013291,N,esri
,Byadarahalli,12.50204,76.752226,N,esri
,Byadgi,14.699154,75.489622,N,esri
,Byatrayanhalli,12.992905,78.030167,N,esri
,Byndoor Mookambika Road,13.871793,74.632721,N,esri
,Byrnihat,26.054617,91.879332,N,esri
,CPC Siding Giridih,24.155398,86.310244,N,esri
,Calcutta Chord Link West,22.656054,88.30774,N,esri
,Capper Quarry,11.680816,79.747913,N,esri
,Cauvery,11.351029,77.760727,N,esri
,Cauvery North Point,12.430594,76.677085,N,esri
,Cavalry Barracks,17.495322,78.519081,N,esri
,Cbd Naya Raipur,21.168675,81.763477,N,esri
,Chabua,27.481107,95.172021,N,esri
,Chacher,21.241644,79.354492,N,esri
,Chaf Halt,26.83223,84.087639,N,esri
,Chagallu,16.971285,81.691004,N,esri
,Chajawa,25.009374,76.580952,N,esri
,Chak Kali Lait,28.874353,78.614154,N,esri
,Chakand,24.890196,84.995642,N,esri
,Chakarbhatha,22.002719,82.111382,N,esri
,Chakardaha Halt,26.316204,87.208552,N,esri
,Chakarlapalli,13.997997,77.582788,N,esri
,Chakeri,26.379705,80.408833,N,esri
,Chakiting,26.561529,94.09531,N,esri
,Chakki Block Cabin,25.561719,84.804829,N,esri
,Chakur,18.487703,76.884591,N,esri
,Chalakkudy,10.302376,76.321567,N,esri
,Chalama,15.421369,78.694712,N,esri
,Chalgeri,14.561469,75.735945,N,esri
,Chalisgaon Junction,20.464829,75.000074,Y,esri
,Challakere,14.315222,76.659932,N,esri
,Challavaripalle,14.876295,78.033937,N,esri
,Chamak,21.202308,77.455367,N,esri
,Chamarajanagar,11.934599,76.932863,N,esri
,Chamarajapuram,12.298141,76.637739,N,esri
,Chamardighi,23.330258,87.889077,N,esri
,Champajharam,22.065081,84.909704,N,esri
,Champapur,20.724586,84.358582,N,esri
,Champion,12.936401,78.262922,N,esri
,Chanasma Junction,23.706229,72.107235,Y,esri
,Chand Bhan,30.384215,74.893896,N,esri
,Chanda Fort,19.94034,79.312617,N,esri
,Chanda Halt,26.063356,82.307689,N,esri
,Chandagiri Koppal Halt,12.477998,76.713391,N,esri
,Chandan Nagar,22.867047,88.354135,N,esri
,Chandanagar,17.487266,78.332208,N,esri
,Chandanattop Halt,8.93038,76.642113,N,esri
,Chandanpahari,24.395302,86.984934,N,esri
,Chandari,26.428278,80.360075,N,esri
,Chandauna Halt,26.444438,85.721304,N,esri
,Chander Nagar,28.662464,77.330502,N,esri
,Chandera,12.181991,75.166267,N,esri
,Chanderiya,24.938607,74.629634,N,esri
,Chandi Halt,25.321783,85.390064,N,esri
,Chandigarh Junction,30.702162,76.821453,Y,esri
,Chandiposi,22.029143,84.919846,N,esri
,Chandkhera Road,23.11035,72.563804,N,esri
,Chandkhira Bagn,24.558051,92.299807,N,esri
,Chandlodiya B,23.080888,72.540807,N,esri
,Chandni,21.426015,76.348693,N,esri
,Chandpipar Halt,26.273623,86.721576,N,esri
,Chandpur Siau,29.131941,78.276477,N,esri
,Chandrabanda Halt,16.240635,77.46176,N,esri
,Chandragiri,13.611783,79.312242,N,esri
,Chandrampalem,17.085742,82.224602,N,esri
,Chandranathpur,24.962847,92.687823,N,esri
,Chandrapur,19.960077,79.300438,N,esri
,Chandrugonda,17.38785,80.621623,N,esri
,Chandur,20.804256,77.981986,N,esri
,Chandur Bazar,21.219604,77.742138,N,esri
,Changanassery,9.449091,76.548578,N,esri
,Changotola,22.22798,80.119497,N,esri
,Changrabandh,26.413067,88.919846,N,esri
,Changsari,26.258537,91.692235,N,esri
,Chanka Halt,25.059182,84.079142,N,esri
,Channapatna,12.658696,77.202674,N,esri
,Channarayapatna,12.892725,76.393746,N,esri
,Channasandra,13.011825,77.66297,N,esri
,Channi Halt,27.878422,73.006346,N,esri
,Chapar,26.275359,90.437749,N,esri
,Chaparmukh Junction,26.203416,92.512271,Y,esri
,Chaprakata,26.492328,90.612456,N,esri
,Chapramari,26.893175,88.862644,N,esri
,Char Duar,26.86157,92.790958,N,esri
,Charadu Halt,23.467454,72.52726,N,esri
,Charamula Kusum,19.016325,82.415074,N,esri
,Charegaon,22.041885,80.140506,N,esri
,Charewan,30.501911,74.580398,N,esri
,Charghat Piparia,23.038222,79.923387,N,esri
,Chargola,24.847216,92.424277,N,esri
,Chariali,27.448392,95.350971,N,esri
,Charlapalli,17.458568,78.606576,N,esri
,Charodiya,21.087992,71.470579,N,esri
,Charup,23.947011,72.121312,N,esri
,Charvattur,12.214662,75.154716,N,esri
,Chas,23.688839,86.213421,N,esri
,Chatar Halt,24.837455,85.48701,N,esri
,Chataud,20.990647,81.731642,N,esri
,Chatrappatti,10.477608,77.656538,N,esri
,Chattriput,18.923203,82.590088,N,esri
,Chau Mahla,23.948695,75.601213,N,esri
,Chaubepur,26.617469,80.194588,N,esri
,Chauk,18.902693,73.240301,N,esri
,Chauki man,30.814726,75.566424,N,esri
,Chaulkhowa,27.465977,94.959372,N,esri
,Chauntra Bhaterh,32.005196,76.746033,N,esri
,Chaurashi,23.628688,86.792116,N,esri
,Chaure Bazar,26.469895,82.118827,N,esri
,Chauth ka Barwara,26.050756,76.149228,N,esri
,Chavadipalaiyam,11.261953,77.79087,N,esri
,Chavalkhede,21.024468,75.351033,N,esri
,Chawa Pail,30.759639,76.127419,N,esri
,Chaygaon,26.064858,91.399902,N,esri
,Chebrol,16.819704,81.395938,N,esri
,Cheekategalapalem,16.017093,79.693199,N,esri
,Chegunta,16.485639,77.301569,N,esri
,Chemancheri,11.405659,75.719254,N,esri
,Chengalpattu Junction,12.69346,79.980715,Y,esri
,Chengannur,9.31821,76.608544,N,esri
,Chengel,22.486518,88.139179,N,esri
,Chengmari,26.870077,88.995918,N,esri
,Chennai Beach,13.091512,80.292183,N,esri
,Chennai Egmore,13.077767,80.260776,N,esri
,Chennai Park,13.080448,80.273153,N,esri
,Chepauk,13.061549,80.280646,N,esri
,Cheppad Halt,9.233088,76.476854,N,esri
,Cheragram Block Hu,22.988115,88.128688,N,esri
,Cheranmahadevi,8.679271,77.561694,N,esri
,Cheriyanad,9.273112,76.585048,N,esri
,Cherlopalli,14.1422,79.399236,N,esri
,Cherthala,9.691062,76.325725,N,esri
,Cherukara,10.926389,76.227558,N,esri
,Cherukuvada,16.589878,81.420797,N,esri
,Cheruvu Madhavaram,16.688513,80.542166,N,esri
,Chetpet,13.074293,80.242817,N,esri
,Chettinad,10.159647,78.776344,N,esri
,Chettipalayam,10.91531,77.033048,N,esri
,Chettiyapatti,10.572586,78.362659,N,esri
,Chhajli,30.043122,75.812945,N,esri
,Chhal,22.093375,83.175067,N,esri
,Chhapar Halt,23.693605,85.211642,N,esri
,Chhapra Gramin Jn,25.780452,84.777727,N,esri
,Chhaprawat Halt,28.552585,77.797282,N,esri
,Chhatapur Road,26.352191,87.039291,N,esri
,Chhatrapati Shivaji Maharaj Terminus,18.939851,72.83553,N,esri
,Chhit Makandpur,25.234699,86.87054,N,esri
,Chicholi,21.466348,79.706333,N,esri
,Chicholi Buzurg,20.612879,79.921951,N,esri
,Chichonda,21.709079,78.352527,N,esri
,Chichpalli,19.966107,79.446047,N,esri
,Chidambaram,11.391723,79.703136,N,esri
,Chigicherla,14.516649,77.683948,N,esri
,Chikalthan,19.859654,75.402398,N,esri
,Chikhali Road,20.806162,73.07177,N,esri
,Chikhli,18.973773,73.152194,N,esri
,Chikhloli,19.188425,73.2116,N,esri
,Chikjajur Junction,14.12379,76.139781,Y,esri
,Chikka Banavara Junction,13.074714,77.505676,Y,esri
,Chikka Shellikeri,16.16019,75.497607,N,esri
,Chikkaballapur,13.431266,77.732679,N,esri
,Chikkabenakal,15.42857,76.442793,N,esri
,Chikkamagaluru,13.303207,75.788927,N,esri
,Chikkandawadi,14.134759,76.17529,N,esri
,Chikna,18.928947,77.758426,N,esri
,Chikni Road,20.32515,78.960217,N,esri
,Chikodi Road,16.372011,74.769871,N,esri
,Chiksugur,16.335944,77.344808,N,esri
,Chilakalapudi,16.201872,81.161906,N,esri
,Chilh,25.167666,82.54784,N,esri
,Chiluvur,16.380298,80.61715,N,esri
,Chimal Pahad,17.493231,80.383045,N,esri
,Chinchli,16.566406,74.853548,N,esri
,Chinchuria,23.738518,86.967862,N,esri
,Chingavanam,9.529273,76.525353,N,esri
,Chink Hill,18.099859,75.457847,N,esri
,Chinna Babu Samudram,11.919669,79.686672,N,esri
,Chinna Koothanur,11.80805,77.892617,N,esri
,Chinna Lingapur,18.281061,78.846633,N,esri
,Chinna Salem,11.631344,78.874536,N,esri
,Chinnadagudi Hundi,12.084006,76.732853,N,esri
,Chinnaganjam,15.689486,80.236636,N,esri
,Chinnakote Halt,12.98126,78.226149,N,esri
,Chinnaravuru,16.223754,80.656231,N,esri
,Chinnekunta Palli,14.443624,77.845315,N,esri
,Chinta Kani,17.123949,80.203089,N,esri
,Chinta Parru Halt,16.534427,81.69892,N,esri
,Chintadripet,13.073738,80.273714,N,esri
,Chintakunta,14.717717,78.328772,N,esri
,Chintalpalli,17.914303,79.702245,N,esri
,Chintamani,13.411009,78.054096,N,esri
,Chipyana Buzurg,28.626993,77.463297,N,esri
,Chiraila,24.86179,84.279556,N,esri
,Chirakkal,11.908722,75.35416,N,esri
,Chirala,15.830741,80.354059,N,esri
,Chirayinkeezhu,8.658351,76.785966,N,esri
,Chitgidda,17.394192,77.97387,N,esri
,Chithari Halt,25.235684,79.886873,N,esri
,Chitoda,20.714086,78.625539,N,esri
,Chitora Renwal,26.692019,75.680692,N,esri
,Chitradurga,14.230883,76.386084,N,esri
,Chitrakutdham Karwi,25.217111,80.923648,N,esri
,Chitrapur Halt,14.036058,74.535817,N,esri
,Chitrawad,21.100994,70.556933,N,esri
,Chitta,17.820371,77.538972,N,esri
,Chittapur,17.119828,77.090501,N,esri
,Chittaranjan,23.857679,86.878426,N,esri
,Chittaranjan Locomotive Works Siding Rupnarayanpur,23.83189,86.887416,N,esri
,Chitteri,13.068006,79.598105,N,esri
,Chittoor,13.219751,79.103345,N,esri
,Chityala,17.222035,79.135851,N,esri
,Cholapuram,9.35447,77.570085,N,esri
,Chondi,19.430833,77.155835,N,esri
,Chongajan,26.058226,93.815726,N,esri
,Chorgi,17.174881,75.870165,N,esri
,Chorvad Road,21.053871,70.290235,N,esri
,Chosla,26.44309,75.500731,N,esri
,Chotila,22.429179,71.200573,N,esri
,Chotipadoli,20.001957,79.249342,N,esri
,Chottanikkara Road,9.925895,76.374736,N,esri
,Choupale,21.375408,74.293846,N,esri
,Chourai,22.054356,79.261739,N,esri
,Chovvara,10.133008,76.372258,N,esri
,Chrompet,12.95177,80.141006,N,esri
,Chuchela Kalan,28.999157,78.271754,N,esri
,Chudawa,19.179753,77.116437,N,esri
,Chuhriwala Dhanna,30.212573,74.134653,N,esri
,Chulheta,23.952647,78.022985,N,esri
,Chullimada,10.83771,76.801345,N,esri
,Chunabhatti,19.05086,72.869139,N,esri
,Churaibari,24.433733,92.241449,N,esri
,Churaru Takrala,31.592537,76.171283,N,esri
,Church Gate,18.935558,72.827005,N,esri
,Cinnamara,26.707547,94.236595,N,esri
,ClutterbuckGanj,28.39682,79.371741,N,esri
,Cochin Harbour Terminus,9.959667,76.267143,Y,esri
,Coimbatore Junction,10.998422,76.966003,Y,esri
,Coimbatore North,11.020382,76.954081,N,esri
,Concor Depot,21.631952,73.002633,N,esri
,Concor Depot Siding Ravtha Road,24.939503,75.95485,N,esri
,Concor Siding Bhagat Ki Kothi,26.254781,73.015083,N,esri
,Cooch Behar,26.318726,89.456156,N,esri
,Coonoor,11.344217,76.791342,N,esri
,Coopers Halt,23.15701,88.585001,N,esri
,Coromandel,12.975654,78.257729,N,esri
,Crossing Cabin Ranaghat,23.190128,88.579278,N,esri
,Cuddalore Port Junction,11.716195,79.766956,Y,esri
,Cumbum,15.592758,79.113106,N,esri
,D Samudravalli,12.942716,76.317398,N,esri
,DAV College Halt Jalalabad,30.593445,74.252566,N,esri
,DAV College Jalandhar Halt,31.347348,75.561561,N,esri
,DMW Halt Patiala,30.360692,76.421649,N,esri
,DSKS Nagar Garhpura,25.658972,86.207045,N,esri
,Dabilpur,17.674975,78.470794,N,esri
,Dabirpura,17.366283,78.490355,N,esri
,Dabka,21.361124,76.720907,N,esri
,Dabpal,18.928406,81.488798,N,esri
,Dadar Central,19.016959,72.8431,Y,esri
,Dadgaon,20.45054,77.534972,N,esri
,Dadpur BH,24.828206,86.350506,N,esri
,Dagaon,26.44309,92.615202,N,esri
,Dagarhkeri,22.081604,76.82697,N,esri
,Dahar Ka Balaji,26.944596,75.766056,N,esri
,Dahegaon,20.729379,78.463779,N,esri
,Dakachya,22.856832,75.950209,N,esri
,Dakshin Barasat,22.22637,88.452448,N,esri
,Dakshin Bari,22.656111,88.182521,N,esri
,Dakshineswar,22.654046,88.363924,N,esri
,Dalapathy Samudram,8.431074,77.638163,N,esri
,Dalasanur Halt,13.269104,78.169988,N,esri
,Daldali,25.819793,93.516351,N,esri
,DaliGanj Junction,26.875244,80.927612,Y,esri
,Dallirajhara,20.587659,81.068483,N,esri
,Dalmera,28.407026,73.656215,N,esri
,Damalcheruvu,13.478429,79.056053,N,esri
,Damanpur,26.55588,89.532526,N,esri
,Damaracherla,16.729952,79.629471,N,esri
,Damchara,25.011361,92.743906,N,esri
,Damlai,21.685827,73.188485,N,esri
,Damodar Junction,23.650938,86.908671,Y,esri
,Damua Coal Washery,22.182507,78.451303,N,esri
,Dandi Mal PH,20.714424,85.534544,N,esri
,Dangari,27.709911,95.568184,N,esri
,Dangidhar,23.869013,79.01821,N,esri
,Dangtal,26.469332,90.495335,N,esri
,Danishpet,11.858549,78.138058,N,esri
,Dankuni Junction,22.678045,88.290561,N,esri
,Dantewara,18.907901,81.355785,N,esri
,Daotuhaja,25.239352,93.170434,N,esri
,Dapoli,18.976389,73.072377,N,esri
,Dappar,30.51739,76.807384,N,esri
,Darasuram,10.944528,79.357003,N,esri
,Darekasa,21.270799,80.580602,N,esri
,Daridag,23.585654,85.39565,N,esri
,Darimeta,21.536782,78.540532,N,esri
,Daroji,15.226688,76.70114,N,esri
,Darsi,15.778112,79.70239,N,esri
,Darwha Moti Bagh Junction,20.321265,77.768326,Y,esri
,Daryao Ganj,27.598314,79.082554,N,esri
,Dasalwada A Road,22.985866,73.030087,N,esri
,Dasampatti,12.252309,78.439851,N,esri
,Dasar Doddi,16.478285,77.468627,N,esri
,Dasara,24.274101,85.790766,N,esri
,Dasnagar,22.597989,88.308295,N,esri
,Daspalla,20.345156,84.854411,N,esri
,Datiwali,19.187714,73.058307,N,esri
,Dattapukur,22.768311,88.539378,N,esri
,Daula Kot Bhai,30.205953,74.697937,N,esri
,Daulatabad,19.91676,75.210247,N,esri
,Daulatpur,25.330778,88.336802,N,esri
,Daund Block Cabin,18.462496,74.586155,N,esri
,Daund Chord Line,18.466189,74.554735,N,esri
,Daund Jn A Cabin,18.465694,74.564436,N,esri
,Davangere,14.467998,75.91973,N,esri
,Dayabasti Bypass A Cabin,28.673641,77.156202,N,esri
,Dayadara,21.800503,72.931562,N,esri
,Dayalpur,25.636077,81.891115,N,esri
,Dayanand Nagar,17.455784,78.531394,N,esri
,Deedarganj,25.57181,85.254509,N,esri
,Dehare Cabin,19.241365,74.674159,N,esri
,Dekapam,27.755053,94.930534,N,esri
,Dekargaon,26.680608,92.763047,N,esri
,Delhi Cantt,28.611824,77.115657,N,esri
,Delhi Cantt BG Military Siding,28.615,77.118141,N,esri
,Delhi Kishan Ganj,28.663751,77.199109,N,esri
,Delhi Safdarjung,28.582265,77.186134,N,esri
,Denduluru,16.781787,81.180767,N,esri
,Dengli Pimpalgaon,19.393566,76.497648,N,esri
,Deo Road,24.822362,84.564875,N,esri
,Deobaloda Charoda,21.215388,81.45277,N,esri
,Deora Bandhauli Halt,26.378019,85.777748,N,esri
,Deoria Kurhma Naresh Halt,24.850235,84.376887,N,esri
,Derowan P. Halt,22.487997,85.299544,N,esri
,Desang,27.06078,94.692737,N,esri
,Deshapran PH,22.029955,87.817974,N,esri
,Deshnoke,27.790721,73.338973,N,esri
,Det,25.003789,74.643241,N,esri
,Devakottai Road,10.038038,78.762168,N,esri
,Devalgaon Avchar,19.319918,76.611799,N,esri
,Devanahalli,13.247545,77.705451,N,esri
,Devangonthi,12.985214,77.831219,N,esri
,Devanur,13.43552,76.092864,N,esri
,Devarapalle,13.72375,77.511917,N,esri
,Devargudda,14.668124,75.576261,N,esri
,Devarkadra Junction,16.631208,77.838604,Y,esri
,Devendra Nagar,24.604682,80.364797,N,esri
,Devi Halt,21.715109,78.894783,N,esri
,Deviganj,26.319651,87.151195,N,esri
,Devri PH,22.842125,79.835141,N,esri
,Devthana,19.274069,77.691335,N,esri
,Dewalgaon,20.889661,80.079029,N,esri
,Dewan Hat,26.235568,89.482724,N,esri
,Deypur PH,19.975911,83.271625,N,esri
,Dhakalgaon,22.110166,76.059086,N,esri
,Dhalaibil,26.791336,92.923413,N,esri
,Dhalbhumgarh,22.505424,86.552875,N,esri
,Dhalgaon,17.122485,74.990897,N,esri
,Dhalpukhuri,25.960078,92.905969,N,esri
,Dhamalgaon,27.387293,94.837554,N,esri
,Dhamalgaon Block Cabin,27.372373,94.810366,N,esri
,Dhamangaon,20.78445,78.137703,N,esri
,Dhamni,19.648995,77.178339,N,esri
,Dhamtari,20.715141,81.550787,N,esri
,Dhanaichha,25.227027,83.492442,N,esri
,Dhanapur Odisha,18.942179,82.512903,N,esri
,Dhandari Kalan,30.874368,75.90946,N,esri
,Dhanoli,21.321625,80.427186,N,esri
,Dhanora Deccan,19.465412,78.132724,N,esri
,Dhanori,20.878853,78.291372,N,esri
,Dhansiri,25.811298,93.60219,Y,esri
,Dhansiripar,25.782159,93.635337,N,esri
,Dhanuvachapuram,8.377624,77.126428,N,esri
,Dhanvala Wada,23.153714,69.028182,N,esri
,Dharamjaigarh,22.423501,83.161655,N,esri
,Dharampur Halt,28.147672,78.263918,N,esri
,Dharamtul,26.188205,92.365009,N,esri
,Dharangaon,21.006411,75.28699,N,esri
,Dhari,21.326828,71.027672,N,esri
,Dharmabad,18.888539,77.8493,N,esri
,Dharmadam,11.778736,75.463255,N,esri
,Dharmaj,22.415368,72.803366,N,esri
,Dharmanagar,24.370007,92.169872,N,esri
,Dharmapuri,12.125827,78.154138,N,esri
,Dharmavaram Junction,14.425313,77.716689,Y,esri
,Dharminiya Halt,26.829787,84.779846,N,esri
,Dharnaoda,24.598165,77.09349,N,esri
,Dharur,17.289092,77.758173,N,esri
,Dharwad,15.442307,75.002277,N,esri
,Dhauli Muhan,20.079852,85.606155,N,esri
,Dhaursalar,26.792967,80.083569,N,esri
,Dhavalas,18.129532,75.334337,N,esri
,Dhekiajuli Road,26.810028,92.451737,N,esri
,Dhekwad,21.353615,74.162303,N,esri
,Dhemaji,27.489353,94.5426,N,esri
,Dhimishri,27.029511,78.200353,N,esri
,Dhindora Hukmikhera,26.801205,77.097055,N,esri
,Dhing,26.451255,92.445322,N,esri
,Dhing Bazar,26.455856,92.47947,N,esri
,Dhiradar Jwas Halt,25.220948,86.046834,N,esri
,Dhirganj,25.745283,81.923933,N,esri
,Dhoda Khedi,30.01856,76.842411,N,esri
,Dhoki,18.353703,76.103087,N,esri
,Dholbaja,26.253305,87.281922,N,esri
,Dholikua,20.830821,73.212332,N,esri
,Dhondi,19.086686,76.743842,N,esri
,Dhone Junction,15.396333,77.865693,Y,esri
,Dhule,20.887883,74.768211,N,esri
,Dhulghat,21.295821,76.750004,N,esri
,Dhulipalla Halt,16.419533,80.097545,N,esri
,Dhumetra,22.213701,84.932875,N,esri
,Dhup Dhara,25.981007,91.048144,N,esri
,Dhupguri,26.574241,88.993813,N,esri
,Dibolong,25.595148,93.085697,N,esri
,Dibrugarh,27.464527,94.937382,N,esri
,Dibrugarh North Cabin,27.475825,94.938654,N,esri
,Dibrugarh Town,27.477871,94.899905,N,esri
,Dichpalli,18.613706,78.195215,N,esri
,Diesel Locomotive Works Rly Siding Varanasi,25.289025,82.964547,N,esri
,Digaru,26.152936,91.978934,N,esri
,Digboi,27.371484,95.619171,N,esri
,Diggi,26.356795,75.464803,N,esri
,Dighe,19.182187,72.994627,N,esri
,Dighori Buzurg,21.108953,79.230595,N,esri
,Diguvametta,15.394992,78.826654,N,esri
,Dihakho,25.430694,93.126575,N,esri
,Dijaobra,25.557982,93.09354,N,esri
,Dikom,27.463781,95.08052,N,esri
,Dilkusha Cabin,26.831737,80.961433,N,esri
,Dilmili,18.988032,81.737659,N,esri
,Dimapur,25.907304,93.728708,N,esri
,Dimow,27.684201,94.80417,N,esri
,Dinagaon,19.847635,75.831111,N,esri
,Dinanagar,32.133297,75.467288,N,esri
,Dindigul Junction,10.352616,77.98382,Y,esri
,Dindu Gopala Puram Halt,18.543297,84.242155,N,esri
,Dingania,28.64217,80.573531,N,esri
,Dingwahi,25.418101,80.412969,N,esri
,Dinkar Gram Simaria,25.411375,86.013806,N,esri
,Dipa,27.707073,94.849466,N,esri
,Diphu,25.837622,93.438527,N,esri
,Dipore,20.792817,78.041262,N,esri
,Ditokcherra,25.092702,92.804637,N,esri
,Diva Junction Cabin,19.195792,73.057814,N,esri
,Divine Nagar,10.285847,76.336817,N,esri
,Divitipalli,16.74109,78.084533,N,esri
,Diwan Khavati,17.855184,73.418243,N,esri
,Diyatara Road,27.733567,72.840015,N,esri
,Diyawan Halt,25.381085,85.283564,N,esri
,Diyuri,28.60185,79.883049,N,esri
,Dobbspet,13.232754,77.248819,N,esri
,Dobh Bahali,28.882093,76.528147,N,esri
,Dodaanatta Halt,13.374298,78.136482,N,esri
,Dodballapur,13.280183,77.55101,N,esri
,Dodbele,13.21655,77.352296,N,esri
,Doddahalli,14.253207,77.248841,N,esri
,Doddampatti,12.181141,78.422286,N,esri
,Doddasiddavanhalli Halt,14.206857,76.478156,N,esri
,Dodjala,13.180511,77.640301,N,esri
,Dokur,16.591486,77.853125,N,esri
,Dolavali,18.833567,73.320186,N,esri
,Dombivli Central Cabin,19.200581,73.075383,N,esri
,Donakonda,15.833781,79.48433,N,esri
,Dongargaon,21.620121,76.370771,N,esri
,Dongargarh,21.18549,80.761559,N,esri
,Dongri Buzurg,21.550303,79.693799,N,esri
,Donigal,12.904425,75.734778,N,esri
,Doravari Chatram,13.818283,79.948215,N,esri
,Dornahalli,12.43321,76.424907,N,esri
,Dornakal Junction,17.445562,80.152573,Y,esri
,Dosapadu,16.468976,80.939143,N,esri
,Doulta,24.994938,78.428876,N,esri
,Dr Ambedkar Nagar,22.555814,75.770552,N,esri
,Dr RK Nagar,23.307214,75.004135,N,esri
,Draksharama,16.797242,82.049276,N,esri
,Dubia,26.919446,93.720151,N,esri
,Dubri Kalan,23.992883,81.529233,N,esri
,Duburi,20.995739,85.962108,N,esri
,Dudda Halt,13.107357,76.215421,N,esri
,Duddeda,18.021831,78.891144,N,esri
,Dudh Sagar,15.316576,74.306407,N,esri
,Dudh Sagar Water Falls,15.312682,74.314454,N,esri
,Dudhani,17.362631,76.380268,N,esri
,Dudhnai Junction,26.00154,90.761934,Y,esri
,Dugda Coal Washery,23.739606,86.151222,N,esri
,Duggirala,16.328984,80.623767,N,esri
,Duhai Halt,28.729719,77.479757,N,esri
,Duklangia,26.68523,94.282818,N,esri
,Dulakhapatana PH,21.007638,86.282092,N,esri
,Dularia,22.575744,77.654521,N,esri
,Duliajan,27.367346,95.306745,N,esri
,Dullabcherra,24.486959,92.433261,N,esri
,Dum Dum Cantt,22.636673,88.411981,N,esri
,Dum Duma Town,27.573883,95.55609,N,esri
,Duman Hill Colliery Siding,23.194906,82.392637,N,esri
,Dumdangi,26.477115,88.295923,N,esri
,Dumri Khurd,21.324879,79.232188,N,esri
,Dundlodh Mukundgarh,27.938829,75.237278,N,esri
,Dupadu,15.74306,78.013145,N,esri
,Durg Junction,21.199946,81.291481,Y,esri
,Durg Link Block Cabin,21.196318,81.303325,N,esri
,Durgachak,22.082062,88.155369,N,esri
,Durgada Gate,17.212391,82.349018,N,esri
,Durgapur Coke Oven Plant,23.506319,87.296613,N,esri
,Duriya Ganj,24.801424,79.782356,N,esri
,Duskheda,21.073603,75.83924,N,esri
,Dwarapudi,16.927834,81.920871,N,esri
,Dwarkaganj,26.327593,82.108847,N,esri
,EOCM Cabin,25.305547,83.173921,N,esri
,ER Store Depot Naihati,22.872631,88.410602,N,esri
,Edamann,9.007275,76.982296,N,esri
,Edapalayam Halt,8.961992,77.119039,N,esri
,Edavai,8.763332,76.697445,N,esri
,Edduladoddi,15.329168,77.590606,N,esri
,Egattur Halt,13.106793,79.884305,N,esri
,Ekambarakuppam,13.318885,79.573005,N,esri
,Eklakhi Junction,25.168367,88.099155,Y,esri
,Eksari,25.134637,85.883062,N,esri
,Ekta Nagar (Kevadiya),21.887213,73.688841,N,esri
,Elamanur,10.87973,78.573856,N,esri
,Elattur,11.34683,75.740973,N,esri
,Elavur,13.458986,80.115882,N,esri
,Elphinstone Road,19.008244,72.837366,N,esri
,Eluru,16.718109,81.119448,N,esri
,Empty Yard,23.587217,87.161868,N,esri
,Ennore,13.217541,80.321558,N,esri
,Eraligul,24.673561,92.371305,N,esri
,Eraniel,8.213456,77.307626,N,esri
,Eravipuram,8.867226,76.623896,N,esri
,Eriodu,10.515827,78.056602,N,esri
,Ernakulam C Cabin,9.982595,76.288699,N,esri
,Ernakulam D Cabin,9.979399,76.306978,N,esri
,Ernakulam Diesel Loco Shed,9.973442,76.291092,N,esri
,Ernakulam Junction,9.9692,76.290987,Y,esri
,Ernakulam Siding,9.985188,76.250983,N,esri
,Ernakulam Town,9.992899,76.286291,N,esri
,Erode Diesel Loco Shed,11.324608,77.717781,N,esri
,Erode Electric Loco Shed,11.331724,77.734872,N,esri
,Erode Junction,11.327346,77.72607,Y,esri
,Errupalem,16.825019,80.471318,N,esri
,Etakkot,11.805772,75.443587,N,esri
,Ettapur Road,11.650776,78.46835,N,esri
,Ettimadai,10.898615,76.895896,N,esri
,Ettumanur,9.676941,76.545533,N,esri
,Ezhimala,12.068968,75.231041,N,esri
,Ezhukone,8.979541,76.715321,N,esri
,Ezhuppunna,9.81987,76.302148,N,esri
,FCI Siding Dankuni,22.668155,88.297073,N,esri
,FCI Siding Dimapur,25.89429,93.724846,N,esri
,Fair Ground P.H.,21.136292,81.751637,N,esri
,Fakharpur Halt,28.842016,77.294437,N,esri
,Fakrabad,18.816394,77.97947,N,esri
,Falaknuma,17.332698,78.4752,N,esri
,Fango,25.618476,86.604504,N,esri
,Faqar Sar,30.19019,74.579164,N,esri
,Farangipete,12.875371,74.956629,N,esri
,Farhatnagar,27.075269,80.145082,N,esri
,Farhedi Halt,28.727605,78.796271,N,esri
,Farrukh Naga,28.467212,76.825403,N,esri
,Fartikui,22.155584,73.378625,N,esri
,Fateh Singhpura,26.818527,77.140876,N,esri
,Fateha Halt,25.598859,85.863148,N,esri
,Fatehnagar,17.455809,78.450249,N,esri
,Fatehpur Atwa Halt,25.623575,83.63877,N,esri
,Fatehpur Chaurasi,26.83026,80.273873,N,esri
,Fatehpur Makrandpur,28.376667,77.675212,N,esri
,Fernhill,11.395541,76.689853,N,esri
,Ferok,11.175839,75.830199,N,esri
,Ferozguda,17.464929,78.460263,N,esri
,Firozpur Cantt Junction,30.94166,74.617322,Y,esri
,Firozpur City,30.962103,74.601266,N,esri
,Flyover Cabin Mughal Sarai,25.28569,83.171439,N,esri
,Furkating Junction,26.464701,94.00212,Y,esri
,Gadag Bypass,15.439629,75.619721,N,esri
,Gadag Junction,15.436738,75.642804,Y,esri
,Gadchandur,19.739662,79.175052,N,esri
,Gadiganuru,15.218618,76.59897,N,esri
,Gadwal Junction,16.224802,77.809474,Y,esri
,Gahandhran Halt,31.117512,75.426661,N,esri
,Gaigaon,20.720821,76.891139,N,esri
,Gainsari,27.527077,82.547191,N,esri
,Gajjela Konda,15.778039,79.402499,N,esri
,Gaju Halt,27.200936,80.369808,N,esri
,Gajulagudem,17.661183,80.71974,N,esri
,Gajwel,17.859647,78.667812,N,esri
,Galan,20.609708,75.278323,N,esri
,Gamani,26.919758,92.804492,N,esri
,Gambhir Bridge Cabin,23.22728,75.632016,N,esri
,Gambhirpura,21.659843,73.315298,N,esri
,Gamharia Junction,22.796106,86.102323,Y,esri
,Ganagapur Road,17.340909,76.589408,N,esri
,Gandhi Park Halt,18.652748,77.894275,N,esri
,Gandhi Smarak Road,20.872752,77.017877,N,esri
,Gandhi Smriti,20.921091,72.92161,N,esri
,Gandhidham Cabin,23.08959,70.148756,N,esri
,Gandhipuram Halt,17.494803,80.312127,N,esri
,Gangaikondan,8.829315,77.784371,N,esri
,Gangajhari,21.442865,80.058567,N,esri
,Gangakher,18.973157,76.755816,N,esri
,Ganganapalle,14.452248,78.704136,N,esri
,Gangaposh,21.92828,85.045301,N,esri
,Gangasarai Halt,25.2611,86.022222,N,esri
,Gangauli,25.663557,82.873491,N,esri
,Gangavaram,16.731742,82.049705,N,esri
,Gangavathi,15.4419,76.549981,N,esri
,Gangawapur Halt,26.958191,79.998421,N,esri
,Gangayapalle,14.553377,78.717708,N,esri
,Gangineni,16.744972,80.519665,N,esri
,Gangiwara Town,22.095801,78.847705,N,esri
,Gangrar,25.061155,74.62511,N,esri
,Gangraul Halt,28.282736,77.754769,N,esri
,Ganguwada,18.667145,84.10655,N,esri
,Gangwara Halt,24.633852,87.10882,N,esri
,Ganj Muradabad,26.957545,80.187172,N,esri
,Gankhera Halt,21.385426,80.1925,N,esri
,Gannavaram,16.556155,80.796219,N,esri
,Gaon Baroda,29.433532,76.203433,N,esri
,Garea Bihar,24.133182,85.909365,N,esri
,Garh Madhupur,20.820057,86.070903,N,esri
,Garha Goods Shed,23.141401,79.864833,N,esri
,Garhbeta,22.843508,87.321132,N,esri
,Garhdhrubeswar,23.509421,86.617672,N,esri
,Garhi Beri,27.328685,77.699159,N,esri
,Garhmuktesar,28.780528,78.077556,N,esri
,Garhwa,24.175565,83.813602,N,esri
,Garhwa Road Junction,24.214563,83.88513,Y,esri
,Garhwa Road Link Cabin,24.224943,83.878352,N,esri
,Garifa,22.908218,88.412978,N,esri
,Garjee,23.431696,91.496863,N,esri
,Garla,17.486558,80.139386,N,esri
,Garladinne,14.827997,77.592448,N,esri
,Garobigha Halt,24.826171,85.454662,N,esri
,Garoth,24.278788,75.684373,N,esri
,Garpos,22.134416,84.41998,N,esri
,Gate Karepalli,17.485197,80.23259,N,esri
,Gate Vanampalli,17.442693,77.889417,N,esri
,Gatra Halt,21.558026,80.205366,N,esri
,Gauchhari,25.439059,86.674361,N,esri
,Gaudgaon,17.336488,76.531371,N,esri
,Gauntra Halt,27.129703,80.191688,N,esri
,Gauribidanur,13.613412,77.513137,N,esri
,Gauriyamau,26.756326,81.804197,N,esri
,Gausganj,27.134937,80.291651,N,esri
,Gaushala,29.300585,79.011983,N,esri
,Gavan,18.93864,73.018119,N,esri
,Gawnaha,27.289328,84.51849,N,esri
,Gazulapalli,15.430646,78.599302,N,esri
,Gevrai,19.87493,75.651175,N,esri
,Ghadela Halt,21.725204,78.910667,N,esri
,Ghal Kalan,30.822697,75.109325,N,esri
,Ghanpur,17.84979,79.376403,N,esri
,Ghanshyamgadh,23.008613,71.422418,N,esri
,Ghantikhal Nidhipur,20.510618,85.736656,N,esri
,Gharghoda,22.161937,83.318384,N,esri
,Gharni,18.479234,76.763979,N,esri
,Ghasara Halt,26.724898,79.355199,N,esri
,Ghat Nandur,18.723553,76.563407,N,esri
,Ghat ka Varana,25.505826,76.159906,N,esri
,Ghataprabha,16.241128,74.759802,N,esri
,Ghataro,25.813711,85.19503,N,esri
,Ghatkesar,17.452875,78.678275,N,esri
,Ghatoli,24.314765,76.510723,N,esri
,Ghatsawali,18.986524,75.940458,N,esri
,Ghogi Bariarpur,25.205883,86.304744,N,esri
,Ghograpar,26.451103,91.529842,N,esri
,Ghorghat Halt,25.242735,86.628045,N,esri
,Ghori Halt,27.379615,80.506934,N,esri
,Ghorparan,24.74132,86.498682,N,esri
,Ghorpuri Transh Yard,18.530311,73.892865,N,esri
,Ghudankhapa,21.656527,78.39809,N,esri
,Ghugus,19.951846,79.10379,N,esri
,Ghungrana,30.716072,75.825901,N,esri
,Ghunwara,24.134388,80.630178,N,esri
,Gidam,18.936692,81.411834,N,esri
,Gidarpindi,31.153039,75.12478,N,esri
,Giddalur,15.379379,78.926208,N,esri
,Giddapahar Siding,26.869454,88.291865,N,esri
,Gidnahalli,13.414255,77.808852,N,esri
,Gielkhola,27.025439,88.420528,N,esri
,Ginigera Junction,15.347964,76.247565,Y,esri
,Goalpara Town,26.127151,90.621127,N,esri
,Gobardanga,22.879461,88.761051,N,esri
,Gobarwahi,21.513892,79.723307,N,esri
,Gobindpur Dugauli Halt,26.080892,83.78606,N,esri
,Godamgura,17.290071,77.866744,N,esri
,Godavari,17.007215,81.771175,N,esri
,Godha Halt,28.052807,78.182008,N,esri
,Godhani,21.211516,79.068646,N,esri
,Godhani Chord Cabin,21.230593,79.105689,N,esri
,Gogamukh,27.44069,94.317165,N,esri
,Gohari Gram Halt,25.115263,86.150167,N,esri
,Gohpur,26.896944,93.621989,N,esri
,Goilkera,22.505845,85.381006,N,esri
,Goindwal Sahib,31.370723,75.110127,N,esri
,Gokalgarh,28.246767,76.617579,N,esri
,Gokulnagar Halt,25.474214,85.297854,N,esri
,Gokulpur Saboli Halt,28.705341,77.301863,N,esri
,Golaghat,26.508513,93.961946,N,esri
,Golhalli,13.145773,77.417446,N,esri
,Gollapalli,16.818684,78.157784,N,esri
,Gollaprolu,17.152263,82.290992,N,esri
,Gomangalam,10.609813,77.132658,N,esri
,Gomia,23.802926,85.829957,N,esri
,Gond Umri,21.021619,80.089746,N,esri
,Gondia Junction,21.461287,80.192956,Y,esri
,Gondwana Visapur,19.882363,79.328422,N,esri
,Goneana Bhai Jagta,30.318781,74.909709,N,esri
,Gonglee,21.222593,80.148021,N,esri
,Gooty Cabin,15.142646,77.646163,N,esri
,Gooty Fort,15.138955,77.647427,N,esri
,Gooty Junction,15.149968,77.625774,Y,esri
,Gopal Nagar,23.062612,88.745685,N,esri
,Gopalpur,23.08546,70.132173,N,esri
,Gopinathjew Banikund,20.294728,86.430464,N,esri
,Gopinathpur Nilgiri,21.482001,86.785765,N,esri
,Goraghuma,23.038695,72.451688,N,esri
,Gorakhpur Cantt,26.751161,83.418291,N,esri
,Goratiya,21.680241,73.29282,N,esri
,Goreswar,26.527931,91.72224,N,esri
,Gotra Halt,28.812783,77.300411,N,esri
,Goverdhan,27.520721,77.461998,N,esri
,Govind Garh,27.499131,76.98775,N,esri
,Govindgarh White Tiger,24.393271,81.317291,N,esri
,Govindpur PH,22.742964,86.260614,N,esri
,Govindpuri Kanpur,26.453677,80.312879,N,esri
,Gowdavalli,17.610867,78.468284,N,esri
,Gram Dadpur,23.115626,87.998521,N,esri
,Gram Kharika Halt,25.671765,85.38695,N,esri
,Greenways Road,13.020664,80.252047,N,esri
,Guabari,26.431378,90.02349,N,esri
,Guagachha,26.500834,91.023829,N,esri
,Gubbi,13.321403,76.938793,N,esri
,Gudaparti,17.027715,82.13088,N,esri
,Gudgeri,15.124666,75.359488,N,esri
,Gudimetta,15.424709,79.011329,N,esri
,Gudipudi,16.433337,80.20432,N,esri
,Gudivada Junction,16.430754,80.988195,Y,esri
,Gudiyattam,12.937178,78.913758,N,esri
,Gudlavalleru,16.348208,81.04691,N,esri
,Gudma,21.41451,80.288941,N,esri
,Gudru Halt,22.271029,80.116245,N,esri
,Gudum,20.438008,81.08544,N,esri
,Gudupalli,12.803483,78.274806,N,esri
,Gudur Junction,14.148579,79.845546,Y,esri
,Guduvancheri,12.844998,80.057118,N,esri
,Gugalwa Kirtan Halt,28.540707,75.600504,N,esri
,Guindy,13.008515,80.213047,N,esri
,GulabGanj,23.683784,77.911864,N,esri
,Guledagudda Road,16.06709,75.694484,N,esri
,Gullaguda,17.417047,78.033009,N,esri
,Gullapalyamu,15.086936,77.399666,N,esri
,Gulma Khola,26.836406,88.436028,N,esri
,Gulvanchi,17.172774,75.056156,N,esri
,Gulzarbagh,25.597796,85.204615,N,esri
,Gumgaon,20.994004,79.030113,N,esri
,Gummidipundi,13.409115,80.12392,N,esri
,Gumtali Halt,31.067753,75.634747,N,esri
,Gumto,27.137045,93.791618,N,esri
,Gunadala,16.538085,80.673718,N,esri
,Gunda Road,15.163809,76.382431,N,esri
,Gundardehi,20.949233,81.302735,N,esri
,Gundla Pochampally,17.568336,78.488398,N,esri
,Gundlakamma,15.984576,79.644835,N,esri
,Gundratimadugu,17.532125,80.07986,N,esri
,Guntakal Junction,15.173664,77.368265,Y,esri
,Guntakal West,15.167386,77.342614,N,esri
,Guntakonduru,16.45698,81.077581,N,esri
,Guntur Junction,16.300414,80.443043,Y,esri
,Gunwad,22.638567,75.43578,N,esri
,Gurda,22.060964,83.142449,N,esri
,Gurhanwa Flag,26.746386,85.224304,N,esri
,Gurhi,21.630157,76.581267,N,esri
,Gurla C Cabin,25.244284,75.878244,N,esri
,Gurla N Cabin,25.292279,75.898656,N,esri
,Gurla West Cabin,25.289537,75.885171,N,esri
,Gurnay,29.858706,75.803867,N,esri
,Gurralagondi,18.208736,78.875008,N,esri
,Guru Harsahai,30.715194,74.400498,N,esri
,Gurujala Gate Halt,16.548391,79.63878,N,esri
,Guruvayur,10.598532,76.045318,N,esri
,Guwahati,26.182499,91.749555,N,esri
,Gyanpur Road,25.279969,82.427541,N,esri
,HBL Nagar,17.133927,78.27366,N,esri
,Habaipur,25.871891,92.984913,N,esri
,Habanghatta,13.226804,76.249888,N,esri
,Habaspur,23.123284,88.009889,N,esri
,Hadapsar,18.526722,73.927747,N,esri
,Haddinagundu,15.152963,76.982611,N,esri
,Hadgaon Road,19.332543,77.723278,N,esri
,Hadmatiya Junction,22.428482,70.470949,Y,esri
,Hadobhangi Halt,18.82163,83.941884,N,esri
,Hafizpet,17.482821,78.362979,N,esri
,Haflong Hill,25.152286,93.021864,N,esri
,Hagari,15.151155,77.054922,N,esri
,Hagaribommanahalli,15.04969,76.2089,N,esri
,Haibargaon,26.356973,92.673356,N,esri
,Haidar Nagar,24.497229,83.950357,N,esri
,Hailakandi,24.681421,92.567831,N,esri
,Halakatta,17.042756,76.991805,N,esri
,Halbarga,17.974973,77.34052,N,esri
,Haldia Bihar Halt,26.166692,87.356823,N,esri
,Haldia Dock Complex,22.054832,88.095867,N,esri
,Haldwani,29.215321,79.533679,N,esri
,Haliyuru,14.210621,76.309114,N,esri
,Halligudi,15.415833,75.836337,N,esri
,Hallikhed B,17.848278,77.277211,N,esri
,Hallikhed K,17.671086,77.068742,N,esri
,Hamilton Ganj,26.68882,89.421055,N,esri
,Hampapatnam,15.111578,76.272786,N,esri
,Hampapura,12.484536,76.396953,N,esri
,Hamsavaram,17.316252,82.489582,N,esri
,Hanakere,12.565565,76.981049,N,esri
,Hansara,27.556398,95.542127,N,esri
,Hanuman Circle,15.149183,77.376858,N,esri
,Hanumanahalli,14.358622,75.998965,N,esri
,Hanumapura,15.972159,77.306778,N,esri
,Haochong,24.854008,93.727379,N,esri
,Harangajao,25.116863,92.859346,N,esri
,Harangul,18.390423,76.495869,N,esri
,Haranya Kheri,22.584989,75.7776,N,esri
,Harapanahalli,14.773637,75.985085,N,esri
,Hardorwal,31.914454,74.925959,N,esri
,Harebetta,12.823316,75.622414,N,esri
,Harihar,14.515488,75.811812,N,esri
,Harij,23.688324,71.907444,N,esri
,Harippad,9.277538,76.463213,N,esri
,Haripur Gram,20.133217,85.707931,Y,esri
,Harischandrapur,25.404029,87.868543,N,esri
,Harishanker Road,20.627159,82.765535,N,esri
,Harishdadpur PH,22.575123,88.043502,N,esri
,Harisinga,26.725435,91.986544,N,esri
,Harlapur,15.435418,75.800079,N,esri
,Harmuti Junction,27.119229,93.860646,Y,esri
,Harnahalli,14.048566,75.459133,N,esri
,Harpatti Halt,25.883048,87.147565,N,esri
,Harpur Bochaha,25.603926,85.757792,N,esri
,Harsana Kalan,28.944253,77.039177,N,esri
,Harsingra Halt,25.040849,85.232229,N,esri
,Harthala,28.873106,78.735972,N,esri
,Hasan Bazar Halt,25.266104,84.349262,N,esri
,Hasanabad,22.570853,88.91353,N,esri
,Hasanparthi Road,18.07799,79.50234,N,esri
,Haslang PH,23.082519,86.030264,N,esri
,Hassan Junction,13.003462,76.117732,Y,esri
,Hastavaram,14.219413,79.121799,N,esri
,Hathbandh,21.631134,81.845496,N,esri
,Hathbandh East Outer Cabin,21.637859,81.851981,N,esri
,Hathikali,25.643776,93.102083,N,esri
,Hathras Killah,27.594751,78.058324,N,esri
,Hathua Junction,26.370069,84.339938,Y,esri
,Hatibari,21.321924,84.103134,N,esri
,Hatighisa,26.684183,88.218556,N,esri
,Hatkanagale,16.747689,74.421497,N,esri
,Hatkarota Halt,25.345763,86.490737,N,esri
,Hatnapur,21.756447,78.348069,N,esri
,Hatpuraini Halt,25.143063,86.985838,N,esri
,Hatta Road,21.706064,80.207899,N,esri
,Hausnagar,24.644936,87.9529,N,esri
,Hautley,26.568813,93.882258,N,esri
,Hazaribagh Town,23.983332,85.340541,N,esri
,Hazrat Nagar Halt,28.632829,78.673562,N,esri
,Hazrat Nizamuddin,28.588965,77.25352,N,esri
,Hazrathpur Halt,23.77691,87.224422,N,esri
,Hazur Sahib Nanded,19.160344,77.310483,N,esri
,Hebbal,13.042545,77.586238,N,esri
,Hebbalu,14.3725,76.100705,N,esri
,Hebsur,15.42323,75.286004,N,esri
,Heelalige,12.813397,77.711069,N,esri
,Heggere Halt,13.34152,77.051163,N,esri
,Hehal,23.585238,85.435454,N,esri
,Hejjala,12.848516,77.41841,N,esri
,Helem,26.872856,93.452881,N,esri
,Henria P.H.,21.971632,87.794236,N,esri
,Her,18.426683,76.971399,N,esri
,Heslabera,23.348797,85.583214,N,esri
,Hi-Tech City,17.469637,78.385099,N,esri
,Hilara,24.942024,92.602707,N,esri
,Hillgrove,11.342039,76.835552,N,esri
,Hilsa,25.317203,85.277028,N,esri
,Himayatnagar,19.417063,77.86899,N,esri
,Himgir,21.876121,83.742875,N,esri
,Hindon Cabin,29.940329,77.596515,N,esri
,Hindu College,13.118512,80.074884,N,esri
,Hindumalkote,30.136468,73.91664,N,esri
,Hindupur,13.818777,77.500092,N,esri
,Hinganghat,20.541708,78.83412,N,esri
,Hingoli Deccan,19.726536,77.147391,N,esri
,Hinotia Pipalkher,24.531422,77.799605,N,esri
,Hirapur,20.424318,74.936288,N,esri
,Hirdamali,21.343523,80.197684,N,esri
,Hire Shellikeri,16.143256,75.524909,N,esri
,Hirehalli,13.280725,77.188833,N,esri
,Hirenanduru,17.257869,76.872496,N,esri
,Hirisave,12.947063,76.574627,N,esri
,Hisua,24.851167,85.413909,N,esri
,Hitnal,15.3286,76.308685,N,esri
,Hiwarkhed,21.405779,78.067678,N,esri
,Hojai,26.002057,92.851369,N,esri
,Hol,21.198231,74.785631,N,esri
,Holalkere,14.04029,76.130784,N,esri
,Holding Line,26.437926,80.258672,N,esri
,Hole Alur,15.820372,75.646751,N,esri
,Hole Narsipur,12.785315,76.246817,N,esri
,Hombal,15.522307,75.577678,N,esri
,Honaganahalli,16.679417,75.732391,N,esri
,Honnavalli Road,13.275434,76.368293,N,esri
,Hoodi Halt,12.996013,77.719064,N,esri
,Hortoki,24.077996,92.628594,N,esri
,Hosa Agrahara,12.570151,76.361793,N,esri
,Hosadurga Road,13.862545,76.133078,N,esri
,Hosapete Junction (Hospet),15.287207,76.385952,Y,esri
,Hosur,12.71787,77.822822,N,esri
,Hotgi Junction,17.565008,75.98989,Y,esri
,Howbagh Jabalpur,23.157141,79.926585,N,esri
,Howrah Goods Cabin,22.590222,88.334765,N,esri
,Hubballi East Cabin,15.346878,75.165521,N,esri
,Hubballi South Hubli,15.333221,75.175436,N,esri
,Hudukula,13.071878,78.155437,N,esri
,Hugrajuli,26.806017,92.359295,N,esri
,Hulkoti,15.432792,75.527417,N,esri
,Humnabad,17.771577,77.139328,N,esri
,Hunsihadgil,17.352805,76.646793,N,esri
,Huppuguda,17.341255,78.4826,N,esri
,Hurmujpur Halt,25.712912,83.344683,N,esri
,Hussain Sagar Junction,17.425716,78.46217,Y,esri
,Hussainpur,31.311693,75.329475,N,esri
,Hyderabad Deccan Nampally,17.392341,78.467576,N,esri
,Ibrahimpur,16.803486,75.719895,N,esri
,Ichchangadu,11.370621,79.21947,N,esri
,Ichchangadu Halt,11.355399,79.213255,N,esri
,Ichchiputtur,13.132499,79.638521,N,esri
,Icy International Border Point,26.377312,87.265476,N,esri
,Idalhond,15.695933,74.523646,N,esri
,Idappally,10.034579,76.298699,N,esri
,Idgah Agra Junction,27.173827,77.999957,Y,esri
,Igatpuri Yard,19.692609,73.578927,N,esri
,Ikarchala,26.161437,88.057727,N,esri
,Ikra Junction,23.695857,87.113892,Y,esri
,Ilavelangal,8.938287,77.872603,N,esri
,Imampuram,15.015564,77.512975,N,esri
,Imlibigha Halt,25.30937,85.531833,N,esri
,Imphal,24.769592,93.857705,N,esri
,Indalvai,18.549377,78.244961,N,esri
,Indamau Halt,26.33132,80.741523,N,esri
,Indargarh,25.777906,77.738617,N,esri
,Indargarh Sumerganj Mandi,25.728262,76.23279,N,esri
,Indi Road,17.210872,75.918958,N,esri
,Indian Custom Yard,26.374921,87.254339,N,esri
,Indra Nagar,23.170034,70.741301,N,esri
,Indrapuri,28.627074,77.143558,N,esri
,Indupalli,16.479557,80.876055,N,esri
,Ingur,11.225573,77.587335,N,esri
,Innanje,13.257068,74.761463,N,esri
,Intakanne,17.728571,79.861215,N,esri
,Ippuguda,17.801749,79.327153,N,esri
,Ipurupalem,15.852103,80.385429,N,esri
,Iranagallu,15.892523,77.263844,N,esri
,Iranagaram,17.865351,78.620839,N,esri
,Iringal,11.564785,75.608776,N,esri
,Irinjalakkuda,10.340516,76.281171,N,esri
,Irugur Concor Siding,11.025059,77.074778,N,esri
,Irugur Junction,11.016025,77.067898,Y,esri
,Isand Bg,23.28882,72.486838,N,esri
,Ishapur Kheri,29.216306,76.59289,N,esri
,Isivi,15.657533,77.229868,N,esri
,Iswardaspur,25.948217,81.250628,N,esri
,Itarsi B Cabin,22.602554,77.747143,N,esri
,Itarsi F Cabin,22.614714,77.775471,N,esri
,Itaya Kalan,23.055254,77.54096,N,esri
,Itikyala,16.073748,77.852604,N,esri
,Itwan Dundaila,24.942696,80.845149,N,esri
,Itwari Junction,21.157518,79.118858,Y,esri
,Izzatnagar,28.388395,79.421716,N,esri
,Izzatnagar Workshop Siding,28.403768,79.42513,N,esri
,JSPL Cabin A,20.864892,85.062145,N,esri
,JSW Block Cabin,22.569451,87.3201,N,esri
,JSW Siding,18.700994,73.016833,N,esri
,Jabalpur Junction,23.165603,79.950778,N,esri
,Jabbalgudda,15.424508,76.368598,N,esri
,Jadabpur,22.495048,88.374998,N,esri
,Jadcherla,16.753485,78.141973,N,esri
,Jadramakunti,16.28233,75.837403,N,esri
,Jafarganj,26.359515,82.58374,N,esri
,Jagadal,22.851311,88.395288,N,esri
,Jagan Nathapur,19.330439,84.86786,N,esri
,Jagannath Temple Gate,11.738497,75.508135,N,esri
,Jagannath ji,25.270765,72.628004,N,esri
,Jagdalpur,19.066309,82.014389,N,esri
,Jagdishpur,25.129732,86.988809,N,esri
,Jagdishpur Halt,26.153811,86.122819,N,esri
,Jageshar Ganj,26.006785,81.960928,N,esri
,Jaggambhotla Krishnapuram,15.552133,79.072175,N,esri
,Jaggayapalem,17.735706,83.219018,N,esri
,Jaggayyapeta Town,16.89125,80.112011,N,esri
,Jagi Road,26.125206,92.197383,N,esri
,Jagjeewan Halt,25.548081,84.629082,N,esri
,Jahangirabad Raj,26.974037,81.247771,N,esri
,Jai Prakash Mahuli Halt,25.453526,85.599271,N,esri
,Jaimurtinagar,26.835343,85.071893,N,esri
,Jainti,26.69901,89.612954,N,esri
,Jaisinder,25.755899,70.359307,N,esri
,Jaitpur Kalan Halt,26.834954,78.710593,N,esri
,Jaitpura Halt,26.749327,78.888396,N,esri
,Jajpur Keonjhar Road,20.942925,86.132766,N,esri
,Jakanur,15.84437,75.650174,N,esri
,Jakhalabandha,26.580338,92.990499,N,esri
,Jakkalacheruvu,15.108836,77.727858,N,esri
,Jaklair,16.578211,77.607337,N,esri
,Jalalkhali Halt,23.346951,88.514018,N,esri
,Jalalpur Halt,25.313063,86.006209,N,esri
,Jalalpur Panwara,27.062075,79.87344,N,esri
,Jalalsi PH,22.588212,88.057684,N,esri
,Jalamb Junction,20.812829,76.573575,Y,esri
,Jalandhar Cantt Junction,31.307331,75.631199,Y,esri
,Jalgaon Deccan,19.386717,77.79383,N,esri
,Jalgaon Junction,21.01804,75.56331,Y,esri
,Jalindari,25.291952,75.385575,N,esri
,Jaliya Devani,22.419596,70.393855,N,esri
,Jalna,19.831968,75.890764,N,esri
,Jamadoba Halt,23.70494,86.411444,N,esri
,Jamai Osmania,17.411618,78.51826,N,esri
,Jamaldah Gopalpur,26.455588,89.043292,N,esri
,Jamalpur Link Cabin,25.326055,86.494483,N,esri
,Jamalpur New Quarry Siding,25.325191,86.500194,N,esri
,Jamalpur Stores Yard,25.304845,86.49036,N,esri
,Jamalpur Workshop,25.311598,86.492253,N,esri
,Jambli,19.166681,77.59261,N,esri
,Jambrung Cabin,18.853192,73.35079,N,esri
,Jambusar City,22.050797,72.792266,N,esri
,Jamdha,20.573636,74.986377,N,esri
,James Street,17.432864,78.487247,N,esri
,Jamguri,26.386651,93.95953,N,esri
,Jamira,24.318401,92.527855,N,esri
,Jammalamadugu,14.847485,78.397714,N,esri
,Jammikunta,18.290046,79.476737,N,esri
,Jamner,20.806471,75.77489,N,esri
,Jamtara Paraswara,23.094475,79.960388,N,esri
,Jamtara Siding,23.957278,86.815068,N,esri
,Jamunamukh,26.10772,92.742226,N,esri
,Jand Wala Kharta,30.374165,74.01005,N,esri
,Jandhera Halt,29.862096,77.484778,N,esri
,Jandrapeta,15.810016,80.334233,N,esri
,Jangaon,17.724029,79.153698,N,esri
,Jankampet Junction,18.702606,78.053808,Y,esri
,Jannagatta Halt,13.213633,78.136626,N,esri
,Janpahad,16.724755,79.703811,N,esri
,Janwal,18.559419,76.755523,N,esri
,Jarandeshwar,17.750452,74.077055,N,esri
,Jarauna,25.556734,82.400138,N,esri
,Jariagarh,23.012829,84.994803,N,esri
,Jasai Chirle,18.932171,73.025662,N,esri
,Jatdumri Halt,25.467285,85.093466,N,esri
,Jath Road,17.218123,75.111655,N,esri
,Jatinga,25.132191,93.007274,N,esri
,Jatinga Lumpur,25.110997,92.949557,N,esri
,Jatkanhar,21.179403,80.821836,N,esri
,Jatnandur,18.981165,75.425942,N,esri
,Jatwara,26.869481,76.217175,N,esri
,Jaulka,20.284796,77.075206,N,esri
,Jaunpur Kutchary,25.724013,82.694434,N,esri
,Javla,17.299428,75.158579,N,esri
,Jawaharlal Nehru Port Trust,18.945421,72.951559,N,esri
,Jawaharnagar,23.919842,91.9018,N,esri
,Jawaharpur Kamsan Halt,27.522311,78.583853,N,esri
,Jawala,18.976948,76.282586,N,esri
,Jayanagar Majilpur Halt,22.169088,88.415812,N,esri
,Jeonara Ph,22.464535,80.083447,N,esri
,Jeruwa Khera,23.973155,78.480043,N,esri
,Jethantri Halt,25.821338,72.484705,N,esri
,Jeur,18.26093,75.162062,N,esri
,Jhagadiya Junction,21.726761,73.149326,Y,esri
,Jhajhpor,21.681965,73.271496,N,esri
,Jhajjar,28.593163,76.63885,N,esri
,Jhalida,23.369968,85.974532,N,esri
,Jhalra,29.426102,78.181483,N,esri
,Jhalrapatan,24.533024,76.196345,N,esri
,Jhaluarber,22.62767,88.252756,N,esri
,Jhalwar,24.410213,81.570744,N,esri
,Jhamatpur Baharan,23.743794,88.096506,N,esri
,Jhanjharpur Bazar Halt,26.260333,86.28209,N,esri
,Jhanjhitoli Hal,23.533401,85.412315,N,esri
,Jhankada Sarala Road,20.290337,86.305839,N,esri
,Jhansi A Cabin,25.4253,78.551096,N,esri
,Jharahi,24.542443,85.421068,N,esri
,Jharkhand Mahadev Halt,25.300986,84.386116,N,esri
,Jharmunda,20.774038,84.134534,N,esri
,Jharola,22.372298,72.860753,N,esri
,Jharradih,22.000367,83.049183,N,esri
,Jharsuguda R Yard,21.869334,84.03628,N,esri
,Jhartarbha,20.749642,83.709628,N,esri
,Jhilimili,22.056003,79.135584,N,esri
,Jhunjhunu,28.107107,75.39008,N,esri
,Jiabharali,26.812156,92.851214,N,esri
,Jiadhal,27.451538,94.503129,N,esri
,Jigni Khas,25.802788,84.006408,N,esri
,Jinti Road,18.324104,74.878915,N,esri
,Jirania,23.82685,91.431842,N,esri
,Jiribam,24.800954,93.119676,N,esri
,Jirighat,24.804111,93.107678,N,esri
,Jirona,19.408341,77.950104,N,esri
,Jirwan,21.682179,76.500808,N,esri
,Jivanti Halt,24.069777,88.188253,N,esri
,Jiyapuram,10.873261,78.606156,N,esri
,Jnana Bharati Halt,12.935331,77.510982,N,esri
,Jnandas Kandra,23.739243,87.96964,N,esri
,Jobat,22.403019,74.549305,N,esri
,Joda Block Cabin,22.027609,85.438572,N,esri
,Jodhpur Cantt,26.312743,73.092864,N,esri
,Jodhpur Junction,26.283776,73.022674,Y,esri
,Jogendranagar,23.811366,91.307405,N,esri
,Jogeshwar Bihar,23.745581,85.626465,N,esri
,Jogeshwari,19.134862,72.849224,N,esri
,Jogighopa,26.240585,90.575384,N,esri
,Jokatte,12.95969,74.853532,N,esri
,Jolaibari,23.190735,91.596433,N,esri
,Jolarpettai Junction,12.561886,78.577751,Y,esri
,Jonekarang,27.784727,95.161276,N,esri
,Joramow,24.203931,86.705267,N,esri
,Jorashankh Halt,24.292426,86.145411,N,esri
,Jorawarnagar,22.712931,71.640968,N,esri
,Jorhat Town,26.750155,94.216278,N,esri
,Joychandi Pahar Junction,23.517103,86.681338,Y,esri
,Jubba Sahani,26.172044,85.363176,N,esri
,Juchandra,19.359852,72.872987,N,esri
,Jugijan,26.039908,92.802427,N,esri
,Jujharpur Cabin,22.605589,77.757624,N,esri
,Jujomura,21.231423,84.136581,N,esri
,Jukal,17.207994,78.302911,N,esri
,Jummapatti,19.00167,73.302448,N,esri
,Jumnal,16.722344,75.714063,N,esri
,Juna Rajuvadiya,21.816776,73.356693,N,esri
,Junair Halt,25.2737,85.251001,N,esri
,Junakhera,24.460064,76.298707,N,esri
,Junction Cabin Andal,23.589528,87.172696,Y,esri
,Junehta,22.783206,78.597269,N,esri
,Jung Bahadurganj,27.76905,80.172771,N,esri
,Junichavand,21.385667,70.684635,N,esri
,Junnor Deo,22.191349,78.592161,N,esri
,Junona Halt,19.476097,77.161801,N,esri
,Juriagaon,26.44011,92.653754,N,esri
,Jurtara Halt,22.253077,79.76155,N,esri
,Juturu,14.978601,77.897432,N,esri
,Jwalamukhi Road,32.016171,76.226614,N,esri
,Jyotisar Halt,29.960001,76.801702,N,esri
,KSR Bengaluru City Junction,12.978318,77.569493,Y,esri
,Kabaka Puttur,12.768624,75.204925,N,esri
,Kachchanvilai,8.578642,78.021282,N,esri
,Kacheguda,17.388805,78.498802,N,esri
,Kachera,27.53006,75.648472,N,esri
,Kachewani,21.429982,79.981329,N,esri
,Kachhiyana Halt,25.132593,85.975008,N,esri
,Kachhpura Junction,23.170735,79.898882,Y,esri
,Kada,18.903437,75.082455,N,esri
,Kadabari Halt,26.47979,88.72931,N,esri
,Kadagaravalli,12.838349,75.69641,N,esri
,Kadakavur,8.678752,76.76773,N,esri
,Kadakola,12.190812,76.663863,N,esri
,Kadalundi,11.134903,75.827963,N,esri
,Kadambankulam,9.63146,78.386012,N,esri
,Kadambattur,13.100143,79.862621,N,esri
,Kadambur,9.001196,77.863328,N,esri
,Kadampura,26.1713,86.624994,N,esri
,Kadapa (Cuddapah),14.451637,78.829136,Y,esri
,Kadavakuduru,15.723093,80.257848,N,esri
,Kadayanallur,9.085494,77.363085,N,esri
,Kadiri,14.114651,78.165382,N,esri
,Kadiridevarapalli,14.414925,77.194766,N,esri
,Kadiyam,16.913853,81.832349,N,esri
,Kadlimatti,16.236614,75.796851,N,esri
,Kadur Junction,13.550453,76.008612,Y,esri
,Kaduturutti Halt,9.754266,76.494231,N,esri
,Kagankarai,12.410289,78.508575,N,esri
,Kagwad,21.81739,70.681352,N,esri
,Kaichar Halt,23.536742,88.011474,N,esri
,Kaikala,22.840806,88.090827,N,esri
,Kaikaluru,16.550664,81.217553,N,esri
,Kaikaram,16.815162,81.36404,N,esri
,Kailasapuram,8.849093,77.992221,N,esri
,Kaimara Kalan,26.170662,77.203724,N,esri
,Kaithalkuchi,26.450444,91.339817,N,esri
,Kaiyar,23.121569,87.771997,N,esri
,Kajgaon,20.574073,75.141461,N,esri
,Kajgaon Terhwan,25.685492,82.705199,N,esri
,Kakbara,24.841,86.87261,N,esri
,Kakinada Port,16.953872,82.240826,N,esri
,Kakinada Seaports Ltd,16.963436,82.268347,N,esri
,Kakinada Town Junction,16.967219,82.233662,Y,esri
,Kakirigumma,18.922496,83.006919,N,esri
,Kaklur,18.883092,81.620186,N,esri
,Kakoshi Metrana Road,24.006488,72.299809,N,esri
,Kala Akhar,22.395049,77.818342,N,esri
,Kalaburagi Junction,17.314329,76.82587,Y,esri
,Kalachand,25.349482,93.134951,N,esri
,Kalamalla,14.668039,78.469504,N,esri
,Kalamassery,10.06223,76.327166,N,esri
,Kalamb Road,18.371946,76.049133,N,esri
,Kalambha,21.34435,78.558936,N,esri
,Kalamboli Goods Shed,19.034256,73.115107,N,esri
,Kalamna,21.167923,79.14068,N,esri
,Kalanad Halt,12.467619,74.998541,N,esri
,Kalangani,11.331623,78.176127,N,esri
,Kalas Halt,15.086574,75.390078,N,esri
,Kalasamudram,14.21771,78.098787,N,esri
,Kalavad,21.896001,69.811962,N,esri
,Kalavur Halt,9.568,76.318487,N,esri
,Kaldhari,16.836111,81.677998,N,esri
,Kalem,15.291916,74.184476,N,esri
,Kalgupur,18.158258,77.193706,N,esri
,Kalgurki Halt,16.568321,75.786043,N,esri
,Kalhe Majra,30.33641,76.232961,N,esri
,Kalikiri,13.643757,78.800178,N,esri
,Kalisen,23.180705,87.163514,N,esri
,Kalitalavdi,22.35714,72.644067,N,esri
,Kalkalighat,24.580592,92.29541,N,esri
,Kalladaka,23.43325,73.272629,N,esri
,Kallagam,11.025184,79.00503,N,esri
,Kallakkudi Palanganatham,10.966489,78.949653,N,esri
,Kallal,9.972425,78.667615,N,esri
,Kallar,11.338735,76.882753,N,esri
,Kallayi,11.23377,75.78903,N,esri
,Kallidaikurichi,8.680891,77.464971,N,esri
,Kalligudi,9.696092,77.97438,N,esri
,Kallur Yadahalli,12.413154,76.507747,N,esri
,Kalluru Junction,14.924416,77.58176,Y,esri
,Kalmeshwar,21.229615,78.915175,N,esri
,Kalpattichatram,10.519769,78.238267,N,esri
,Kalsur,14.887893,75.401058,N,esri
,Kalyan Electric Loco Shed,19.239085,73.144004,N,esri
,Kalyan Junction Yard,19.232613,73.126194,N,esri
,Kalyandurga,14.569263,77.119406,N,esri
,Kalyani,22.96897,88.467377,N,esri
,Kalyani Silpanchal,22.976332,88.456496,N,esri
,Kamakhya Junction,26.157181,91.69146,Y,esri
,Kamakhyanagar,20.924925,85.53905,N,esri
,Kamalajari,26.089961,91.944473,N,esri
,Kamalanga,20.878754,85.264423,N,esri
,Kamalapur,17.586995,76.97955,N,esri
,Kamalapuram,14.592927,78.66626,N,esri
,Kamalnagar,18.240488,77.178732,N,esri
,Kamalur,18.855086,81.277908,N,esri
,Kamarbandha Ali,26.529197,94.055625,N,esri
,Kamardanga Halt,22.557443,88.382442,N,esri
,Kamareddi,18.325197,78.335938,N,esri
,Kamasamudram,12.88107,78.200299,N,esri
,Kamathan,25.603963,86.420515,N,esri
,Kambadur,14.337513,77.240432,N,esri
,Kambarganvi,15.463846,74.830144,N,esri
,Kamepalli,16.511277,79.823936,N,esri
,Kamptee,21.210806,79.196006,N,esri
,Kampur,26.160275,92.658631,N,esri
,Kamranga,24.851464,93.055202,N,esri
,Kamrup Khetri,26.126909,92.08403,N,esri
,Kamta Halt,25.335814,85.278307,N,esri
,Kamtaul,26.327998,85.815493,N,esri
,Kanaibazar,24.640408,92.324032,N,esri
,Kanaji Halt,17.913357,77.308566,N,esri
,Kanale,14.222013,74.963441,N,esri
,Kanalus North Cabin,22.328022,69.917416,N,esri
,Kanalus South Cabin,22.319416,69.91013,N,esri
,Kanamalopalle,14.43239,78.919995,N,esri
,Kanchipuram,12.848395,79.705076,N,esri
,Kanchipuram East,12.84092,79.712142,N,esri
,Kandambakkam,11.898365,79.45542,N,esri
,Kandanur Puduvayal,10.104195,78.837268,N,esri
,Kandivli,19.204262,72.851593,N,esri
,Kandivli EMU Shed,19.208496,72.854202,N,esri
,Kandla,23.012395,70.212227,N,esri
,Kandra Junction,22.852794,86.047927,Y,esri
,Kangam,22.15404,72.655401,N,esri
,Kanginhal,15.448351,75.719587,N,esri
,Kanhad Gaon,21.742069,80.208085,N,esri
,Kanhan Junction,21.224559,79.236758,Y,esri
,Kanhangad,12.320383,75.084874,N,esri
,Kanhargaon Naka,19.943603,77.147086,N,esri
,Kanigiri,15.367493,79.511696,N,esri
,Kanimahuli PH,22.482633,86.77926,N,esri
,Kaniuru Halt,12.717623,75.365958,N,esri
,Kanivehalli,13.326393,75.900401,N,esri
,Kaniyambadi,12.812821,79.125065,N,esri
,Kaniyapuram,8.587427,76.854325,N,esri
,Kanjara Halt,19.604108,77.210354,N,esri
,Kanjikode,10.800287,76.754878,N,esri
,Kanjiramittam,9.862062,76.410728,N,esri
,Kankaria South Cabin,23.007637,72.607608,N,esri
,Kankurgachhi Road Cabin,22.579833,88.386915,N,esri
,Kannamangalam,12.753771,79.161599,N,esri
,Kannapuram,11.984114,75.314448,N,esri
,Kannauj City,27.043644,79.904118,N,esri
,Kanniyakumari,8.087929,77.546576,N,esri
,Kannur,11.871783,75.367547,N,esri
,Kannur South,11.866831,75.400276,N,esri
,Kanpur C Panel,26.446823,80.341325,N,esri
,Kanpur Goods Marshalling Yard,26.452281,80.339353,N,esri
,Kanshbahal,22.212296,84.667508,N,esri
,Kanspur Gugauli,26.065581,80.634066,N,esri
,Kansrao,30.108627,78.116998,N,esri
,Kantadih,23.218655,86.296486,N,esri
,Kantakapalle,17.954899,83.207969,N,esri
,Kantakosh Halt,25.33412,87.67441,N,esri
,Kanthaliya Road,23.986878,88.179402,N,esri
,Kanthariya,21.71639,72.960483,N,esri
,Kaotha,20.737355,78.377347,N,esri
,Kapali Road PH,21.045922,86.420744,N,esri
,Kappil,8.779554,76.679333,N,esri
,Kaptanganj Junction,26.925569,83.69936,Y,esri
,Kapurdha Halt,22.053657,79.308618,N,esri
,Kapurthala Rail Coach Factory,31.327423,75.342964,N,esri
,Kapustalni,21.100724,77.341307,N,esri
,Karaboh,22.05257,79.26579,N,esri
,Karachiya Yard,22.382167,73.130376,N,esri
,Karahdih Halt,25.072332,85.434114,N,esri
,Karai Kovilpthu,10.930816,79.831683,N,esri
,Karaikal,10.917137,79.839059,N,esri
,Karaikkudi Junction,10.069348,78.793828,Y,esri
,Karaikkurichi,8.679001,77.536979,N,esri
,Karaimadai,11.23933,76.95837,N,esri
,Karajgi,14.851866,75.408383,N,esri
,Karak Bel,22.992047,79.341462,N,esri
,Karakad,10.781867,76.229285,N,esri
,Karakavalasa,18.292054,82.992409,N,esri
,Karamgarh Sardargarh Halt,30.21296,74.748508,N,esri
,Karamnasa,25.240194,83.431268,N,esri
,Karanja,20.491613,77.481459,N,esri
,Karanja Town,20.48632,77.491737,N,esri
,Karanjgaon,19.949727,74.924691,N,esri
,Karapa,16.906256,82.168821,N,esri
,Karasangal,12.334833,79.750485,N,esri
,Karatagi,15.619618,76.677585,N,esri
,Karavadi,15.55264,80.11353,N,esri
,Karchha,23.104817,75.910163,N,esri
,Karchhui Halt,26.231128,84.203753,N,esri
,Kardi,13.267224,76.573503,N,esri
,Karepalli,17.510907,80.271353,N,esri
,Karepur,18.587155,76.683363,N,esri
,Kargaon Halt,20.801184,79.412386,N,esri
,Karhagola Road,25.497736,87.375807,N,esri
,Karhal,27.013339,78.936192,N,esri
,Karhi,24.599571,80.799363,N,esri
,Kariganuru,15.251595,76.433244,N,esri
,Karimganj Bypass Cabin,24.843131,92.378198,N,esri
,Karimganj Junction,24.860257,92.372504,Y,esri
,Karimnagar,18.45904,79.142375,N,esri
,Kariyapattinam,10.452721,79.738278,N,esri
,Karjat Junction,18.91113,73.320623,Y,esri
,Karjhausa,24.769443,86.818674,N,esri
,Karkheli,18.944052,77.739348,N,esri
,Karmabad,24.081969,85.96823,N,esri
,Karmad,19.872939,75.538096,N,esri
,Karmelaram,12.906717,77.705899,N,esri
,Karna Subarna,24.026406,88.177649,N,esri
,Karnauti Junction,25.438916,85.542494,Y,esri
,Karnawas,28.133978,76.590385,N,esri
,Karona Halt,25.261751,85.005556,N,esri
,Karondhana,27.0408,78.024634,N,esri
,Karpoori Gram,25.869745,85.724954,N,esri
,Karukhirhar Nagar,25.888375,86.609457,N,esri
,Karukkutty,10.226216,76.373534,N,esri
,Karumathur Halt,9.940953,77.93376,N,esri
,Karunagappalli,9.065337,76.544558,N,esri
,Karunguzhi,12.532099,79.911524,N,esri
,Karuppatti,10.052282,77.945182,N,esri
,Karuppur,11.713647,78.091238,N,esri
,Karur Junction,10.965721,78.085234,Y,esri
,Karuvalli,11.830801,78.02796,N,esri
,Karuvatta Halt,9.316674,76.431196,N,esri
,Kasaragod,12.491467,74.987782,N,esri
,Kasganj City,27.829351,78.677246,N,esri
,Kashanatti,15.439438,74.783587,N,esri
,Kashia Bari Halt,26.381612,88.773066,N,esri
,Kashinagar Halt,18.856988,83.876274,N,esri
,Kasimpur Halt,26.256315,81.542442,N,esri
,Kastla Kasmabad Halt,28.721165,77.712629,N,esri
,Kasturibai Nagar,13.00547,80.247797,N,esri
,Kasumuru,14.3191,79.843808,N,esri
,Kata Road,20.185708,77.112291,N,esri
,Katakhal Junction,24.835539,92.62663,Y,esri
,Katar Singhwala,30.158735,74.999864,N,esri
,Katepurna,20.724117,77.260113,N,esri
,Katghar East Cabin,28.834397,78.812084,N,esri
,Katha Jori,20.450781,85.896378,N,esri
,Kathal Pukhuri,27.176722,93.970952,N,esri
,Kathalal,22.896913,72.986159,N,esri
,Kathaltali Halt,24.468131,92.246421,N,esri
,Kathghar Right Bank,28.829846,78.804458,N,esri
,Kathivakkam,13.20417,80.316681,N,esri
,Kathoun,24.770665,87.191005,N,esri
,Katihar Outer Cabin,25.56248,87.56671,N,esri
,Katihar South Cabin,25.530254,87.560273,N,esri
,Katkamasandi,24.122287,85.198666,N,esri
,Katlakunta Medipally,18.817466,78.823724,N,esri
,Katlicherra,24.468602,92.554547,N,esri
,Katol,21.263417,78.590479,N,esri
,Katosan Road,23.40608,72.24373,N,esri
,Katpadi Junction,12.97297,79.133785,Y,esri
,Katra UP,26.84418,82.204364,N,esri
,Kattalli,17.725725,77.1211,N,esri
,Kattangulattur,12.805987,80.026714,N,esri
,Kattur,10.896069,78.855507,N,esri
,Katwar Bazar,25.561991,82.43956,N,esri
,Katwara,22.805952,74.343499,N,esri
,Kaukuntla,16.538861,77.850799,N,esri
,Kaurha,27.464824,80.10158,N,esri
,Kaval Kinaru,8.279382,77.573079,N,esri
,Kavalande,12.036329,76.794619,N,esri
,Kavali,14.915632,79.988537,N,esri
,Kavanur,12.949053,78.969465,N,esri
,Kavaraippettai,13.363234,80.147664,N,esri
,Kavathe Mahankal,16.993408,74.936354,N,esri
,Kavutaram,16.328584,81.069349,N,esri
,Kawargaon,18.896762,81.533604,N,esri
,Kawnpui,23.995593,92.645381,N,esri
,Kayalpattinam,8.567924,78.100284,N,esri
,Kayamkulam Junction,9.181164,76.512152,Y,esri
,Kayar,19.906754,78.907364,N,esri
,Kayasthagram,24.716625,92.347283,N,esri
,Kazhakkuttam,8.556832,76.87268,N,esri
,Kazhuthuruthy,8.969939,77.097968,N,esri
,Kazipet E Cabin,17.983466,79.518916,N,esri
,Kazipet F Cabin,17.977633,79.5246,N,esri
,Kazipet Junction,17.974815,79.510983,Y,esri
,Keeranur,10.577849,78.785746,N,esri
,Kekatumar,20.025636,77.103378,N,esri
,Kelamangalam,12.615556,77.865311,N,esri
,Kelod,21.465478,78.886585,N,esri
,Kelzar,19.984137,79.566118,N,esri
,Kem,18.176776,75.274682,N,esri
,Kempalsad Halt,21.087266,79.26434,N,esri
,Kempegowda International Airport Halt,13.210958,77.676225,N,esri
,Kenchanala Halt,14.01765,75.284888,N,esri
,Kendri,21.104698,81.739924,N,esri
,Kendukona,26.368485,91.644782,N,esri
,Kengeri,12.917734,77.483762,N,esri
,Keoti,20.227362,81.080832,N,esri
,Kerakalamatti,16.134004,75.589317,N,esri
,Kerakat,25.64773,82.918517,N,esri
,Kerkhabari,26.281208,90.612569,N,esri
,Kesamudram,17.686322,79.896895,N,esri
,Kesavaram,16.931295,81.880589,N,esri
,Keshav Nagar Halt,29.210545,73.455715,N,esri
,Ketohalli,12.758595,77.335148,N,esri
,Kettandapatti,12.625301,78.570891,N,esri
,Ketti,11.381791,76.737622,N,esri
,Keutguda,19.304088,83.368306,N,esri
,Kevdi,21.491152,73.456175,N,esri
,Khadapa,18.982798,82.468226,N,esri
,Khaderpet,14.982986,77.542274,N,esri
,Khadki,18.56365,73.840447,N,esri
,Khadki Bazar,19.408479,77.836338,N,esri
,Khagaria Junction,25.506147,86.467193,Y,esri
,Khairatabad,17.413749,78.461245,N,esri
,Khairee Halt,22.334139,79.851758,N,esri
,Khajjidoni,16.164325,75.468033,N,esri
,Khajri,25.558847,77.616816,N,esri
,Khajuraho Junction,24.796459,79.889342,Y,esri
,Khajurhat,26.526433,82.126953,N,esri
,Khakharia,21.677266,70.878895,N,esri
,Khakhrechi Bg,23.053414,70.916537,N,esri
,Khalipur,23.881568,72.067531,N,esri
,Khambhalia,22.217658,69.65795,N,esri
,Khambhel,23.608435,72.042199,N,esri
,Khambli Ghat,25.555959,73.865939,N,esri
,Khamgaon,20.707735,76.572063,N,esri
,Khamkhed,20.903115,76.120386,N,esri
,Khammam,17.248728,80.139244,N,esri
,Khana Link Cabin,23.332453,87.743712,N,esri
,Khanalampura Marshalling Yard,29.931493,77.584917,N,esri
,Khanapur Junction,17.940648,77.393718,Y,esri
,Khandikar,26.465486,91.646028,N,esri
,Khandraoli,29.38208,77.293477,N,esri
,Khandwa Bypass Cabin,21.856146,76.350315,N,esri
,Khandwa Junction Yard,21.813436,76.354658,N,esri
,Khanja Halt,26.087431,82.720399,N,esri
,Khaparkheda  TPS Siding,21.271293,79.127385,N,esri
,Khapri,21.049336,79.047623,N,esri
,Khapri Khed,21.268614,79.118277,N,esri
,Khara,21.665136,80.203803,N,esri
,Kharahat,27.070419,94.749866,N,esri
,Kharbav,19.298302,72.984466,N,esri
,Khari,33.38774,75.140472,N,esri
,Kharia Khangar,26.612716,73.689545,N,esri
,Kharikatia,26.620922,94.262825,N,esri
,Kharkhara,28.913445,76.381534,N,esri
,Khasoli,28.271536,75.009661,N,esri
,Khat,21.24252,79.55088,N,esri
,Khat Labana,30.008545,73.848759,N,esri
,Khatima,28.915198,79.969438,N,esri
,Khatkar Kalan Jhanda Ji,31.16424,76.030284,N,esri
,Khed Temple Halt,25.860635,72.170928,N,esri
,Khera Sandhan Halt,27.230771,77.730718,N,esri
,Khervadi,20.047055,73.974675,N,esri
,Kherwa Kocha,23.363073,85.574423,N,esri
,Khilchipur,24.022049,76.559447,N,esri
,Khiri Town,27.902503,80.788688,N,esri
,Khodiyar,23.156033,72.54821,N,esri
,Khodseoni,21.155399,80.112657,N,esri
,Khoirabari,26.602764,91.811924,N,esri
,Khojipura,25.921386,76.858167,N,esri
,Khotkhoti,25.952739,93.754661,N,esri
,Khowang,27.282465,94.902582,N,esri
,Khubagaon,20.963008,78.239333,N,esri
,Khudaganj,27.191863,79.660926,N,esri
,Khudda Kurala,31.743864,75.648843,N,esri
,Khudlapur,27.099584,79.779449,N,esri
,Khumgaon Burti,20.869628,76.396197,N,esri
,Khumtai,26.624504,93.850288,N,esri
,Khundaur,26.048869,82.020469,N,esri
,Khurja Junction,28.207476,77.818404,Y,esri
,Khurrampur,25.167764,85.22172,N,esri
,Khusta Buzurg,21.195102,77.438802,N,esri
,Kilanwali,30.137289,74.115271,N,esri
,Kilikollur,8.917889,76.632615,N,esri
,Kille,11.438519,79.723233,N,esri
,Kinattukkadavu,10.828497,77.025442,N,esri
,Kings Circle,19.032689,72.856272,N,esri
,Kini,18.902677,75.196654,N,esri
,Kinkhed,20.65276,77.408333,N,esri
,Kinwat,19.618743,78.20276,N,esri
,Kirandul,18.638935,81.259996,N,esri
,Kiriharapur,26.043868,83.735399,N,esri
,Kirmiti Mendha,20.592694,79.769742,N,esri
,Kirodimalnagar,21.926974,83.332245,N,esri
,Kirtinagar,28.647014,77.145424,N,esri
,Kizha Ambur,8.750723,77.399272,N,esri
,Kizha Puliyur,8.953386,77.323017,N,esri
,Kizhakadaiyam,8.819169,77.381045,N,esri
,Kizhvelur,10.754757,79.743551,N,esri
,Kochewahi,21.788162,79.930072,N,esri
,Kochuveli,8.510234,76.897001,N,esri
,Kodaganur,14.330369,76.033607,N,esri
,Kodaikanal Road,10.178831,77.910244,N,esri
,Kodakandla,17.870338,78.759096,N,esri
,Kodambakkam,13.052184,80.230749,N,esri
,Kodavaluru,14.56482,79.994625,N,esri
,Kodi,19.702674,76.015366,N,esri
,Kodigehalli,13.063074,77.575873,N,esri
,Kodikkalpalaiyam,10.780701,79.648961,N,esri
,Kodikkarai,10.292215,79.82854,N,esri
,Kodimbala Halt,12.718061,75.480244,N,esri
,Kodogaon,26.351045,88.006569,N,esri
,Kodumudi,11.076419,77.886339,N,esri
,Kodumunda,10.817278,76.143273,N,esri
,Koduru,13.948626,79.346572,N,esri
,Kohdad,21.684738,76.364487,N,esri
,Kohir Deccan,17.609211,77.71247,N,esri
,Kohli,21.273514,78.807963,N,esri
,Koilakuntla,15.221165,78.307302,N,esri
,Koka,21.259182,79.711558,N,esri
,Kokalda,21.035534,77.335439,N,esri
,Kokrajhar,26.404616,90.272767,N,esri
,Kolai Gram,26.551581,89.050276,N,esri
,Kolakalur,16.275975,80.630116,N,esri
,Kolanalli,11.175455,77.860596,N,esri
,Kolanoor,18.496534,79.419036,N,esri
,Kolanukonda,16.448431,80.604614,N,esri
,Kolar,13.123954,78.132847,N,esri
,Kolatur,10.700394,78.547204,N,esri
,Kolavada,23.271196,72.612233,N,esri
,Kolhadi,20.900522,76.049451,N,esri
,Kolhapur SCSMT,16.702762,74.237744,N,esri
,Kollam Junction,8.886044,76.597234,Y,esri
,Kollengode,10.627315,76.698853,N,esri
,Kollidam,11.328633,79.719247,N,esri
,Kollumangudi,10.991483,79.655591,N,esri
,Kolvihir,21.255516,77.836307,N,esri
,Komakhan,20.980784,82.45668,N,esri
,Komali,14.932762,77.933013,N,esri
,Kommarapudi,14.27687,79.901829,N,esri
,Konagavalli Halt,14.026258,75.494887,N,esri
,Konanur,12.014027,76.835752,N,esri
,Kondagunta,14.080329,79.794493,N,esri
,Kondapalli,16.623174,80.547459,N,esri
,Kondapuram,14.773278,78.193512,N,esri
,Kondikoppa,15.431127,75.472068,N,esri
,Kondrapole,16.785302,79.601039,N,esri
,Konnur,16.425729,77.883639,N,esri
,Kopar Khairane,19.10388,73.011391,N,esri
,Kopar Lahar,32.051996,76.250615,N,esri
,Kopargaon,19.903492,74.503496,N,esri
,Koppal,15.353829,76.144511,N,esri
,Kora,22.112993,72.684977,N,esri
,Koradacheri,10.771415,79.490161,N,esri
,Koradih PH,21.235931,79.115959,N,esri
,Koranahalli,13.697773,75.897233,N,esri
,Koraput A Cabin BH,18.804631,82.722952,N,esri
,Koraput b Cabin BH,18.796302,82.726189,N,esri
,Korari,26.480455,80.532801,N,esri
,Koratla,18.835469,78.710386,N,esri
,Koratti Angadi,10.260507,76.356646,N,esri
,Korattur,13.113147,80.184233,N,esri
,Koravangala,13.053405,76.160062,N,esri
,Korichhapar,22.232675,83.32596,N,esri
,Korukkupet,13.119395,80.278395,N,esri
,Kosa Road,23.908225,72.085797,N,esri
,Kosadi Halt,21.46287,73.103637,N,esri
,Kosai,19.638448,78.335241,N,esri
,Koshi Block Hut Cabin,25.414315,87.229705,N,esri
,Kosigi,15.849194,77.236534,N,esri
,Kosma,27.157506,78.83869,N,esri
,Kostalpalli,15.643833,79.644865,N,esri
,Kot Fateh,30.123176,75.08265,N,esri
,Kota C Cabin,25.237796,75.87885,N,esri
,Kota South Cabin,25.198558,75.884601,N,esri
,Kota Workshop,25.231649,75.893187,N,esri
,Kota Yard,25.209729,75.88367,N,esri
,Kotakadra,16.668159,77.86974,N,esri
,Kotala,13.604785,79.285932,N,esri
,Kotapar Road,19.041234,82.307746,N,esri
,Kotdwar,29.742912,78.520929,N,esri
,Kotegangur,13.976184,75.527576,N,esri
,Koteshwar,22.083904,72.739788,N,esri
,Kotgaon Halt,20.627701,79.674867,N,esri
,Kotha Cheruvu,14.186814,77.760539,N,esri
,Kothapalli,18.510427,79.086488,N,esri
,Kotikulam,12.423523,75.02411,N,esri
,Kotipalli,16.709918,82.043904,N,esri
,Kotla,15.81126,78.037581,N,esri
,Kotlo,23.082488,85.081163,N,esri
,Kottaiyur,10.113785,78.786405,N,esri
,Kottapally,18.539863,79.403585,N,esri
,Kottapandillapalli,15.760865,80.281646,N,esri
,Kottarakara,9.000409,76.765677,N,esri
,Kottayam,9.594854,76.531487,N,esri
,Kottekad,10.81616,76.693346,N,esri
,Kottur,17.149627,78.286028,N,esri
,Kotturpuram,13.013847,80.248372,N,esri
,Kotturu,14.825514,76.212249,N,esri
,Kovilpatti,9.182038,77.872298,N,esri
,Kovvada,16.966555,82.20228,N,esri
,Kovvur,17.00777,81.728171,N,esri
,Koyilvenni,10.776483,79.366469,N,esri
,Kozhikode Main,11.24614,75.780416,N,esri
,Krishna Canal Junction,16.477713,80.60615,Y,esri
,Krishna Junction,16.410205,77.328864,Y,esri
,Krishnachandrapur,21.824836,86.821476,N,esri
,Krishnadevaraya Halt,12.958321,77.539369,N,esri
,Krishnai,26.07018,90.682337,N,esri
,Krishnamma Kona,15.503121,78.250858,N,esri
,Krishnamohan Halt,22.330139,88.450169,N,esri
,Krishnamsetty Palle,15.37297,78.88126,N,esri
,Krishnanagar Road,23.398684,88.468956,N,esri
,Krishnapatnam,14.259264,80.056485,N,esri
,Krishnapatnam Port,14.256824,80.120839,N,esri
,Krishnapuram,14.496097,78.774174,N,esri
,Krishnarajanagara,12.445394,76.388435,N,esri
,Krishnarajapuram,13.000552,77.676241,N,esri
,Krishnarajapuram Diesel Loco Shed,13.000234,77.692101,N,esri
,Krishnarajasagar,12.401042,76.567038,N,esri
,Kshetia,23.312896,87.884725,N,esri
,Kuakhera Halt,28.529038,78.76359,N,esri
,Kuberpur,27.223021,78.130919,N,esri
,Kuchavaram,17.731821,78.457303,N,esri
,Kuchman,25.319219,83.214533,N,esri
,Kuda Salt Siding,23.135675,71.39193,N,esri
,Kudachi,16.624389,74.858457,N,esri
,Kudal Nagar Depot,9.942325,78.11368,N,esri
,Kudala Sangam Road,16.30761,75.892625,N,esri
,Kudalnagar,9.946876,78.10472,N,esri
,Kudatini,15.214795,76.763286,N,esri
,Kudgi,16.517553,75.815778,N,esri
,Kudikadu,10.77611,79.241097,N,esri
,Kudumkela,22.286308,83.255552,N,esri
,Kuhi,21.006945,79.350301,N,esri
,Kuhuri,19.859964,85.352707,N,esri
,Kukkadam,16.921104,79.475642,N,esri
,Kuknoor,15.484784,75.989255,N,esri
,Kukra Khapa,21.808003,78.908863,N,esri
,Kulali,17.357638,76.470637,N,esri
,Kulashekara,12.896404,74.885985,N,esri
,Kulathur,10.572134,78.791822,N,esri
,Kulha Halt,26.36776,80.66085,N,esri
,Kulikarai,10.765628,79.584798,N,esri
,Kulitalai,10.933485,78.420924,N,esri
,Kulitturai,8.301253,77.218706,N,esri
,Kulitturai West,8.324032,77.208895,N,esri
,Kullanchavadi,11.628435,79.667464,N,esri
,Kulpi Flag,22.076527,88.255691,N,esri
,Kulti Link Cabin,23.732046,86.877949,N,esri
,Kulukkalur,10.868501,76.238965,N,esri
,Kumar Sadra,18.919888,81.685916,N,esri
,Kumaramangalam,10.696803,78.723939,N,esri
,Kumaranallur,9.617044,76.532126,N,esri
,Kumarapatnam Siding,14.524539,75.78421,N,esri
,Kumarapuram,9.103942,77.831231,N,esri
,Kumarghat,24.151029,92.035051,N,esri
,Kumarhatti Dagshai,30.889192,77.056174,N,esri
,Kumbakonam,10.953769,79.389568,N,esri
,Kumbala,12.590103,74.943609,N,esri
,Kumbalam,9.906425,76.311323,N,esri
,Kumendih,23.764042,84.364569,N,esri
,Kumhar Maranga,19.035057,81.94663,N,esri
,Kumhari,21.243669,81.515842,N,esri
,Kumsi,14.056671,75.409425,N,esri
,Kumtha Khurd,18.421196,77.008592,N,esri
,Kunda Harnamganj,25.714743,81.509194,N,esri
,Kundapura,13.613252,74.728741,N,esri
,Kundara,8.960262,76.678192,N,esri
,Kundara East,8.969534,76.691042,N,esri
,Kundarki,28.681062,78.788447,N,esri
,Kundgol,15.258896,75.250086,N,esri
,Kundli,22.278285,71.683634,N,esri
,Kunduru,16.755932,82.054269,N,esri
,Kunigal,13.016598,77.011286,N,esri
,Kunkalagunta,16.293847,79.90514,N,esri
,Kunnathur,12.36187,78.497719,N,esri
,Kunsi,16.442474,77.362252,N,esri
,Kunwarpur Chintamanpur,26.516127,84.944581,N,esri
,Kupgal,15.727132,77.219763,N,esri
,Kuppam,12.747261,78.340043,N,esri
,Kurabalakota,13.667385,78.485416,N,esri
,Kuram,20.807185,77.585314,N,esri
,Kuravappulam,10.419482,79.787353,N,esri
,Kurduwadi Junction,18.092634,75.416808,Y,esri
,Kurebhar,26.410107,82.112135,N,esri
,Kurgunta,17.191972,77.360299,N,esri
,Kurhagada,24.198811,85.285698,N,esri
,Kuri,9.034991,76.81742,N,esri
,Kuria Halt,26.461811,85.010742,N,esri
,Kurichedu,15.912592,79.572028,N,esri
,Kurinjipadi,11.572717,79.596395,N,esri
,Kurla EMU Carshed,19.074779,72.890256,N,esri
,Kurla Junction,19.065703,72.879193,Y,esri
,Kurmodanga Halt,23.745045,87.948535,N,esri
,Kurnool City,15.832718,78.032687,N,esri
,Kurud,20.849999,81.700604,N,esri
,Kurukotta,17.47604,76.895365,N,esri
,Kurumbur,8.585668,78.039487,N,esri
,Kurumurthi,16.49737,77.860799,N,esri
,Kuruppanthara,9.735062,76.510509,N,esri
,Kushal Pura,28.480746,75.767927,N,esri
,Kushalpur Harnaha Halt,25.569957,84.097414,N,esri
,Kuslamb,18.279048,75.781647,N,esri
,Kusugal,15.372211,75.228522,N,esri
,Kusumha Bihar Halt,25.101788,85.775217,N,esri
,Kusumkasa,20.644305,81.091112,N,esri
,Kuthur,10.755574,79.718145,N,esri
,Kutralam,11.069872,79.557197,N,esri
,Kuttakudi,11.620725,79.040241,N,esri
,Kuttippuram,10.845602,76.033762,N,esri
,Kyarkop,15.455187,74.955819,N,esri
,Kyatanakeri Road,17.052404,75.820552,N,esri
,Kyatsandra,13.315689,77.147745,N,esri
,Kymore Siding,24.056323,80.607446,N,esri
,Lachhipura,26.325545,74.648852,N,esri
,Lachhubigha Halt,25.367925,85.34134,N,esri
,Lachmanpur Road,23.805677,87.116041,N,esri
,Lachmipur,27.254201,83.379128,N,esri
,Lachyan,17.278713,75.97103,N,esri
,Laddivadi,11.171162,78.169262,N,esri
,Ladkhed,20.341215,77.919597,N,esri
,Laheria Sarai,26.112254,85.904673,N,esri
,Lahing,26.742334,94.438596,N,esri
,Lahoal,27.452538,94.999472,N,esri
,Laihra Khana,30.224951,75.136664,N,esri
,Laikera,21.911797,83.888093,N,esri
,Lailakh Mamalkha,25.217844,87.105163,N,esri
,Laimekuri,27.750784,95.076208,N,esri
,Lain Bazaar,26.429783,84.28118,N,esri
,Lajkura Cabin,21.809306,83.879303,N,esri
,Lakdaram,17.911531,78.827676,N,esri
,Lakdikapul,17.403867,78.463429,N,esri
,Lakhmapur,15.870786,75.627807,N,esri
,Lakhnauria,27.785819,80.129491,N,esri
,Lakho,25.416486,86.205683,N,esri
,Lakholi,21.201633,81.888698,N,esri
,Lakhpuri,20.840847,77.356165,N,esri
,Lakkad Kot,21.161323,73.618042,N,esri
,Lakkiti,10.753301,76.433937,N,esri
,Lakkora,18.7954,78.360083,N,esri
,Lakodra Dethan,21.981353,73.094949,N,esri
,Laksar North Cabin,29.767803,78.009626,N,esri
,Laksar South Cabin,29.766597,78.002809,N,esri
,Lakshminarayanapuram,16.596341,81.589767,N,esri
,Lakshmipur,23.503074,88.303166,N,esri
,Lakwa,27.00519,94.84356,N,esri
,Lal Kuan Junction,29.070798,79.517313,Y,esri
,Lalabazar,24.562174,92.610397,N,esri
,Lalaghat,24.557794,92.617933,N,esri
,Lalaguda Gate,17.440819,78.524749,N,esri
,Lalapet,10.951506,78.339244,N,esri
,Lalauri Khera,28.607779,79.745959,N,esri
,Lalbag Block Hut,24.508782,85.447714,N,esri
,Lalbagh Court Road,24.175251,88.246739,N,esri
,Lalgarh Bihar Halt,24.160894,83.973489,N,esri
,LalgopalGanj,25.642485,81.630107,N,esri
,Lalgudi,10.875545,78.814274,N,esri
,Lalit Lakshmipur,26.437897,86.157118,N,esri
,Lall Kalan,30.826875,76.100848,N,esri
,Lallaguda Loco Shed,17.437415,78.528019,N,esri
,Lalpur Chandra Halt,27.660437,80.449811,N,esri
,Lamsakhang,25.796239,93.046949,N,esri
,Langarpeth,17.083993,74.96634,N,esri
,Langcholiet,25.758806,93.304927,N,esri
,Langting,25.497705,93.110197,N,esri
,Lanjigarh Road Junction,19.944274,83.401326,Y,esri
,Lanka,25.915518,92.957613,N,esri
,Lankalakoderu,16.534,81.680877,N,esri
,Laopani,26.199368,92.594743,N,esri
,Lasina,20.399994,78.01577,N,esri
,Lasur,19.926388,75.011772,N,esri
,Latabor,20.789923,81.265493,N,esri
,Latia Cabin,22.027541,82.399885,N,esri
,Latteri,12.967101,79.066293,N,esri
,Latur,18.429564,76.556005,N,esri
,Latur Road Junction,18.506328,76.845075,Y,esri
,Laul,18.033939,75.395339,N,esri
,Lavan Satyagrah Smarak P.H.,22.114948,87.871612,N,esri
,Laxmangarh Sikar,27.833055,75.034004,N,esri
,Laxmapur,18.125101,78.3683,N,esri
,Laxmi Bai Nagar,22.74669,75.855625,N,esri
,Laxmipur Road,19.003144,83.104243,N,esri
,Layabad,23.774155,86.350494,N,esri
,Ledarmer,25.055711,72.347235,N,esri
,Ledo,27.291206,95.73843,N,esri
,Lehgaon,20.978091,77.328757,N,esri
,Lemuabad Halt,25.482553,85.778442,N,esri
,Lepetkata,27.348021,94.839331,N,esri
,Light House,13.045103,80.276717,N,esri
,Lihuri Halt,18.913447,83.849485,N,esri
,Lilabari,27.298296,94.075326,N,esri
,Liluah Sorting Yard Cabin,22.604941,88.335239,N,esri
,Limarua,22.524491,80.35002,N,esri
,Limbada,21.439531,73.038575,N,esri
,Limbgaon,19.175521,77.205887,N,esri
,Ling,20.361921,77.961455,N,esri
,Lingamguntla,16.440335,80.274581,N,esri
,Lingampalli,17.483115,78.317986,N,esri
,Lingampet - Jagityal,18.782455,78.887456,N,esri
,Lingana Bandi,15.700026,76.159696,N,esri
,Linganenidoddi,15.399184,77.703241,N,esri
,Lingiri,16.669317,77.189414,N,esri
,Lingti,19.796558,78.752221,N,esri
,Link Junction Cabin,25.382557,81.856868,N,esri
,Lodhikheda,21.577692,78.853925,N,esri
,Lohagad,20.467961,77.078943,N,esri
,Lohanda Halt,25.35287,85.279271,N,esri
,Lok Vidyapith Nagar,27.154204,83.307245,N,esri
,Loknath,22.872462,88.032473,N,esri
,Lokur,11.928365,78.174452,N,esri
,Lonand Junction,18.040898,74.189884,Y,esri
,Lonavala Yard,18.744953,73.427276,N,esri
,Longai,24.854384,92.343375,N,esri
,Longpatia,27.078481,95.092056,N,esri
,Longrangajao,25.12653,92.959296,N,esri
,Loni Yard,18.493825,74.014041,N,esri
,Lottegollahalli,13.043459,77.563124,N,esri
,Lovedale,11.384882,76.705137,N,esri
,Lower haflong,25.189079,93.02133,N,esri
,Lucknow Charbagh NR,26.831142,80.924334,N,esri
,Lucknow Yard,26.830477,80.919236,N,esri
,Lumding Junction,25.749656,93.175518,Y,esri
,Lumding South Cabin,25.756389,93.163176,N,esri
,Lunsu Halt,32.019151,76.178912,N,esri
,Lyallpur Khalsa College Halt,31.311295,75.594986,N,esri
,MGR Chennai Central,13.08307,80.275454,N,esri
,MNGT New ByePass,12.353262,76.629315,N,esri
,MS BESCO Ltd Baruipur,22.381917,88.433096,N,esri
,MS Hindustan Engineering And Industries Ltd,22.533706,88.373583,N,esri
,Maa Barahi Devi Dham,25.802208,82.041262,N,esri
,Mabbi Halt,25.748989,86.065501,N,esri
,Machapur,20.56977,85.772503,N,esri
,Machavaram,16.025792,80.541706,N,esri
,Macherla,16.470632,79.438828,N,esri
,Machhalandapur,22.856582,88.745374,N,esri
,Machhkunda Road,18.567146,82.667157,N,esri
,Machilipatnam,16.172201,81.139427,N,esri
,Machriawan,25.46309,85.295308,N,esri
,Machrowar,31.490155,75.632626,N,esri
,Madakasira,13.92783,77.280299,N,esri
,Madanapalle Road,13.644494,78.555639,N,esri
,Madanapur Halt,19.565279,78.19816,N,esri
,Madankata,24.164591,86.703991,N,esri
,Madattukulam,10.556308,77.363648,N,esri
,Maddikera,15.256421,77.412193,N,esri
,Maddur,12.60471,77.049696,N,esri
,Madduru,15.443128,78.379192,N,esri
,Madha,18.030502,75.546222,N,esri
,Madhabnagar Halt,21.93886,88.219372,N,esri
,Madhapur Road,23.232244,69.746445,N,esri
,Madhira,16.92181,80.366155,N,esri
,Madhoganj,27.121551,80.146835,N,esri
,Madhorajpur,26.628703,75.623816,N,esri
,Madhukunda,23.626981,86.869254,N,esri
,Madhura Nagar,16.525454,80.647992,N,esri
,Madhusudanpur,22.845778,88.192406,N,esri
,Madimangalam,12.597691,79.184556,N,esri
,Madukarai,10.900705,76.942899,N,esri
,Madurai East,9.90901,78.134336,N,esri
,Madurai Junction,9.921285,78.111216,Y,esri
,Madurantakam,12.504726,79.893454,N,esri
,Maganoor,16.466682,77.421044,N,esri
,Magardarra,21.965543,80.125371,N,esri
,Magnad,22.037037,72.836798,N,esri
,Magnesite Junction,11.699048,78.094492,Y,esri
,Magudanchavadi,11.551395,77.987989,N,esri
,Mahadanapuram,10.95363,78.299183,N,esri
,Mahadeokhedi Junction,24.23652,78.194642,Y,esri
,Mahadevpara,23.6814,72.950322,N,esri
,Mahadia Ph,20.756058,85.46488,N,esri
,Mahagaon,17.512364,76.927575,N,esri
,Mahalakshmi,18.996238,72.830843,N,esri
,Mahamadpur Assam,24.508503,92.59229,N,esri
,Mahananda Bridge,25.189252,88.082275,N,esri
,Maharani Pashchim,26.087102,82.288556,N,esri
,Mahasamund,21.113206,82.10413,N,esri
,Mahatbania Halt,25.548585,84.597966,N,esri
,Mahawan Khor Halt,26.974893,83.278062,N,esri
,Mahbubabad,17.597125,80.001178,N,esri
,Mahbubnagar,16.757282,77.999095,N,esri
,Mahbubnagar Town Halt,16.743043,77.982865,N,esri
,Mahe,11.697133,75.547125,N,esri
,Maheji,20.769251,75.424495,N,esri
,Mahemdavad Kheda Road,22.818889,72.752726,N,esri
,Mahendra Vadi,13.022115,79.517411,N,esri
,Mahendralal Nagar,22.643195,88.091575,N,esri
,Mahendranath Halt,26.00496,84.506213,N,esri
,Mahesh Nagar Halt,25.872685,72.728684,N,esri
,Maheshganj,23.416284,88.400668,N,esri
,Maheshkhunt,25.460724,86.641868,N,esri
,Maheshpur Halt,24.463141,85.69957,N,esri
,Mahespur,23.792369,87.832008,N,esri
,Mahgawan Halt,25.819044,82.696781,N,esri
,Mahikhand Halt,25.736516,87.011013,N,esri
,Mahimba,19.419395,78.07482,N,esri
,Mahisgaon,18.109562,75.495399,N,esri
,Mahishadahari,23.916535,87.635877,N,esri
,Mahishadal,22.176238,88.010379,N,esri
,Mahkepar Road,21.613261,79.67636,N,esri
,Mahmudpur Saraiyan Halt,27.751388,80.216391,N,esri
,Mahrauli,28.673512,77.48789,N,esri
,Mahugara,24.628093,77.242054,N,esri
,Mahuli,21.033076,79.315889,N,esri
,Mahur,25.185705,93.105136,N,esri
,Mahutgaon,26.966562,94.796077,N,esri
,Mahuva,21.094278,71.756199,N,esri
,Mai Halt,25.169161,84.987132,N,esri
,Maibang,25.304896,93.135987,N,esri
,Mailam,12.160321,79.601966,N,esri
,Mailaram,17.280215,77.809629,N,esri
,Mailongdisa,25.119637,92.918529,N,esri
,Maingal Ganj,27.717253,80.338489,N,esri
,Mainpuri Kachehri,27.224341,79.057297,N,esri
,Mairabari,26.451479,92.426177,N,esri
,Maishashan,24.822519,92.288443,N,esri
,Maivadi Road,10.563721,77.33459,N,esri
,Majbat,26.785857,92.2882,N,esri
,Majerhat,22.51916,88.321979,N,esri
,Majgaon,26.414954,90.582648,N,esri
,Majhagawan Phatak,23.873603,80.350589,N,esri
,Majhaula Halt,28.441576,78.70568,N,esri
,Majhowlia,26.801854,84.619473,N,esri
,Majri Junction,20.139335,79.042312,Y,esri
,Majri Khadan,20.1188,79.02682,N,esri
,Maju PH,22.616092,88.078733,N,esri
,Makalidurga,13.409979,77.50979,N,esri
,Makarwadi Halt,26.534369,74.657072,N,esri
,Makhi,26.642442,80.469839,N,esri
,Makkajipalli,14.195892,77.62836,N,esri
,Makkapeta,16.912722,80.189374,N,esri
,Makthal,16.529674,77.518935,N,esri
,Makudan Virapandi Block Hut,11.580264,78.037722,N,esri
,Makudi,19.537391,79.478752,N,esri
,Makum Junction,27.487014,95.437601,Y,esri
,Mal Mohari,31.426864,74.959804,N,esri
,Malad Gaon,18.373469,74.592569,N,esri
,Malakavemula,14.270278,78.05381,N,esri
,Malakpet,17.3756,78.494723,N,esri
,Malataj,22.596009,72.735269,N,esri
,Malavi,14.993004,76.203253,N,esri
,Malbazar,26.865958,88.737457,N,esri
,Malegaon Vyenku,21.370496,78.965759,N,esri
,Malikpeth,17.876403,75.634917,N,esri
,Malikpur,27.156556,79.692942,N,esri
,Malipur,26.281303,82.630699,N,esri
,Maliya Miyana A Cabin,23.086789,70.789016,N,esri
,Maliyamiyana,23.087325,70.752882,N,esri
,Malkajgiri Junction,17.448346,78.528982,Y,esri
,Malkapur,20.89239,76.203856,N,esri
,Malkapuram,15.368975,77.967645,N,esri
,Malkera,23.779819,86.29721,N,esri
,Malkhaid Road,17.147344,77.174341,N,esri
,Malkhed,20.822219,77.865009,N,esri
,Mallankinar,9.577183,78.029409,N,esri
,Mallannagar,28.070952,79.16693,N,esri
,Mallappa Gate,15.223608,77.386977,N,esri
,Mallapur,15.672492,75.610739,N,esri
,Mallasandra,13.335006,77.015504,N,esri
,Mallavaram,17.185249,82.319621,N,esri
,Mallawan,27.038563,80.157967,N,esri
,Mallemadugu,17.324827,80.160509,N,esri
,Malleswaram,13.001555,77.563163,N,esri
,Mallial Nukapalli,18.705848,78.920148,N,esri
,Malliyala,15.397231,77.776551,N,esri
,Malliyam,11.078935,79.595695,N,esri
,Mallur,11.554129,78.134776,N,esri
,Malpura,26.295576,75.389703,N,esri
,Malsailu,19.867743,77.122891,N,esri
,Maltekdi,19.168353,77.335219,N,esri
,Malugur,13.891588,77.541616,N,esri
,Maluka,22.18802,85.660084,N,esri
,Malur,12.992851,77.938717,N,esri
,Maman,28.332812,77.861352,N,esri
,Mamanduru,13.744731,79.461062,N,esri
,Mambalam,13.038698,80.2279,N,esri
,Mambalappattu,11.952412,79.373936,N,esri
,Mamdapur,17.380087,78.982569,N,esri
,Mamidipalli,18.745996,78.192324,N,esri
,Mana,20.761619,77.468973,N,esri
,Manali Halt,10.57875,79.641068,N,esri
,Manamadurai East,9.697649,78.453844,N,esri
,Manamadurai Junction,9.682722,78.453816,Y,esri
,Mananpur,25.07333,86.173118,N,esri
,Manaparai,10.607331,78.417992,N,esri
,Manatu,23.896913,84.939636,N,esri
,Manavasi,10.934423,78.222516,N,esri
,Manavur,13.096691,79.801387,N,esri
,Manchili,16.66316,81.614071,N,esri
,Manchiryal,18.87916,79.44911,N,esri
,Mandagere,12.729883,76.378503,N,esri
,Mandal Garh,25.194207,75.081188,N,esri
,Mandamari,18.970174,79.469811,N,esri
,Mandan Mishra Halt,26.214172,86.184834,N,esri
,Mandapadu,16.388506,80.31999,N,esri
,Mandapam,9.28084,79.157341,N,esri
,Mandapam Camp,9.281485,79.137541,N,esri
,Mandar Vidyapith Halt,24.834044,87.020065,N,esri
,Mandavalli,16.51858,81.161046,N,esri
,Mandaveli,13.027432,80.260307,N,esri
,Mandawali Chander Vihar,28.629456,77.288446,N,esri
,Manderdisa Junction,25.719851,93.127637,Y,esri
,Mandhar,21.337514,81.704396,N,esri
,Mandir Hasaud,21.22617,81.773794,N,esri
,Mandu Halt,23.806444,85.472695,N,esri
,Mandura,20.776127,77.514202,N,esri
,Mandurai,10.873065,78.785555,N,esri
,Mandwa,21.515897,76.391803,N,esri
,Mandya,12.528986,76.896831,N,esri
,Maneswar,21.410797,84.043859,N,esri
,Mangalagiri,16.437504,80.564541,N,esri
,Mangalampeta,13.566741,79.073379,N,esri
,Mangaluru Central,12.861612,74.843268,N,esri
,Mangaluru Junction,12.86598,74.878629,Y,esri
,Mangampet Road,14.054836,79.302553,N,esri
,Manganallur,11.025209,79.649814,N,esri
,Mangapatnam,14.736076,78.260531,N,esri
,Mangarpatti Halt,26.372046,86.112937,N,esri
,Mangli Halt,20.669101,79.645394,N,esri
,Mangrolla,21.154579,73.195322,N,esri
,Mangudi,10.722649,79.628071,N,esri
,Manguli Chowdwar PH,20.526434,85.93712,N,esri
,Mani Halt,25.165699,84.22225,N,esri
,Manik Chauree Halt,21.004977,81.783552,N,esri
,Manikalan Halt,25.922375,82.691477,N,esri
,Manikgarh,19.787797,79.398523,N,esri
,Manikgarh Bye Pass I,19.769085,79.42395,N,esri
,Manikgarh Bye Pass II,19.774687,79.405336,N,esri
,Manikpura Halt,26.936635,78.390452,N,esri
,Manipur Bagan,24.408484,92.541782,N,esri
,Manipuram Cabin,16.299315,80.459943,N,esri
,Manjattidal,10.792624,78.73171,N,esri
,Manjeshwar,12.724904,74.887473,N,esri
,Manjhauligram Halt,25.478576,85.419917,N,esri
,Manjhlepur,25.969167,81.217648,N,esri
,Mankara,10.771947,76.500301,N,esri
,Manmad B Cabin,20.251587,74.444424,N,esri
,Manmad Junction,20.25078,74.439247,Y,esri
,Mannampandal,11.09935,79.689342,N,esri
,Mannanur,10.749249,76.323997,N,esri
,Mannargudi,10.675232,79.455445,N,esri
,Manoharabad,17.755821,78.454398,N,esri
,Manopad,15.993544,77.942224,N,esri
,Manpur Nagaria,27.909369,78.821921,N,esri
,Mansingh Ka Pura Halt,26.808987,78.77731,N,esri
,Mantapampalle,14.321702,79.080133,N,esri
,Mantatti,17.227411,77.509613,N,esri
,Mantralayam Road,15.944304,77.298225,N,esri
,Manu,23.987818,91.998659,N,esri
,Manu Bazar,23.061924,91.646031,N,esri
,Manubolu,14.226271,79.877088,N,esri
,Manuguru,17.898443,80.811632,N,esri
,Manwala Kot Bakhtu,30.045693,74.951274,N,esri
,Manwath Road,19.358697,76.534922,N,esri
,Manyamkonda,16.683329,77.905991,N,esri
,Manzurgarhi,27.95766,78.100892,N,esri
,Marahra,27.747256,78.555714,N,esri
,Maraimalai Nagar,12.796938,80.019957,N,esri
,Maralahalli,12.987348,78.124452,N,esri
,Marampalli,16.843798,81.633621,N,esri
,Maranayakanahalli,12.718512,77.763893,N,esri
,Marandahalli,12.388936,78.01725,N,esri
,Mararikkulam,9.597707,76.317888,N,esri
,Marauda,21.159439,81.359814,N,esri
,Margherita,27.289423,95.672789,N,esri
,Mariammankovil,10.773934,79.198968,N,esri
,Mariani Junction,26.653187,94.309588,Y,esri
,Marichethal,16.109783,77.309384,N,esri
,Marikal,16.595209,77.728628,N,esri
,Marikuppam,12.91856,78.263785,N,esri
,Mariyala Gangwadi,11.953244,76.903288,N,esri
,Mariyammanahalli,15.157932,76.360206,N,esri
,Marjadwa,27.04286,84.607464,N,esri
,Markahandi Udadon,22.049132,79.181086,N,esri
,Markapur Road,15.715259,79.30366,N,esri
,Marmagoa Harbour,15.413834,73.795428,N,esri
,Maroda,20.092724,79.660932,N,esri
,Marpalli,17.545768,77.771816,N,esri
,Marripalem PH,17.736319,83.253416,N,esri
,Marsul,19.234374,77.099324,N,esri
,Martur,17.199721,76.902241,N,esri
,Marudalam,12.998509,79.40009,N,esri
,Marudur,10.915095,78.450667,N,esri
,Marugutti,17.639847,77.057453,N,esri
,Marwar Chhapri,26.77999,73.908908,N,esri
,Marwar Lohawat,26.981983,72.589542,N,esri
,Marwar Mathanya,26.533757,72.978147,N,esri
,Masagram,23.135047,88.04284,N,esri
,Masarahalli,13.810097,75.730811,N,esri
,Masaudhi Court Halt,25.364,85.043182,N,esri
,Mashrakh Junction,26.100121,84.809211,Y,esri
,Matalkunta,17.772179,77.56052,N,esri
,Matania Anantpur,22.636186,88.886285,N,esri
,Mathabhanga,26.364166,89.199443,N,esri
,Mathur,11.318532,79.206048,N,esri
,Mathura Cantt,27.491276,77.685293,N,esri
,Mathurapur,24.375525,86.630805,N,esri
,Mathurapur Mor Halt,29.656758,78.418405,N,esri
,Mathurapur Road,22.140554,88.390911,N,esri
,Matia Barghat Halt,26.946564,83.746585,N,esri
,Matigara,26.717797,88.38463,N,esri
,Matmari,16.046422,77.30254,N,esri
,Matradham Halt,22.047914,79.451372,N,esri
,Mattampalle,16.782739,79.856263,N,esri
,Mattancheri Halt,9.936433,76.277719,N,esri
,Matyakheri Halt,24.313441,74.950207,N,esri
,Mau Aimma,25.698078,81.913402,N,esri
,Mauj,18.967177,75.882694,N,esri
,Mauli,31.167415,75.770392,N,esri
,Mauli Halt,31.180968,75.769356,N,esri
,Maurigram,22.580194,88.256083,N,esri
,Mavelikara,9.239734,76.545867,N,esri
,Mavelipalaiyam,11.48268,77.899925,N,esri
,Mavinkere,12.844854,76.173519,N,esri
,Mavur Road,10.690092,79.628762,N,esri
,Mayakonda,14.277994,76.086968,N,esri
,Mayanoor,10.955061,78.236802,N,esri
,Mayiladuturai Junction,11.094767,79.628217,Y,esri
,Maynaguri Road,26.526908,88.799847,N,esri
,Mayuram Town,11.091055,79.65555,N,esri
,Mayyanad,8.837982,76.647682,N,esri
,Mazgaon Cabin,18.970721,72.833663,N,esri
,Mazhama Rajwansher,34.107026,74.623056,N,esri
,Mecheri Road,11.80488,77.922133,N,esri
,Medak,18.060937,78.282354,N,esri
,Medapadu,17.005316,82.096828,N,esri
,Medchal,17.639958,78.47533,N,esri
,Medinipur (Midnapore),22.424769,87.307882,N,esri
,Meerut Cantt,29.016294,77.686933,N,esri
,Megh Raj Pura,32.069053,76.081257,N,esri
,Meghnagar,22.907633,74.539918,N,esri
,Meham,28.981668,76.258414,N,esri
,Mehgaon,24.003661,80.512634,N,esri
,Mehuwala Halt,29.415499,75.310561,N,esri
,Mejia Thermal Power Station Siding,23.474627,87.122453,N,esri
,Mekkudi,10.870993,78.62858,N,esri
,Melakkonnakkulam,9.732337,78.466347,N,esri
,Melalathur,12.917844,78.875213,N,esri
,Melamarudur,10.456208,79.681064,N,esri
,Melappalaiyam,8.704585,77.70018,N,esri
,Melattur,11.065171,76.272974,N,esri
,Meleng,26.679358,94.356842,N,esri
,Mellacheruvu,16.812869,79.929343,N,esri
,Melli,27.091435,88.462628,N,esri
,Melmarudur,8.910884,78.117392,N,esri
,Melmaruvathur,12.428586,79.833017,N,esri
,Melnariyapanur,11.615797,78.814688,N,esri
,Melpakkam Cabin,13.079354,79.643086,N,esri
,Melpattam Bakkam,11.785426,79.624125,N,esri
,Melpatti,12.858257,78.795193,N,esri
,Mendi Pathar,25.915144,90.633926,N,esri
,Mengujuma,25.753327,93.986415,N,esri
,Meppuliyur,11.649745,79.309995,N,esri
,Merpanaikkadu,10.256965,79.141464,N,esri
,Meswan,21.266741,70.262095,N,esri
,Metelli,26.940754,88.808396,N,esri
,Methi Tikur,26.691219,80.428622,N,esri
,Metpally,18.854434,78.638136,N,esri
,Metpanjra,21.272908,78.675292,N,esri
,Mettupalayam,11.298855,76.935542,N,esri
,Mettur,8.874454,77.36979,N,esri
,Mettur Dam,11.804995,77.823026,N,esri
,Mettur Thermal Power Plant Siding,11.77923,77.817473,N,esri
,Mewa Nawada,29.1181,78.612837,N,esri
,Mewa Nawada Block Hut,29.155988,78.597854,N,esri
,Mezenga,26.886211,94.688988,N,esri
,Mhasavad,20.870736,75.45873,N,esri
,Mhasoba Dongargaon,17.278325,75.1439,N,esri
,Migrendisa,25.175091,93.065922,N,esri
,Milakpur Halt,27.993317,79.714343,N,esri
,Milavittan,8.811252,78.087957,N,esri
,Minambakkam,12.984761,80.175264,N,esri
,Minatchipuram,10.6314,76.867368,N,esri
,Minchnal,16.970891,75.821755,N,esri
,Mindala,20.535709,79.714988,N,esri
,Minjur,13.281776,80.25985,N,esri
,Minnampalli,11.670925,78.285186,N,esri
,Mira Bigha Halt,25.130714,84.987813,N,esri
,Miraj Junction Yard,16.828745,74.634373,N,esri
,Mirkhal,19.203767,76.915831,N,esri
,Miryalaguda,16.860487,79.533616,N,esri
,Mirza,26.072974,91.518141,N,esri
,Mirza Cheuki,25.259063,87.496636,N,esri
,Mirzapalli,18.017637,78.415786,N,esri
,Mirzapur,25.135013,82.569127,N,esri
,Mirzapur Bachhaud,28.073563,76.190606,N,esri
,Mitewani,21.421974,79.713849,N,esri
,Mithai,25.906654,86.725173,N,esri
,Mithila Deep,26.236923,86.312564,N,esri
,Moabund,26.668793,94.072525,N,esri
,Mochia,24.969226,88.215502,N,esri
,Modelgram,30.89184,75.836422,N,esri
,Modinagar,28.828657,77.572276,N,esri
,Modnimb,17.915907,75.405044,N,esri
,Modukuru,16.124122,80.582788,N,esri
,Mohadara,20.960905,79.346222,N,esri
,Mohadi Pragane Laling,20.862948,74.779459,N,esri
,Mohalboni,23.686956,86.408156,N,esri
,Mohamadpur,24.868278,85.417983,N,esri
,Mohammad Ganj,24.426737,83.870455,N,esri
,Mohammadkhera,23.383748,76.664896,N,esri
,Mohana Haryana,29.043136,76.855408,N,esri
,Mohanpur Junction,24.489281,86.785958,Y,esri
,Mohanur,11.068982,78.13974,N,esri
,Mohapani Mal,21.751476,78.928933,N,esri
,Mohini Mandal,26.680804,85.386215,N,esri
,Mohisila,23.664048,86.975536,N,esri
,Mohkhuti,27.105754,94.806627,N,esri
,Mohol,17.804633,75.676165,N,esri
,Moinarband,24.853896,92.834053,N,esri
,Mokama,25.392217,85.91419,N,esri
,Mokar Halt,25.003032,84.032309,N,esri
,Mokhasa Kalavapudi,16.496223,81.13142,N,esri
,Mokhra Madina,28.908211,76.425021,N,esri
,Molagavalli,15.35741,77.372356,N,esri
,Molakalmuru,14.70965,76.746316,N,esri
,Molakarampatti,12.460918,78.53782,N,esri
,Molvom,25.741005,93.852737,N,esri
,Monabari,26.801329,93.251679,N,esri
,Monacherra,24.611785,92.550167,N,esri
,Monglajhora,26.250048,89.953194,N,esri
,Monkey Hill Cabin,18.783099,73.366188,N,esri
,Moorthipalayam,11.021094,78.022993,N,esri
,Moradabad West Cabin,28.847137,78.750689,N,esri
,Morampudi,16.349544,80.621178,N,esri
,Moran,27.146831,94.88838,N,esri
,Moranhat,27.182911,94.919327,N,esri
,Morappur,12.12584,78.394776,N,esri
,Mordad Tanda,20.679069,74.916586,N,esri
,Mordar,21.742681,76.44967,N,esri
,Moridhal,27.539264,94.594645,N,esri
,Morinda Jn Cabin,30.778203,76.509699,N,esri
,Morshi,21.326612,77.996225,N,esri
,Morthad,18.820453,78.453023,N,esri
,Mosur,13.084918,79.712149,N,esri
,Mota Surka,21.724399,71.920309,N,esri
,Mothala Halt,23.198655,69.138779,N,esri
,Motijheel,26.246877,78.145095,N,esri
,Motumari,16.956066,80.320804,N,esri
,Moturu,16.440461,81.051411,N,esri
,Moula Ali,17.441485,78.551336,N,esri
,Moula Ali C Cabin,17.44826,78.546774,N,esri
,Mowad,21.456227,78.451958,N,esri
,Ms Dhamra Port Company Limited Siding,20.818629,86.94831,N,esri
,Mualkhang,23.901378,92.663889,N,esri
,Muazzampur Narayan Junction,29.583375,78.222698,Y,esri
,Muddalinganahalli Halt,13.242821,77.294758,N,esri
,Muddanuru,14.689017,78.397087,N,esri
,Mudigubba,14.348819,77.996035,N,esri
,Mudkhed Junction,19.14817,77.508962,Y,esri
,Mudlana,29.212121,76.757521,N,esri
,Mududi,13.204313,76.274363,N,esri
,Mugad,15.447642,74.904979,N,esri
,Mugaiyur,11.97768,79.302747,N,esri
,Mugalalli Halt,16.224325,75.75257,N,esri
,Mugat,19.174843,77.426912,N,esri
,Mughal Sarai Marshalling Yard,25.296513,83.155948,N,esri
,Mughal Sarai Outer Cabin,25.298731,83.159965,N,esri
,Mukhasaparur,11.59685,79.137298,N,esri
,Mukkali,11.668264,75.559976,N,esri
,Muktaposi,20.940207,85.422743,N,esri
,Mukteswar PH,19.91829,85.437047,N,esri
,Mukundarayapuram,12.977891,79.289605,N,esri
,Mukundwadi Halt,19.859415,75.367536,N,esri
,Mukutban,19.805866,78.857,N,esri
,Mul Marora,20.053851,79.658867,N,esri
,Mulakala Cheruvu,13.801735,78.264925,N,esri
,Mulangunnathukavu,10.595766,76.207646,N,esri
,Mulanturutti,9.897704,76.390653,N,esri
,Mulanur,12.662592,78.406827,N,esri
,Mulewal Khaihra Halt,31.103522,75.300162,N,esri
,Mulki,13.06889,74.805272,N,esri
,Mullurkara,10.706105,76.271768,N,esri
,Mulund Depot,19.161053,72.950664,N,esri
,Mulvad,16.620677,75.74695,N,esri
,Mumbai Central EMU Carshed,18.976977,72.820313,N,esri
,Mundaka Kanni Amman Koil,13.040609,80.269953,N,esri
,Mundhewadi,17.742016,75.706302,N,esri
,Mundikota,21.373028,79.835165,N,esri
,Mundiyampakkam,11.995333,79.511655,N,esri
,Mundra Port,22.743039,69.705075,N,esri
,Mundra Port Terminal,22.783007,69.676333,N,esri
,Mungiakami,23.885061,91.712419,N,esri
,Mungilipattu,13.556422,79.241251,N,esri
,Munirabad,15.308077,76.336299,N,esri
,Munroturuttu,8.994539,76.611554,N,esri
,Munsirhat PH,22.648788,88.095191,N,esri
,Munumaka,16.189957,79.980846,N,esri
,Mupa,25.373589,93.122989,N,esri
,Muradnagar,28.759707,77.507376,N,esri
,Muradpur Halt,26.233369,83.517093,N,esri
,Muragacha,23.529781,88.421204,N,esri
,Muraitha Halt,26.361412,85.794251,N,esri
,Murhari Halt,25.345997,85.534059,N,esri
,Murhipar,21.183247,81.148952,N,esri
,Murkongselek,27.828903,95.219043,N,esri
,Mursan,27.57412,77.935652,N,esri
,Murshidabad,24.176861,88.281622,N,esri
,Murtajapur Town,20.734885,77.364963,N,esri
,Murti,18.690553,76.586133,N,esri
,Murtizapur Junction,20.736176,77.355092,Y,esri
,Murud,18.380313,76.251083,N,esri
,Murukkampuzha,8.613201,76.830514,N,esri
,Musharwa Halt,27.052088,84.487312,N,esri
,Musra,21.15378,80.878547,N,esri
,Mustabada,16.547233,80.732677,N,esri
,Mustaphachak,23.131872,88.024189,N,esri
,Muthalamada,10.627892,76.773131,N,esri
,Muthirevula Halt,13.277092,79.118476,N,esri
,Muttampatti,11.984027,78.15343,N,esri
,Muttarasanallur,10.86638,78.648662,N,esri
,Mutupet,10.402701,79.498809,N,esri
,Mysore New Goods Terminal,12.342892,76.64243,Y,esri
,Mysuru Junction,12.315979,76.645229,Y,esri
,NPA Shivram Pally,17.323089,78.437058,N,esri
,NTPC Farakka Siding,24.772449,87.88576,N,esri
,NTPC Khargone,22.061093,75.86916,N,esri
,Na Nadi,27.429281,94.368978,N,esri
,Naba Raynagar Halt,23.148721,88.603621,N,esri
,Nabagram Kankurhati,23.660815,88.101197,N,esri
,Nacharam,17.832498,78.525515,N,esri
,Nachinda P.H.,21.873899,87.752113,N,esri
,Nadaon Halt,25.567107,84.01906,N,esri
,Nadapuram Road,11.639533,75.575401,N,esri
,Nadgam,22.775767,72.913075,N,esri
,Nadiapur,24.389093,92.211715,N,esri
,Nadigam,34.069219,74.661171,N,esri
,Nadikude Junction,16.590858,79.724564,Y,esri
,Nagalapalli,17.460227,78.23006,N,esri
,Nagalwancha,17.075571,80.228324,N,esri
,Nagamalai West Halt,9.931202,78.038676,N,esri
,Naganahalli,12.380027,76.650277,N,esri
,Nagansur,17.428963,76.182971,N,esri
,Nagaon,26.34807,92.697858,N,esri
,Nagapattinam Beach,10.763467,79.848919,N,esri
,Nagappattinam Junction,10.759694,79.845686,Y,esri
,Nagapur,18.886976,76.446113,N,esri
,Nagardevla,20.60313,75.198557,N,esri
,Nagari,13.306875,79.579611,N,esri
,Nagarjuna Nagar Halt,16.373373,80.508966,N,esri
,Nagarsol,20.101334,74.542943,N,esri
,Nagarur,15.542876,77.313618,N,esri
,Nagasamudram,14.321924,77.643353,N,esri
,Nagavangala,13.664585,75.991592,N,esri
,Nagbhir Junction,20.579928,79.700917,Y,esri
,Nagercoil Junction,8.174599,77.44399,Y,esri
,Nagercoil Town,8.199706,77.420188,N,esri
,Nageshwadi Halt,18.46001,76.916854,N,esri
,Naginimora,26.812995,94.807591,N,esri
,Nagireddipalli,17.42372,78.940515,N,esri
,Naglatula,26.924104,77.420822,N,esri
,Naglavi,15.459567,74.875959,N,esri
,Nagnath Cabin,18.827078,73.363788,N,esri
,Nagod,24.584732,80.583403,N,esri
,Nagore,10.820007,79.845916,N,esri
,Nagpur C Cabin,21.158569,79.08988,N,esri
,Nagpur Junction,21.152284,79.088243,Y,esri
,Nagra Dham PH,21.493768,80.198858,N,esri
,Nagradham PH,21.498338,80.19931,N,esri
,Nagri,20.406898,78.890019,N,esri
,Nagrigram Halt,25.345695,84.459251,N,esri
,Nagsankar,26.763221,92.979282,N,esri
,Naharkatiya,27.289518,95.329755,N,esri
,Naharlagun,27.130995,93.70944,N,esri
,Nahiyer,21.961428,72.873825,N,esri
,Naihati South Cabin,22.884649,88.416762,N,esri
,Naik Dih,25.831089,83.451521,N,esri
,Naika Road Halt,25.450784,85.292361,N,esri
,Naikot,27.340929,83.389382,N,esri
,Nailalung,25.772704,93.386155,N,esri
,Naimisharanya,27.357628,80.484117,N,esri
,Nakachari,26.707768,94.393888,N,esri
,Nakati Semra,19.061999,82.074107,N,esri
,Nakkanadoddi,15.165841,77.479757,N,esri
,Nal Halt,28.038113,73.216549,N,esri
,Nalbari,26.450713,91.439076,N,esri
,Nalgonda,17.060663,79.283189,N,esri
,Nalkata,24.062694,92.000897,N,esri
,Nallacheruvu,14.020892,78.177769,N,esri
,Nallacheruvu East,13.988056,78.185526,N,esri
,Nallapadu Junction,16.307792,80.397039,Y,esri
,Nalli,9.270353,77.922826,N,esri
,Nalwar,16.936096,77.019422,N,esri
,Namakkal,11.226046,78.179163,N,esri
,Namanasamudram,10.325805,78.776505,N,esri
,Namburu,16.358521,80.496234,N,esri
,Namkom,23.351678,85.376476,N,esri
,Namrup,27.196778,95.314487,N,esri
,Namti Ali,26.85549,94.627484,N,esri
,Nancherla,15.256156,77.369454,N,esri
,Nandagaon Halli Halt,17.785259,77.185681,N,esri
,Nandaigajan PH,22.404254,87.833541,N,esri
,Nandaigram Halt,23.307205,88.315157,N,esri
,Nandakumar P.H.,22.19064,87.927675,N,esri
,Nandalur,14.272199,79.104168,N,esri
,Nandani Lagunia,25.625338,85.631215,N,esri
,Nandanpur Kerarpara Halt,26.412055,88.759466,N,esri
,Nandapur,19.594276,77.237315,N,esri
,Nandarkha,21.783297,72.690892,N,esri
,Nandgaon Yard Cabin,20.314526,74.66598,N,esri
,Nandi Halt,13.376874,77.710973,N,esri
,Nandiambakkam,13.268517,80.276153,N,esri
,Nandihalli,15.103325,76.581623,N,esri
,Nandikoor,13.132661,74.806046,N,esri
,Nandipalli,15.452852,78.533868,N,esri
,Nandlalee Halt,25.928264,86.593469,N,esri
,Nandol Dehegam,23.173455,72.816208,N,esri
,Nandura,20.838601,76.460251,N,esri
,Nandyal Junction,15.469551,78.470663,Y,esri
,Nangal Digrota,28.36788,76.067266,N,esri
,Nangal Pathani Halt,28.365047,76.497047,N,esri
,Nanguneri,8.490101,77.663212,N,esri
,Nani Baral,23.055818,70.695773,N,esri
,Nanjangud Town,12.12255,76.683414,N,esri
,Nannilam,10.886609,79.650923,N,esri
,Nanwara,24.034958,80.565917,N,esri
,Naojan,26.121095,93.842533,N,esri
,Naojan Ramanal,29.964108,74.961239,N,esri
,Nar,22.470332,72.726643,N,esri
,Nara Halt,29.390012,76.75791,N,esri
,Naraikkinar,8.862384,77.841696,N,esri
,Naraj Marthapur,20.459707,85.780538,N,esri
,Narangi,26.182114,91.833346,N,esri
,Narasambudhi,12.075724,76.749333,N,esri
,Narasapur,16.445489,81.699533,N,esri
,Narasapurapupeta,16.865675,82.084301,N,esri
,Narasaraopet,16.229871,80.040007,N,esri
,Narasimhapura,19.365865,84.918552,N,esri
,Narasingampet,11.034718,79.511172,N,esri
,Narasinghgarh,20.819431,83.78373,N,esri
,Narayanappavalasa Halt,18.548328,83.302149,N,esri
,Narayanapuram,14.128749,77.695913,N,esri
,Narayandoho,19.021435,74.80102,N,esri
,Narayanpur Murli Halt,26.302124,86.794121,N,esri
,Narboli,16.980878,76.918562,N,esri
,Nardana,21.177987,74.828278,N,esri
,Narela,28.846488,77.085604,N,esri
,Narendrapur Halt,22.454065,88.418289,N,esri
,Nari Road,21.758399,72.080607,N,esri
,Narikkudi,9.592706,78.300037,N,esri
,Narimogaru,12.745799,75.292081,N,esri
,Narkatia Bazar Halt,26.486076,84.383544,N,esri
,Narkatiaganj Junction,27.104879,84.463388,Y,esri
,Narkeldanga Coaching Yard,22.573442,88.381087,N,esri
,Narketpalli,17.20024,79.179228,N,esri
,Narkher Junction,21.469885,78.525447,Y,esri
,Narmadapuram,22.752915,77.717215,N,esri
,Narsinghgarh,23.705132,77.063068,N,esri
,Narthamalai,10.517673,78.788369,N,esri
,Nashipur Road,24.215454,88.274472,N,esri
,Nashkal,17.886903,79.414432,N,esri
,Nasirpur Halt,28.602819,77.107296,N,esri
,Natesar Junction,24.964381,85.271908,Y,esri
,Nath Ganj,24.54664,85.379244,N,esri
,Nathapettai,12.823702,79.755844,N,esri
,Nature Cure Hospital,17.44569,78.452193,N,esri
,Naugachia,25.385033,87.093587,N,esri
,Naugaon,26.134344,78.129165,N,esri
,Navabpalem,16.831448,81.605431,N,esri
,Navalgaon,19.798534,77.123092,N,esri
,Navalgund Road,15.435207,75.354619,N,esri
,Navalur,15.415207,75.056278,N,esri
,Navanagara,16.153445,75.688988,N,esri
,Navipet,18.766286,78.016834,N,esri
,Nawadgi,17.547162,76.959127,N,esri
,Nawal Sahi Halt,24.4278,85.765912,N,esri
,Nawandgi,17.216313,77.427015,N,esri
,Nawapatra,24.316086,86.646788,N,esri
,Naya Raipur,21.218198,81.801746,N,esri
,Nayabhagirathipur PH,20.781632,85.385858,N,esri
,Nayadupeta,13.908127,79.90133,N,esri
,Nayagaon Pura Kumara,24.180454,76.49517,N,esri
,Nayandahalli,12.941295,77.521184,N,esri
,Nayarhat,26.430789,89.130135,N,esri
,Nayatola,25.561977,87.603006,N,esri
,Naydongri,20.349281,74.837487,N,esri
,Nazareth,8.564312,77.976096,N,esri
,NazirGanj,25.724047,85.806885,N,esri
,Nazira,26.903377,94.722476,N,esri
,Necklace Road,17.423711,78.462982,N,esri
,Nedi Mollyanur,12.129347,79.568293,N,esri
,Nekarikallu,16.353982,79.919354,N,esri
,Nekonda,17.794976,79.804465,N,esri
,Nekpur,25.001154,85.35086,N,esri
,Nelamangala,13.112211,77.392587,N,esri
,Nellayi,10.392033,76.275629,N,esri
,Nellikuppam,11.773707,79.669886,N,esri
,Nellore,14.461837,79.989487,N,esri
,Nellore South,14.444242,79.983307,N,esri
,Nema Halt,25.409279,85.072452,N,esri
,Nemakallu,15.292623,77.372443,N,esri
,Nemilicherry Halt,13.121505,80.045051,N,esri
,Nemom,8.454025,77.010529,N,esri
,Nemua Halt,26.257017,86.384104,N,esri
,Neoli,18.38743,76.310915,N,esri
,Neora Naddi,26.742706,88.746059,N,esri
,Nepanagar,21.464006,76.396842,N,esri
,Nepura,25.221718,85.608088,N,esri
,Neral Junction NG,19.026996,73.318478,N,esri
,Neralakatte Halt,12.816765,75.127202,N,esri
,Nethravathi Cabin,12.84477,74.855932,N,esri
,Netrang,21.640007,73.361504,N,esri
,Neuri Halt,26.001214,86.192086,N,esri
,New Alipur Kolkata,22.510619,88.33529,N,esri
,New Amravati,20.903086,77.732888,N,esri
,New Aryankavu,8.95516,77.134582,N,esri
,New Ashti,18.837823,75.181977,N,esri
,New Bongaigaon Junction,26.475804,90.535371,Y,esri
,New Bongaigaon Yard,26.471965,90.515333,N,esri
,New Cooch Behar,26.352912,89.468997,N,esri
,New Dhanora,18.91546,75.008995,N,esri
,New Farakka B Cabin,24.781013,87.915799,N,esri
,New Farakka N Cabin,24.799069,87.917742,N,esri
,New Ghaziabad,28.674449,77.43791,N,esri
,New Gumandev,21.703343,73.13655,N,esri
,New Guntur,16.310002,80.45703,N,esri
,New Guwahati,26.18201,91.787189,N,esri
,New Haflong,25.148082,93.031921,N,esri
,New Harangajao,25.112619,92.868036,N,esri
,New Kaithal Halt,29.797143,76.410178,N,esri
,New Karimganj Junction,24.843138,92.394742,Y,esri
,New Kusmunda Cabin,22.346253,82.670067,N,esri
,New Loni,18.946503,74.865666,N,esri
,New Missamari,26.810828,92.577515,N,esri
,New Nawadih,24.556531,86.705618,N,esri
,New Pandhar Pav,19.759822,79.302428,N,esri
,New Piduguralla Jn,16.473951,79.924587,Y,esri
,New Runnisaidpur Halt,26.386696,85.516498,N,esri
,New Silchar,24.847962,92.771868,N,esri
,New Sisiborgaon,27.533794,94.684759,N,esri
,New Tinsukia Junction,27.480038,95.335126,Y,esri
,New West Cabin,25.273384,83.108881,N,esri
,Neyamatpur,24.939751,84.988068,N,esri
,Neykkarapatti,11.613241,78.097289,N,esri
,Neyveli,11.539701,79.477045,N,esri
,Neyvilakku,10.405544,79.821618,N,esri
,Neyyattinkara,8.410171,77.081644,N,esri
,Nibhapur,25.608423,82.239676,N,esri
,Nidadavolu Junction,16.897964,81.674628,Y,esri
,Nidaghatta Halt,12.625701,77.089493,N,esri
,Nidamangalam Junction,10.773893,79.413168,Y,esri
,Nidamanuru,16.507467,80.731318,N,esri
,Nidigallu,13.988914,79.66128,N,esri
,Nidiguntapalem,14.264383,80.006059,N,esri
,Nidubrolu,16.067982,80.557197,N,esri
,Nidur,11.127686,79.645447,N,esri
,Nidvanda,13.244754,77.273126,N,esri
,Nihasta Halt,26.221002,80.916911,N,esri
,Nilambazar,24.746035,92.355676,N,esri
,Nilambur Road,11.27955,76.253302,N,esri
,Nileshwar,12.255837,75.135742,N,esri
,Nima Gopalpur Halt,25.995289,82.361639,N,esri
,Nimbal,17.118778,75.860358,N,esri
,Nimbhora,21.162057,75.976624,N,esri
,Nimdanri,22.609983,88.904308,N,esri
,Nimera,26.504283,75.534042,N,esri
,Nimkakhera,25.30937,75.479188,N,esri
,Nimpura Through Yard,22.325642,87.265331,N,esri
,Nindra,23.653587,84.934557,N,esri
,Nirolgram,23.729196,88.030213,N,esri
,Nischintapur,23.798921,91.240956,N,esri
,Nishatpura Junction Cabin,23.287659,77.425321,N,esri
,Nishchindapur,21.973353,88.214366,N,esri
,Nishchindapur Market Halt,21.988134,88.217866,N,esri
,Nittur,13.302375,76.85516,N,esri
,Niwari,25.328152,78.820396,N,esri
,Niyalish Para,24.125509,88.236326,N,esri
,Niyazipur Halt,25.146155,84.988969,N,esri
,Niz Bargang,26.845821,93.302402,N,esri
,Niz Chatia,26.747883,93.047684,N,esri
,Nizamabad Junction,18.678902,78.103501,Y,esri
,Nizsariha Halt,26.491527,91.202891,N,esri
,Noh Bachhamdi,27.222508,77.554518,N,esri
,Nolbari,25.952806,90.711616,N,esri
,Nonapar Halt,26.352512,83.969809,N,esri
,Noney,24.865167,93.626757,N,esri
,Noonmati,26.180921,91.799961,N,esri
,Noorsarai Halt,25.283064,85.459106,N,esri
,North Lakhimpur,27.254208,94.110913,N,esri
,North Panakudi,8.314668,77.581515,N,esri
,Nossam,14.979499,78.396373,N,esri
,Nowbagh,21.252426,77.493463,N,esri
,Noyal,11.060097,77.931442,N,esri
,Nuagan Mayurbhanj Road,21.668769,87.039835,N,esri
,Nuagaon Road,20.244572,84.968146,N,esri
,Nudurupadu,16.273116,80.193299,N,esri
,Nujella,16.386476,81.022885,N,esri
,Nulenur,14.004944,76.124753,N,esri
,Numaishgarh Halt,28.413209,77.840493,N,esri
,Numaligarh,26.609533,93.862787,N,esri
,Numaligarh Refinery Project Siding,26.582501,93.793634,N,esri
,Nungambakkam,13.063701,80.232649,N,esri
,Nurnagar Halt,28.908065,77.714914,N,esri
,Nuzvid,16.650216,80.962303,N,esri
,Oating,26.427771,93.985982,N,esri
,Obaidulla Ganj,22.995183,77.58742,N,esri
,Obra A Cabin,24.448539,82.989886,N,esri
,Obulapuram,15.031857,76.852684,N,esri
,Obulavaripalli Junction,14.040554,79.267737,Y,esri
,Ochira,9.131799,76.525101,N,esri
,Oddanchatram,10.484966,77.746022,N,esri
,Oddarahalli,13.345622,77.541304,N,esri
,Odela,18.456442,79.449414,N,esri
,Odhava,24.252415,72.028439,N,esri
,Odur,14.071797,79.855785,N,esri
,Ohan Cabin,25.082714,81.045072,N,esri
,Okhla,28.559496,77.265578,N,esri
,Okhla Bypass B Cabin,28.571143,77.255436,N,esri
,Olakur,12.305376,79.721261,N,esri
,Old Delhi Junction,28.661046,77.227647,Y,esri
,Ollur,10.47385,76.237099,N,esri
,Omalur Junction,11.738564,78.043882,Y,esri
,Ondagram,23.147963,87.20297,N,esri
,Ongole,15.497751,80.057116,N,esri
,Onnupuram Halt,12.720298,79.174793,N,esri
,Ontimitta,14.392619,79.017531,N,esri
,Oombermali,19.628377,73.422946,N,esri
,Oorgaum,12.95434,78.26003,N,esri
,Ore Halt,24.925071,84.990361,N,esri
,Osmanabad,18.247805,76.022978,N,esri
,Ottakkal,8.986435,77.038189,N,esri
,Ottakovil,11.216426,79.101124,N,esri
,Ottankadu,10.344752,79.248639,N,esri
,Ottappalam,10.769737,76.377707,N,esri
,Ottivakkam,12.622741,79.975295,N,esri
,Pabbapuram Halt,14.46035,78.777613,N,esri
,Pabnawa Jasmahinder Halt,29.89792,76.660905,N,esri
,Pachagaon,20.941778,78.251791,N,esri
,Pacharmalikpura,27.206185,75.395087,N,esri
,Pachchakuppam,12.823463,78.758316,N,esri
,Pachora Junction,20.667368,75.348721,Y,esri
,Pachpokharia,26.887508,84.985122,N,esri
,Pada Pahar Junction,22.15657,85.546226,Y,esri
,Padalam,12.589973,79.950362,N,esri
,Padarkheda,25.704805,77.641294,N,esri
,Padi,13.102447,80.194751,N,esri
,Padil,12.875329,74.894269,N,esri
,Padnur,17.321763,75.984293,N,esri
,Padsali,18.00072,75.38974,N,esri
,Padse,21.127683,74.934273,N,esri
,Padubidri,13.196924,74.768022,N,esri
,Padugupadu,14.498079,79.99008,N,esri
,Padwaniya,21.683164,73.240645,N,esri
,Pagidipalli Cabin,17.484536,78.820562,N,esri
,Pagidirai,15.272913,77.602248,N,esri
,Pahaleja,24.931353,84.148991,N,esri
,Paharja Gangaur Halt,25.523863,86.331993,N,esri
,Pahur,20.715425,75.683668,N,esri
,Pakala Junction,13.450917,79.114582,Y,esri
,Pakdaha Harinsing,24.239527,87.573902,N,esri
,Pakkam,12.465046,79.850279,N,esri
,Pakni,17.725586,75.778835,N,esri
,Palahalli Halt,12.405721,76.657804,N,esri
,Palaiyam,10.718889,78.129013,N,esri
,Palakkad Junction,10.799792,76.639289,Y,esri
,Palakkad Town,10.77686,76.651556,N,esri
,Palakkodu,12.297035,78.071694,N,esri
,Palakollu,16.521967,81.71723,N,esri
,Palam Vihar Halt,28.498698,77.01864,N,esri
,Palani,10.459207,77.520319,N,esri
,Palappuram,10.751718,76.398194,N,esri
,Palasthali,23.836357,87.053039,N,esri
,Palata Potaram,17.789952,78.454231,N,esri
,Palavanthangal,12.989792,80.185994,N,esri
,Palayamkottai,8.709977,77.736625,N,esri
,Paldhi,21.022461,75.461699,N,esri
,Pali Halt,25.55714,84.813782,N,esri
,Paligarh Halt,25.961778,83.500623,N,esri
,Pallaroad,23.178628,88.009745,N,esri
,Pallavaram,12.968024,80.152664,N,esri
,Pallevada Halt,16.576444,81.287699,N,esri
,Pallikona,16.061592,80.803796,N,esri
,Pallippuram,10.841756,76.112734,N,esri
,Palliyadi,8.265831,77.259424,N,esri
,Palsap,18.358406,76.193266,N,esri
,Palur,12.76639,79.906847,N,esri
,Paluvayi Halt,16.521121,79.50597,N,esri
,Pamba Kovil Shandy,9.130495,77.430703,N,esri
,Pamban,9.280183,79.213864,N,esri
,Pamidi,14.980122,77.599231,N,esri
,Panamburu,12.941436,74.807383,N,esri
,Panangudi,9.921422,78.612586,N,esri
,Panapakam,13.499911,79.204005,N,esri
,Panbari,26.199956,91.977583,N,esri
,Panch Pipila,23.032689,74.666764,N,esri
,Panchalam,12.275827,79.692418,N,esri
,Pancharatna,26.157964,90.556535,N,esri
,Panchgram,24.865728,92.598668,N,esri
,Panchpatia Deoria Halt,25.768366,84.936206,N,esri
,Pandaravadai,10.913834,79.242743,N,esri
,Pandavapura,12.46449,76.680986,N,esri
,Pandetola,24.743415,87.059933,N,esri
,Pandharpur,17.66953,75.320878,N,esri
,Pandhurna,21.589849,78.525989,N,esri
,Pandi,10.477141,79.615344,N,esri
,Pandillapalli,17.172338,80.170755,N,esri
,Pandiyapuram,8.862372,77.939003,N,esri
,Pandu,26.169028,91.686286,N,esri
,Pandu Mawas,22.680433,73.359453,N,esri
,Panduranga Swamy Road,16.247656,77.577849,N,esri
,Pandurangapuram,17.716284,80.764098,N,esri
,Pangaon,18.634713,76.635372,N,esri
,Pangra Shinde,19.52644,77.240342,N,esri
,Pangri,18.283951,75.867126,N,esri
,Paniajob,21.183841,80.694071,N,esri
,Paniara Halt,25.897615,83.521753,N,esri
,Panikhaiti,26.21152,91.87526,N,esri
,Panisagar,24.274429,92.150304,N,esri
,Panitola,27.494594,95.260764,N,esri
,Panki Dham,26.459318,80.239052,N,esri
,Panpali PH,21.915656,84.139506,N,esri
,Panpana PH,21.361805,86.793308,N,esri
,Panruti,11.773432,79.554521,N,esri
,Panskura East Outer Cabin,22.397514,87.764641,N,esri
,Panvel Junction,18.989748,73.122425,Y,esri
,Panyam,15.500502,78.340641,N,esri
,Papanasam,10.923273,79.26893,N,esri
,Papatapalli,17.372864,80.176301,N,esri
,Papinayakanahalli,15.235778,76.491032,N,esri
,Pappinisseri,11.941887,75.346912,N,esri
,Parabil,21.142119,85.168921,N,esri
,Paradgaon,19.62136,76.157272,N,esri
,Paradsinga Halt,21.54065,78.854268,N,esri
,Paralakhemundi,18.78571,84.081611,N,esri
,Paramakkudi,9.539601,78.590863,N,esri
,Paramjeevar Tarajeevar,26.280035,85.461284,N,esri
,Parangipettai,11.477278,79.73657,N,esri
,Parannavalasa,18.543649,83.252284,N,esri
,Paranur,12.730122,79.983982,N,esri
,Parappanangadi,11.047291,75.860082,N,esri
,Paras,20.724909,76.816624,N,esri
,Parassala,8.339867,77.165537,N,esri
,Paravur,8.815071,76.668998,N,esri
,Parbhani Junction,19.257647,76.773917,Y,esri
,Pardhade,20.729909,75.37722,N,esri
,Parel Loco Workshop,19.000252,72.833685,N,esri
,Parewadi,18.289857,74.952704,N,esri
,Pargothan,20.904142,78.287726,N,esri
,Parhana Mau,23.626152,76.554806,N,esri
,Paricha,25.517734,78.736813,N,esri
,Parichaa Thermal,25.528975,78.762634,N,esri
,Parihara,27.92148,74.549858,N,esri
,Parikkal,11.775765,79.371215,N,esri
,Parjang,20.91496,85.326105,N,esri
,Parjani,26.577174,79.682324,N,esri
,Parkanhatti,16.138868,74.694678,N,esri
,Parli,10.800569,76.559764,N,esri
,Parli Vaijnath,18.852702,76.524664,N,esri
,Parmalkasa,21.140644,81.099386,N,esri
,Parminiya Halt,25.826107,86.595421,N,esri
,Parsa Basuari,26.29309,86.510111,N,esri
,Parsa Nagar Halt,26.777243,84.687655,N,esri
,Parsauni,26.557914,85.570154,N,esri
,Parsoda,19.953873,74.875309,N,esri
,Parthasarathipuram,17.277975,80.697668,N,esri
,Partur,19.576337,76.213035,N,esri
,Parwakhurd,19.369897,77.771137,N,esri
,Pasalapudi,16.470095,81.094687,N,esri
,Paschima Vahini Point,12.413777,76.662693,N,esri
,Pashwashraya,26.759619,88.404684,N,esri
,Pasivedala,16.993697,81.701114,N,esri
,Pasupatikovil,10.88264,79.191151,N,esri
,Pasur,11.240502,77.855402,N,esri
,Pata,26.667297,79.478702,N,esri
,Patakottacheruvu,15.17132,77.521877,N,esri
,Patal Pani,22.513977,75.797007,N,esri
,Patan,23.853131,72.131441,N,esri
,Patansaongi,21.345261,79.009794,N,esri
,Patansaongi Town Halt,21.336967,79.02475,N,esri
,Patchur,12.586581,78.469666,N,esri
,Pathakpur,28.36173,78.566818,N,esri
,Pathankot Cantt,32.259378,75.636536,N,esri
,Pathapatnam,18.738152,84.080872,N,esri
,Pathardih Junction,23.673494,86.433087,Y,esri
,Patharkandi,24.610618,92.3221,N,esri
,Patharkhola,25.778512,93.101661,N,esri
,Pathrad,19.183795,77.39768,N,esri
,Pathrot,21.188593,77.41275,N,esri
,Pathsala,26.497472,91.177767,N,esri
,Patia PH,20.347812,85.841356,N,esri
,Patiala Cantt,30.340115,76.359704,N,esri
,Patiladaha,26.498205,90.800191,N,esri
,Patiyara,26.612836,80.48251,N,esri
,Patliputra Junction,25.621464,85.068649,Y,esri
,Patna Saheb,25.586081,85.23084,N,esri
,Patsul,21.003687,77.038515,N,esri
,Pattabiram,13.119135,80.064416,N,esri
,Pattabiram Military Siding,13.137215,80.060171,N,esri
,Pattabiram Military Siding E Depot,13.146019,80.068625,N,esri
,Pattabiram West Cabin,13.124601,80.059929,N,esri
,Pattakudi,10.948535,79.774802,N,esri
,Pattambi,10.802219,76.180974,N,esri
,Pattaravakkam,13.1145,80.16631,N,esri
,Pattikkad,11.021677,76.232995,N,esri
,Pattukottai,10.416075,79.32073,N,esri
,Patuwas Mehrana,28.557356,76.333696,N,esri
,Paulaha,28.599858,80.601025,N,esri
,Pauni Road,20.747878,79.554229,N,esri
,Pauniyan,21.727796,79.751962,N,esri
,Pauwara Halt,21.099101,81.332868,N,esri
,Pavurchatram,8.915099,77.375841,N,esri
,Pawani Kamarpur Halt,25.527663,83.935664,N,esri
,Payangadi,12.021801,75.259614,N,esri
,Payli Halt,28.060611,74.563996,N,esri
,Payradanga,23.128518,88.545533,N,esri
,Payyanur,12.090618,75.195648,N,esri
,Payyoli,11.517263,75.618298,N,esri
,Pazhangottai,11.802022,77.882741,N,esri
,Pazhaya Seevaram,12.776869,79.876625,N,esri
,Pedakakani Halt,16.343567,80.486222,N,esri
,Pedana,16.25213,81.143957,N,esri
,Pedanayakanpalayam,11.647665,78.505515,N,esri
,Pedapariya,14.021176,79.875697,N,esri
,Pedda Avutapale,16.562475,80.839435,N,esri
,Peddabrahmadevam,16.991006,82.07878,N,esri
,Peddadinne,16.099681,77.834473,N,esri
,Peddakurapadu,16.45943,80.254246,N,esri
,Peddampet,18.803853,79.427269,N,esri
,Peddapalli Junction,18.613712,79.392109,Y,esri
,Peddavadlapudi,16.414374,80.613,N,esri
,Pembarti,17.684934,79.107851,N,esri
,Pencharthal,24.19603,92.109098,N,esri
,Penchi,24.140902,77.008479,N,esri
,Pendekallu Junction,15.374282,77.648675,Y,esri
,Pendlimarri,14.431418,78.640109,N,esri
,Pendurti,17.814117,83.195623,N,esri
,Penganga,19.967185,77.119731,N,esri
,Pennada Agraharam,16.541927,81.578093,N,esri
,Pennadam,11.398441,79.220966,N,esri
,Pennathur Halt,12.838054,79.127695,N,esri
,Penuballi,17.22465,80.689209,N,esri
,Penukonda Junction,14.100165,77.594491,Y,esri
,Penumarru,16.13159,80.77562,N,esri
,Peralam Junction,10.956048,79.656871,Y,esri
,Perambur,13.107389,80.244392,N,esri
,Perambur Locomotive Works,13.108214,80.225773,N,esri
,Perani,12.102864,79.552305,N,esri
,Peravurani,10.285804,79.200721,N,esri
,Perecherla,16.319173,80.339735,N,esri
,Pergaon,19.299146,76.664663,N,esri
,Perinad,8.948611,76.620636,N,esri
,Periya Naga Thunai,12.559409,77.911223,N,esri
,Periyakottai,10.121474,78.873121,N,esri
,Periyanaikanpalayam,11.145444,76.948953,N,esri
,Perssannur,10.841078,76.06532,N,esri
,Perugamani,10.888802,78.547526,N,esri
,Perundurai,11.268485,77.650187,N,esri
,Perungudi,12.975253,80.231531,N,esri
,Perungulattur,12.905394,80.094923,N,esri
,Perunguzhi,8.632373,76.80772,N,esri
,Pettai,8.718976,77.65372,N,esri
,Pettaivayatalai,10.898828,78.493498,N,esri
,Peyanapalli,13.13211,79.137352,N,esri
,Pfm Byepass A Cabin,25.533603,81.876271,N,esri
,Pfm Byepass Junction Cabin,25.537001,81.866968,Y,esri
,Phagi,26.567656,75.567507,N,esri
,Phakhoagram,24.661481,92.410896,N,esri
,Phaphamau Bypass B Cabin,25.539485,81.856912,N,esri
,Phayeng,24.819907,93.81906,N,esri
,Pherima,25.751704,93.903422,N,esri
,Phiding,25.205217,93.144651,N,esri
,Phirangipuram,16.292295,80.256287,N,esri
,Phulaguri,26.267504,92.586761,N,esri
,Phulwari,24.594767,80.431312,N,esri
,Phulwari Phanta,28.562904,80.63401,N,esri
,Pichchandarkovil,10.881784,78.719056,N,esri
,Pichkurirdhal,23.545717,87.720573,N,esri
,Piduguralla,16.47835,79.876842,N,esri
,Pilamedu,11.032838,77.000859,N,esri
,Piler,13.662531,78.928129,N,esri
,PiliBanga,29.483772,74.078883,N,esri
,Pillamshat,26.870376,88.522458,N,esri
,Piloda,26.605905,76.864018,N,esri
,Pimpal Khuti,19.830339,78.580691,N,esri
,Pimpalgaon,20.627912,75.516211,N,esri
,Pimpar Khed,20.307483,74.7563,N,esri
,Pimpla Chaure Halt,19.285869,77.132751,N,esri
,Pindial,17.926353,79.455642,N,esri
,Pindkepar Halt,21.306856,80.183394,N,esri
,Pindra Road,25.494658,82.852972,N,esri
,Pingleshwar,23.211313,75.860821,N,esri
,Pingli,19.218127,76.858081,N,esri
,Pipardahi,22.053121,79.40937,N,esri
,Piparpur,26.1516,82.041694,N,esri
,Pipavav port,20.931719,71.474097,N,esri
,Piphema,25.751819,93.961499,N,esri
,Pipiliya Road,22.927841,70.680523,N,esri
,Pipla Halt,21.312148,79.06852,N,esri
,Piprahan,26.221912,85.250997,N,esri
,Pipraigaon,24.504137,77.964508,N,esri
,Pir Dulle Shah Halt,25.867806,73.165629,N,esri
,Pirappanvalasai,9.299757,79.043938,N,esri
,Piravom Road,9.828462,76.455665,N,esri
,Pirjhalar,23.041714,75.476071,N,esri
,Pirthala Llauda,29.62333,75.866691,N,esri
,PirthiGanj,25.859322,82.008896,N,esri
,Pithampur,22.602519,75.667804,N,esri
,Pithapuram,17.111024,82.257548,N,esri
,Piyala Block Hut,28.287076,77.317574,N,esri
,Pocharam,17.467421,80.205507,N,esri
,Podanur Junction,10.964046,76.98883,Y,esri
,Podili Railway Station,15.583966,79.609519,N,esri
,Podur,18.618558,78.952213,N,esri
,Pohe,20.528306,77.468661,N,esri
,Pokharni Narasimha,19.11908,76.732281,N,esri
,Pola Patthar,22.345433,77.854898,N,esri
,Polireddipalem,13.759278,79.979779,N,esri
,Pollachi Junction,10.653235,77.000944,Y,esri
,Polur,12.510248,79.130199,N,esri
,Pondugula,16.643309,79.677977,N,esri
,Ponmalai Golden Rock,10.791744,78.7102,N,esri
,Ponneri,13.332224,80.198965,N,esri
,Ponpadi,13.239279,79.588941,N,esri
,Poodoor,16.154659,77.821269,N,esri
,Pophlaj,18.291535,75.098026,N,esri
,Pora,27.530805,78.154767,N,esri
,Poraiyar,11.027921,79.83612,N,esri
,Potheri,12.821421,80.036905,N,esri
,Potkapalli,18.428749,79.464053,N,esri
,Potlapadu,15.87356,79.525379,N,esri
,Potul,19.918146,75.122506,N,esri
,Powai,27.345475,95.648543,N,esri
,Powarkheda,22.673745,77.748047,N,esri
,Powerpet,16.713021,81.106255,N,esri
,Prajapati Halt,26.81677,84.502283,N,esri
,Prasannayana Palli,14.650368,77.594951,N,esri
,Pratap Bagh,21.523444,80.204224,N,esri
,Pratap Khata,26.381721,90.129675,N,esri
,Pratapganj,26.313,86.95656,N,esri
,Prattiapadu,16.817991,81.574417,N,esri
,Prayagraj Chheoki Junction,25.376713,81.867209,Y,esri
,Prayagraj Junction  (Allahabad),25.444477,81.827515,Y,esri
,Prayagraj Rambag,25.440141,81.851354,N,esri
,Prempur,26.245389,80.483598,N,esri
,Princep Ghat,22.556518,88.33136,N,esri
,Prithwirajpur,29.958415,73.753456,N,esri
,Priyadarshini Jurala Project Road,16.239345,77.68901,N,esri
,Proddatur,14.75855,78.522201,N,esri
,Pt. DD Upadhyaya Junction (Mughalsarai),25.280392,83.12074,Y,esri
,Pudi,13.553179,79.508044,N,esri
,Puduchatram,11.385874,78.185655,N,esri
,Puduchattiram,11.540693,79.730566,N,esri
,Puducherry,11.925011,79.828177,N,esri
,Pudukkad,10.420712,76.260934,N,esri
,Pudukkottai,10.372411,78.801865,N,esri
,Pudunagaram,10.686215,76.684386,N,esri
,Pugalur,11.051038,77.992113,N,esri
,Pukkiravari,11.633801,78.986448,N,esri
,Pulgaon Junction,20.726271,78.317617,Y,esri
,Pulicherla,13.598668,79.040785,N,esri
,Puliyamangalam,13.083338,79.684983,N,esri
,Pulla,16.809649,81.323369,N,esri
,Pullambadi,10.939699,78.91715,N,esri
,Pullampet,14.12058,79.20513,N,esri
,Punalur,9.022827,76.916425,N,esri
,Pundag,23.508715,86.089326,N,esri
,Punggudi,10.747363,78.618952,N,esri
,Puniyavant,22.333148,73.956,N,esri
,Punnapura,9.423421,76.341849,N,esri
,Punthottam,10.929875,79.655347,N,esri
,Puranakatak,20.629701,84.432607,N,esri
,Puranigudam,26.362917,92.786111,N,esri
,Purna Junction,19.180988,77.025702,Y,esri
,Purnea Court,25.795276,87.475239,N,esri
,Purnea Junction,25.789496,87.519278,Y,esri
,Purunapani,20.80576,83.964525,N,esri
,Pushkar Terminus,26.490826,74.537857,N,esri
,Pushpattur,10.524797,77.422559,N,esri
,Pusla,21.492744,78.354527,N,esri
,Putalapattu,13.333629,79.104135,N,esri
,Putarra,22.555839,80.014574,N,esri
,Putlacheruvu,16.484651,81.112025,N,esri
,Putlur Halt,13.123331,79.93758,N,esri
,Puttur,13.439913,79.552788,N,esri
,Puvanur,11.600933,79.315841,N,esri
,Quarry Siding,22.259896,84.801389,N,esri
,Quatabpur,29.762836,76.347415,N,esri
,Qubarwala,30.176152,74.415541,N,esri
,Quilandi,11.447438,75.692993,N,esri
,Raas,26.299509,74.178562,N,esri
,Rabhra,29.095688,76.719868,N,esri
,Rachagunneri,13.714775,79.631168,N,esri
,Radhabalampur Halt,26.090006,81.117615,N,esri
,Radhakishorepur,20.56105,85.755089,N,esri
,Radhanagar,23.681404,86.859751,N,esri
,Raghavapuram,18.681266,79.41185,N,esri
,Raghunathpalli,17.757043,79.256671,N,esri
,Raha,26.2327,92.527627,N,esri
,Rahiiyol,23.415167,73.241338,N,esri
,Rahmatnagar,26.744178,81.155643,N,esri
,Rai Mehat Pur,31.400378,76.327189,N,esri
,Raichur Junction,16.192442,77.339465,Y,esri
,Raikabag Palace Junction,26.29149,73.039971,Y,esri
,Railey English Halt,25.482892,85.755965,N,esri
,Raimoha,18.988642,75.505016,N,esri
,Raing,27.00298,88.42459,N,esri
,Raipur Diesel Loco Shed,21.265732,81.653946,N,esri
,Raipur Haryana Junction,29.154532,75.770925,Y,esri
,Raipur Junction,21.258023,81.630583,Y,esri
,Raipur R V Block Hut,21.268099,81.646875,N,esri
,Raipur Store Depot,21.276336,81.650899,N,esri
,Raishree,25.357581,77.58811,N,esri
,Raj Nandgaon,21.100761,81.038427,N,esri
,Raj Pardi,21.770177,73.223186,N,esri
,Rajabera Block Hut,23.750668,86.080372,N,esri
,Rajagambiram,9.71769,78.417391,N,esri
,Rajahmundry,16.983828,81.784128,N,esri
,Rajalukah,22.153064,86.617137,N,esri
,Rajampalli Railway Station,15.720426,79.675338,N,esri
,Rajanukunte,13.174404,77.565532,N,esri
,Rajapalayam,9.452265,77.561194,N,esri
,Rajapur,16.859048,78.163153,N,esri
,Rajbandh,23.47007,87.406726,N,esri
,Rajendra Nagar Terminal,25.602769,85.162376,N,esri
,Rajghat Narora,28.236166,78.354179,N,esri
,Rajgoda,22.324237,87.866487,N,esri
,Rajim,20.969822,81.868583,N,esri
,Rajkot Goods Shed,22.325807,70.786721,N,esri
,Rajmane,20.641394,74.942585,N,esri
,Rajnagar,24.903869,79.877473,N,esri
,Rajoli,20.189116,79.688776,N,esri
,Rajur,20.106213,78.909849,N,esri
,Rajura,19.7713,79.369599,N,esri
,Rajuri,18.995146,75.648191,N,esri
,Rakesh Bagh Halt,24.409455,85.891398,N,esri
,Ralapet,19.318672,79.432314,N,esri
,Ram Bishanpur,26.304886,86.881126,N,esri
,Ram Mandir,19.147691,72.85122,N,esri
,Ram Nagar JK,32.844886,75.150971,N,esri
,Rama Lingaya Pallec,15.310383,77.616984,N,esri
,Ramachandrapur,25.987763,81.270044,N,esri
,Ramachandrapuram,16.83658,82.041323,N,esri
,Ramachandrapuram TS,17.510212,78.282513,N,esri
,Ramagiri,13.948655,76.125583,N,esri
,Ramagundam,18.764064,79.434568,N,esri
,Ramaipur,27.538362,80.906592,N,esri
,Ramakistapuram Gate,17.476565,78.528876,N,esri
,Ramakona,21.703461,78.857453,N,esri
,Ramakunda Halt,23.856826,86.195789,N,esri
,Ramanagaram,12.721057,77.283725,N,esri
,Ramanand Tiwary Halt,25.555105,84.487854,N,esri
,Ramanathapuram,9.358751,78.837651,N,esri
,Ramannapet,17.284195,79.085971,N,esri
,Ramanujam Palli,14.439041,77.878482,N,esri
,Ramapuram,13.098123,79.179396,N,esri
,Ramaraju Palli,15.041218,77.617485,N,esri
,Ramavarappadu,16.526435,80.680919,N,esri
,Rambhawan,25.254323,85.239494,N,esri
,Ramchandrapur PH,19.990862,83.348012,N,esri
,Rameshwar Nagar Halt,26.98631,84.517489,N,esri
,Rameswaram,9.281455,79.306858,N,esri
,Ramgad,15.117079,76.44921,N,esri
,Ramganga Bridge NR,28.298132,79.375131,N,esri
,Ramganga South Cabin,28.29424,79.365466,N,esri
,Ramganj,26.111242,82.031149,N,esri
,Ramgarh Cantt,23.617639,85.518294,N,esri
,Ramghat Halt,26.805072,82.215357,N,esri
,Ramidi Halt,31.466512,75.405646,N,esri
,Ramnagar Bengal,21.676875,87.553885,N,esri
,Rampur,24.84455,79.351551,N,esri
,Rampur Dumra Junction,25.33102,86.000822,Y,esri
,Rampur Halt,25.171445,86.140406,N,esri
,Rampur Maniharan,29.804754,77.459805,Y,esri
,Rampur Naikin,24.354435,81.47496,N,esri
,Ramroop Nagar Halt,26.787015,85.166636,N,esri
,Ramtek,21.393474,79.300369,N,esri
,Ranajitpura,15.055954,76.599604,N,esri
,Ranapratapnagar,24.582768,73.728666,N,esri
,Ranchi Junction,23.349486,85.336274,Y,esri
,Ranga Reddy Guda,16.902859,78.181369,N,esri
,Rangaliting,26.657063,93.918419,N,esri
,Rangamatia,20.912765,85.63148,N,esri
,Rangapahar,25.855902,93.709233,N,esri
,Rangapahar Crossing,25.873286,93.71509,N,esri
,Rangapara North Junction,26.821233,92.683077,Y,esri
,Rangapuram,15.406622,78.059377,N,esri
,Rangepalli,14.024714,77.57548,N,esri
,Rangiya Junction,26.446846,91.606515,Y,esri
,Rangjuli,25.988237,90.955844,N,esri
,Rangpo,27.188963,88.508643,N,esri
,Rani Kamalapati,23.221297,77.441024,N,esri
,Ranibennur,14.625851,75.635757,N,esri
,Ranigaon,24.821936,92.926015,N,esri
,Ranippettai,12.930687,79.326807,N,esri
,Ranital Link Junction Cabin,21.128287,86.541193,N,esri
,Ranjani,19.648754,76.104254,N,esri
,Rankuwa,20.817498,73.16287,N,esri
,Ranpura,26.664674,77.503488,N,esri
,Ranthambhore,26.093497,76.410255,N,esri
,Ranyal Jasmiya,23.161621,76.072431,N,esri
,Rao Khedi,23.873311,77.974513,N,esri
,Raparla Halt,15.620976,80.170753,N,esri
,Rapuru,14.229641,79.558873,N,esri
,Rasipuram,11.453555,78.178582,N,esri
,Rasmara,21.204782,81.218354,N,esri
,Raswan,23.78292,87.199952,N,esri
,Ratabari,24.570005,92.409852,N,esri
,Ratanagarh Jn Cabin,28.065954,74.58528,N,esri
,Ratar Chattar,32.00832,75.008176,N,esri
,Rathdhana,28.903663,77.059175,N,esri
,Ratlam,23.337692,75.051574,N,esri
,Ratlam A Cabin,23.336244,75.040099,N,esri
,Ratlam East Cabin,23.357467,75.065372,N,esri
,Ratnagiri,17.002824,73.358313,N,esri
,Ratnapur,21.464768,76.650036,N,esri
,Rattok Gurdwara,31.167734,74.611799,N,esri
,Ravanasamudram,8.804555,77.377319,N,esri
,Raver,21.221794,76.044328,N,esri
,Ravikampadu,17.22942,82.367153,N,esri
,Ravindrakhani,18.936807,79.461813,N,esri
,Ravli Junction,19.024782,72.860722,Y,esri
,Ravulapalli Kalan,17.439802,78.083834,N,esri
,Raxaul Junction,26.986894,84.844474,Y,esri
,Raya,27.552824,77.787445,N,esri
,Rayabag,16.483194,74.806164,N,esri
,Rayadurg Junction,14.705151,76.856966,Y,esri
,Rayakkottai,12.514445,78.027309,N,esri
,Rayalacheruvu,15.05522,77.819815,N,esri
,Rayanagudem,17.012993,79.353648,N,esri
,Rayanapadu,16.578805,80.561046,N,esri
,"Rayanapadu ""B"" Cabin",16.572973,80.566843,N,esri
,Rayat Pura,26.439209,78.337365,N,esri
,Rayser,24.88706,77.513742,N,esri
,Razampeta,14.185354,79.15246,N,esri
,Reasi,33.091231,74.875963,N,esri
,Rechni Road,19.140737,79.451663,N,esri
,Reddigudem,16.441908,80.050425,N,esri
,Reddipalaiyam,12.728978,79.953021,N,esri
,Reddipalle,14.09228,79.226206,N,esri
,Regadipalli,14.814403,78.136428,N,esri
,Relangi,16.709663,81.644142,N,esri
,Renigunta Junction,13.637911,79.506265,Y,esri
,Rentachintala,16.545932,79.552806,N,esri
,Rentia,22.863073,74.210599,N,esri
,Renukut,24.203262,83.039862,N,esri
,Repalle,16.019398,80.828945,N,esri
,Repalliwada,19.190748,79.430195,N,esri
,Resauli,16.313724,80.460229,N,esri
,Retang,20.199746,85.760923,N,esri
,Rethorakalan,26.384607,78.233694,N,esri
,Revelganj Ghat,25.795,84.628698,N,esri
,Revelganj Ghat Halt,25.799739,84.620189,N,esri
,Revoor Ramapuram,16.852102,80.006837,N,esri
,Rewa Terminal,24.537777,81.25134,N,esri
,Rewral,21.260895,79.467994,N,esri
,Risama,21.055397,81.324058,N,esri
,Rishikund,25.294571,86.561551,N,esri
,Rohini,20.364326,74.86295,N,esri
,Rohira Ghallu Ghara,30.629985,75.844286,N,esri
,Rohna Halt,20.848968,78.329206,N,esri
,Rohna Town,20.853299,78.324818,N,esri
,Romana Albel Singh,30.511224,74.850263,N,esri
,Rompicharla,16.239067,79.895641,N,esri
,Rooma,26.357173,80.43213,N,esri
,Roshan Mau,26.47947,79.984934,N,esri
,Rotegaon,19.95556,74.758168,N,esri
,Routhpuram Halt,18.620498,84.335284,N,esri
,Rowriah,26.721374,94.171885,N,esri
,Rowta Bagan,26.737025,92.215082,N,esri
,Royapuram,13.104304,80.293579,N,esri
,Roza Diesel Loco Shed,27.863797,79.953234,N,esri
,Rudrapur City,28.969595,79.380345,N,esri
,Rudrapur Sidcul Halt,29.081877,79.430683,N,esri
,Rukmapur,17.276072,77.680859,N,esri
,Rukni,23.553008,86.54768,N,esri
,Runni Saidpur,26.411236,85.519909,N,esri
,Runnymede,11.32971,76.799806,N,esri
,Rupahigaon,26.411636,92.741971,N,esri
,Rupai,27.59451,95.557047,N,esri
,Rupasibari,24.854952,92.528916,N,esri
,Rupauli,25.879605,87.056142,N,esri
,S Uppalapadu,14.906637,78.387028,N,esri
,SAIL Bhilai,21.204133,81.401741,N,esri
,SAIL Siding,11.663669,78.020071,N,esri
,SAS Nagar Mohali,30.665982,76.739609,N,esri
,SK Para,23.975979,91.96926,N,esri
,SMM Haveri,14.794753,75.411144,N,esri
,SMVT Bengaluru,12.999684,77.641091,N,esri
,SSS Hubballi Junction,15.349884,75.149603,Y,esri
,STPS Suratgarh,29.191342,74.013625,N,esri
,Sabarmati A Cabin,23.060277,72.589924,N,esri
,Sabarmati BG,23.077225,72.588977,N,esri
,Sabarmati D Cabin,23.10245,72.56978,N,esri
,Sabarmati F Cabin,23.076705,72.547692,N,esri
,Sabroom,23.013926,91.701325,N,esri
,Sabzi Mandi,28.668507,77.200493,N,esri
,Sachiwalay Halt,25.596137,85.117696,N,esri
,Sadashivapet Road,17.483438,77.873187,N,esri
,Sadda Singhwala,30.027358,75.324434,N,esri
,Sadipur Halt,24.930616,85.586967,N,esri
,Sadulshahr,29.903019,74.172177,N,esri
,Safiasarai,25.337176,86.491005,N,esri
,Safilguda,17.461812,78.533001,N,esri
,Safipur,26.743904,80.35466,N,esri
,Safrai,27.027931,94.940827,N,esri
,Sagar Sangam,19.009838,73.024983,N,esri
,Sagara,22.152123,84.459802,N,esri
,Sagara Jambagaru,14.170043,75.023564,N,esri
,Sagardighi Thermal Power Plant Siding,24.363991,88.096615,N,esri
,Sagarkatte,12.423024,76.478371,N,esri
,Sagore,22.611127,75.599042,N,esri
,Sagphata,21.556741,76.392399,N,esri
,Sahajipur Halt,26.089506,81.869361,N,esri
,Sahari Halt,25.470704,85.720678,N,esri
,Saharsa Kacheri Halt,25.895391,86.59433,N,esri
,Sahasrakund,19.403306,78.008406,N,esri
,Sahawar Town,27.789188,78.83263,N,esri
,Saheri Halt,25.560833,83.455716,N,esri
,Sahja Halt,25.477222,87.676533,N,esri
,Saidapet,13.023276,80.223673,N,esri
,Saidapur,16.571041,77.248861,N,esri
,Saidkhanpur,26.898512,81.461983,N,esri
,Saidpur Jalalabad Halt,31.455886,75.186769,N,esri
,Sainagar Shirdi Terminus,19.780721,74.480826,N,esri
,Sairang,23.798054,92.65089,N,esri
,Saithal,28.541275,79.563209,N,esri
,Saiyid Sarawan,25.490429,81.623214,N,esri
,Sajhauli Halt,25.143122,84.190563,N,esri
,Sakarayapatna,13.429935,75.927928,N,esri
,Sakatpura yard,25.173549,75.813284,N,esri
,Sakhi Gopal,19.942875,85.816018,N,esri
,Sakleshpur,12.945408,75.778909,N,esri
,Sakrigali Ghat,25.253487,87.715679,N,esri
,Salagaon,20.564049,85.956714,N,esri
,Salakati,26.442858,90.353961,N,esri
,Salar Khurd,26.447704,84.273796,N,esri
,Salarpur,26.755995,82.052919,N,esri
,Salchapra,24.825141,92.667693,N,esri
,Salekasa,21.301379,80.493395,N,esri
,Salem East,11.662829,78.178026,N,esri
,Salem Junction,11.670926,78.113615,Y,esri
,Salem Market,11.655318,78.143835,N,esri
,Salem Town,11.66003,78.161709,N,esri
,Salemgarh Masani,29.549447,74.465692,N,esri
,Salempur Halt,26.299608,86.083292,N,esri
,Salga Jhari West Cabin,22.759021,86.228846,N,esri
,Salhaitola,20.491577,81.077422,N,esri
,Saliyamangalam,10.779633,79.275377,N,esri
,Saljada,22.784933,72.397661,N,esri
,Salkhapur,25.653615,82.679355,N,esri
,Salona,26.451492,92.972212,N,esri
,Salsala Bari,26.488843,89.583106,N,esri
,Salwa,21.236257,79.292943,N,esri
,Samaguri,26.416613,92.850082,N,esri
,Samakhiali Junction,23.309637,70.503138,Y,esri
,Samal,21.110193,85.138365,N,esri
,Samalkot Junction,17.045144,82.168813,Y,esri
,Samalpatti,12.310919,78.482907,N,esri
,Samarala Halt,18.918973,77.796839,N,esri
,Samaswara,22.048785,79.339505,N,esri
,Samayanallur,9.982156,78.033621,N,esri
,Sambhal Hatim Sarai,28.597083,78.568767,N,esri
,Sambheti,21.765662,72.66079,N,esri
,Sameli Halt,25.476683,87.277107,N,esri
,Samhuta Halt,25.120795,84.157347,N,esri
,Sampige Road,13.269682,76.764745,N,esri
,Samudram,10.652743,78.493577,N,esri
,Samuktala Road Junction,26.484125,89.634815,Y,esri
,San Juje Da Areyal,15.265885,74.009985,N,esri
,Sanathnagar,17.461787,78.436456,N,esri
,Sanatnagar CONCOR siding,17.460796,78.423054,N,esri
,Sandhia,22.012755,73.756918,N,esri
,Sandispur,25.358894,86.489513,N,esri
,Sangam Jagarlamudi,16.245998,80.570171,N,esri
,Sangameshwar Road,17.201591,73.546252,N,esri
,Sanganahal,15.562797,75.981032,N,esri
,Sanganapur,19.177663,76.736876,N,esri
,Sangola,17.435527,75.187509,N,esri
,Sangwi,20.420269,77.600008,N,esri
,Sanhati,22.845881,88.704341,N,esri
,Sanhera Halt,28.905116,77.282536,N,esri
,Sanjamala,15.15752,78.315623,N,esri
,Sanjha Halt,25.065384,87.000684,N,esri
,Sanjivaiah Park,17.435566,78.476692,N,esri
,Sankara Gummanur,15.1665,77.241347,N,esri
,Sankaralingapuram,9.521687,77.879304,N,esri
,Sankarankovil,9.176704,77.526339,N,esri
,Sankaridurg,11.448064,77.87081,N,esri
,Sankarpur,24.442012,86.637615,N,esri
,Sankopara,24.717647,87.934346,N,esri
,Sankra,20.744463,81.588422,N,esri
,Sanosra,21.74809,71.789525,N,esri
,Sant Hirdaram Nagar,23.273847,77.33591,N,esri
,Santak,26.875435,94.784586,N,esri
,Santamagulur,16.14671,79.915505,N,esri
,Santhagudipadu,16.267567,79.90041,N,esri
,Santir Bazar,23.322215,91.532342,N,esri
,Saoner,21.387506,78.926366,N,esri
,Saonga Halt,21.518454,78.873046,N,esri
,Sapatgram,26.334396,90.109668,N,esri
,Sape Wamne,18.055665,73.371886,N,esri
,Sapekhati,27.110668,95.162058,N,esri
,Sarahula Halt,25.46589,83.662471,N,esri
,Sarai Bhopat,26.831366,78.954954,N,esri
,Sarai Gopal,25.547358,81.829015,N,esri
,Sarai Gram,24.03239,82.19507,N,esri
,Sarai Harkhu,25.831902,82.510941,N,esri
,Sarai Jagdish,25.300156,82.365477,N,esri
,Sarai Rani,26.000546,83.098561,N,esri
,Saraigarh Junction,26.293589,86.737804,Y,esri
,Saraiya Halt,26.024221,85.117957,N,esri
,Saraswatinagar,21.252128,81.604438,N,esri
,Saravaram,17.531624,80.573615,N,esri
,Sardar Ballab Bhai Patel Halt,26.465859,86.386605,N,esri
,Sardar Patel Halt,25.049048,85.423366,N,esri
,Sardega,21.965534,83.853845,N,esri
,Sarkoni,25.660944,82.739634,N,esri
,Sarobag,25.275746,86.479089,N,esri
,Sarona,21.25322,81.573905,N,esri
,Sarpavaram,17.006614,82.202817,N,esri
,Sarpeswar Ph,20.479227,85.749229,N,esri
,Sarsoki,26.013447,79.529376,N,esri
,Sarsonpuri,20.781093,81.638693,N,esri
,Sarsoo,24.920057,85.354075,N,esri
,Sarupathar,26.195874,93.862576,N,esri
,Sarwari,19.761992,75.943461,N,esri
,Sasalu,14.210625,76.115141,N,esri
,Sasan Gir,21.168811,70.602078,N,esri
,Sasthankotta,9.031507,76.600944,N,esri
,Satberia,23.047796,88.791429,N,esri
,Sathupalli,17.204722,80.774441,N,esri
,Satish Samanta PH,22.19294,87.990353,N,esri
,Satsang Nagar Halt,24.490984,86.682113,N,esri
,Sattenapalle,16.405035,80.15313,N,esri
,Sattirakkudi,9.400919,78.705256,N,esri
,Satulur,16.254705,80.139212,N,esri
,Satuna,19.491068,76.356369,N,esri
,Satur,9.357692,77.922054,N,esri
,Satyavada,16.79512,81.668536,N,esri
,Saugor,23.847761,78.743332,N,esri
,Saunshi,15.202683,75.300949,N,esri
,Sausar,21.658597,78.802306,N,esri
,Savalyapuram,16.103213,79.820695,N,esri
,Savanur,14.963048,75.407017,N,esri
,Savarda,17.404651,73.515067,N,esri
,Savda,21.110688,75.910258,N,esri
,Sawai Madhopur D Cabin,26.040345,76.380716,N,esri
,Sawalgi,17.33998,76.711919,N,esri
,Sawalkote,33.211425,75.031749,N,esri
,Seawoods Darave,19.022311,73.019325,N,esri
,Secunderabad Junction,17.432794,78.503299,Y,esri
,Sedam,17.181083,77.285404,N,esri
,Sedarampattu,12.684351,79.196827,N,esri
,Sehara Bazar,23.110073,87.804258,N,esri
,Sekerkote,23.743673,91.277456,N,esri
,Selenghat,26.783329,94.482821,N,esri
,Seloo Road,20.777108,78.715806,N,esri
,Selu,19.448088,76.433793,N,esri
,Semarkheri,24.280478,78.181834,N,esri
,Sembanarkovil,11.103449,79.733396,n,esri
,Semmandappatti,11.793647,78.026815,N,esri
,Senapura,13.717875,74.684472,N,esri
,Senchoa Junction,26.317923,92.650508,Y,esri
,Sendurai,11.255457,79.167827,N,esri
,Sengottai,8.987366,77.24216,N,esri
,Sengulam,8.606786,77.682928,N,esri
,Senji Panambakkam,13.094579,79.836037,N,esri
,Seonan Halt,25.283009,85.010784,N,esri
,Seoraphuli Junction,22.775576,88.328295,N,esri
,Sepon,27.114284,94.853353,N,esri
,Serndanur,11.870357,79.517346,N,esri
,Sesapani,26.383616,90.223419,N,esri
,Sessa,26.76411,92.721537,N,esri
,Settigunta,13.870387,79.384083,N,esri
,Settihalli,12.644571,77.142427,N,esri
,Sevur,12.971668,79.190091,N,esri
,Sevvapet Road,13.12494,79.965855,N,esri
,Sewagram Junction,20.739158,78.618558,Y,esri
,Seydunganallur,8.66297,77.824347,N,esri
,Shadhoragaon,24.631085,77.58849,N,esri
,Shadnagar,17.064849,78.213026,N,esri
,Shahabad,17.121942,76.943396,N,esri
,Shahabad Mohammadpur,28.560703,77.071767,N,esri
,Shahamatganj,28.363087,79.429418,N,esri
,Shahanagar Timarua,27.428713,78.272725,N,esri
,Shahdara A Panel,28.673809,77.3346,N,esri
,Shahdara B Panel,28.66606,77.335073,N,esri
,Shahdara Block Cabin,28.676158,77.30014,N,esri
,Shaheed Jitendra Halt,25.024989,86.209542,N,esri
,Shahjahanpur Junction,27.893503,79.905734,Y,esri
,Shahjahanpur Kutchery Halt,27.887769,79.920902,N,esri
,Shahpur,16.690197,76.866158,N,esri
,Shahpur Patoree,25.63916,85.581424,N,esri
,Shakar Nagar,18.658634,77.905485,N,esri
,Shaktinagar Terminal,24.122904,82.70215,N,esri
,Shakur Basti,28.681407,77.127568,N,esri
,Shalimar (Kolkata),22.555212,88.315338,N,esri
,Shama Charanpur PH,20.638085,85.61954,N,esri
,Shamkauria,26.034814,84.834164,N,esri
,Shamnapur,18.108714,78.324819,N,esri
,Shampurhalli,16.87664,77.032989,N,esri
,Shankapur Halt,18.065864,78.402639,N,esri
,Shankarpalli,17.450562,78.130494,N,esri
,Shantigrama,12.98454,76.205503,N,esri
,Shapur,21.477702,70.370709,N,esri
,Sharma Halt,27.599266,80.006356,N,esri
,Shedbal,16.720523,74.752443,N,esri
,Shegaon,20.801451,76.689531,N,esri
,Sheikhpura Junction,25.132368,85.853606,Y,esri
,Shelgaon Halt,19.079219,77.589768,N,esri
,Shendri,18.149354,75.590233,N,esri
,Shendurni,20.65747,75.597469,N,esri
,Sheoprasad Nagar,23.310106,82.77148,N,esri
,Shiblun,23.691353,88.083553,N,esri
,Shikohabad Junction,27.086202,78.575767,Y,esri
,Shingatgeri,15.348273,74.66076,N,esri
,Shirala,21.125985,77.724802,N,esri
,Shiribagilu,12.799217,75.594994,N,esri
,Shirravde,17.359831,74.158194,N,esri
,Shirsoli,20.934639,75.508813,N,esri
,Shirud,20.73406,74.878041,N,esri
,Shirva,23.025465,70.196785,N,esri
,Shisho Halt,26.205071,85.865617,N,esri
,Shivamogga,13.928067,75.592529,N,esri
,Shivamogga Bidare (Shimoga),13.903701,75.642298,N,esri
,Shivamogga Town (Shimoga),13.943768,75.583477,N,esri
,Shivani,13.811739,76.058762,N,esri
,Shivarampur,27.240436,78.208345,N,esri
,Shivlakha,23.384207,70.624736,N,esri
,Shivni Shivapur,20.675836,77.048225,N,esri
,Shivpur Halt,25.242686,84.311155,N,esri
,Shoghi,31.03904,77.124638,N,esri
,Shokhuvi,25.760402,93.712585,N,esri
,Sholavandan,10.021662,77.967591,N,esri
,Sholinghur,13.014138,79.486741,N,esri
,Shoranur B Cabin,10.754293,76.2807,N,esri
,Shoranur Junction,10.759445,76.271895,Y,esri
,Shravanabelagola,12.871353,76.465774,N,esri
,Shri Ganganagar Junction,29.931965,73.872345,Y,esri
,Shri Krishna Nagar,25.883422,82.449279,N,esri
,Shri Kshetra Nagjhari,20.761967,76.75388,N,esri
,Shri Kshetra Pala,21.376065,78.018421,N,esri
,Shri Mahaveerji,26.684742,76.968342,N,esri
,Shri Makri Nath Nagar,28.170804,74.8083,N,esri
,Shri Sharada Nagar,13.260953,76.455851,N,esri
,Shri Singaji TPP Siding,22.100812,76.537579,N,esri
,ShriRampuram,17.117855,79.21321,N,esri
,Shrimad Dwarakapuri,27.355985,79.531933,N,esri
,Shripat Shrikhand,23.604167,88.069984,N,esri
,Shrirajnagar,26.521904,81.078196,N,esri
,Shrirampur Serampore,22.754508,88.338359,N,esri
,Shrirangapattana,12.424307,76.677953,N,esri
,Shukradas Gram Halt Devachak,24.995299,86.237611,N,esri
,Shyam Pura,25.247016,75.271899,N,esri
,Siajuli,27.356809,94.119592,N,esri
,Sibsagar Town,26.99027,94.643147,N,esri
,Siddampalli,13.159881,79.137058,N,esri
,Siddapur Grama,15.522439,76.639683,N,esri
,Siddapur Halt,12.988799,76.9155,N,esri
,Siddipet,18.115916,78.888114,N,esri
,Sidhari Halt,26.038113,83.188458,N,esri
,Sidhmukh,28.893514,75.290577,N,esri
,Sidlaghatta,13.392089,77.864236,N,esri
,Siju,20.294481,86.592884,N,esri
,Sikaria Halt,25.563201,84.348761,N,esri
,Sikhera Mb Halt,28.759508,77.962396,N,esri
,Sikir,20.337892,83.199425,N,esri
,Sikkal,10.752786,79.801054,N,esri
,Sikkampatti Halt,9.963738,77.821852,N,esri
,Sikosa,20.868767,81.285943,N,esri
,Silaiman,9.867418,78.20093,N,esri
,Silak Jhori,18.977514,81.670861,N,esri
,Silakeri,23.094887,76.058127,N,esri
,Silapathar,27.592772,94.718066,N,esri
,Silchar,24.830561,92.792184,N,esri
,Silghat Town,26.607541,92.929832,N,esri
,Siliari,21.426682,81.75562,N,esri
,Sillakkudi,11.096737,79.03721,N,esri
,Silonibari,27.200743,94.031159,N,esri
,Silout,26.03803,85.455428,N,esri
,Silpaprabesh,22.05872,88.10756,N,esri
,Silpara,24.466701,81.29103,N,esri
,Simaluguri Junction,26.917679,94.756373,Y,esri
,Simariya Kajarwada,22.439141,80.324676,N,esri
,Simbhooli,28.764752,77.983473,N,esri
,Simen Chapari,27.723756,94.887,N,esri
,Sindewahi,20.297247,79.670125,N,esri
,Sindi,20.815731,78.883308,N,esri
,Sindurwa,26.492647,81.569671,N,esri
,Singanallur,11.012724,77.039352,N,esri
,Singaperumal Koil,12.761457,80.000106,N,esri
,Singapur Road A Cabin,19.277336,83.403143,N,esri
,Singapur Road B Cabin,19.295522,83.409618,N,esri
,Singarayakonda,15.252368,80.026249,N,esri
,Singareni Collieries,17.597411,80.305291,N,esri
,Singhirampur,27.229689,79.640136,N,esri
,Singhiyaghat,25.747643,85.975392,N,esri
,Singra,25.985059,91.141368,N,esri
,Singriyawan Halt,25.409852,85.284879,N,esri
,Singuli Shyam,25.18692,75.010493,N,esri
,Sipat Supar,22.126472,82.292873,N,esri
,Sipra Bridge,23.171737,75.752709,N,esri
,Sircilla,18.366742,78.851031,N,esri
,Siripuram,16.413152,80.295753,N,esri
,Sirkazhi,11.242775,79.728128,N,esri
,Sirli,19.508849,77.212488,N,esri
,Sirnapalli,18.487995,78.271418,N,esri
,Sirpur Kaghaznagar,19.346523,79.489911,N,esri
,Sirpur Town,19.478828,79.560692,N,esri
,Sirry,20.959737,81.725076,N,esri
,Sirsa Nunthar Halt,24.472475,86.824623,N,esri
,Sirsi Makhdumpur,28.634514,78.641716,N,esri
,Siruvattur,11.636298,78.941739,N,esri
,Sirwal,16.814539,76.873464,N,esri
,Sisai Gulabrai,26.282709,83.770457,N,esri
,Sisauna,29.218859,78.280891,N,esri
,Sisibargaon,27.567687,94.683883,N,esri
,Sisvinhalli,15.43005,75.319421,N,esri
,Sitafalmandi,17.427322,78.520525,N,esri
,Sitafalmandi B Cabin,17.436842,78.514329,N,esri
,Sitalnagar,28.044114,74.254094,N,esri
,Sitalpur Bengal,21.773118,87.670813,N,esri
,Sitamarhi Junction,26.595,85.504399,Y,esri
,Sitampet,16.797538,81.211124,N,esri
,Sitapur Cutchery,27.564751,80.687105,N,esri
,Sitapuram Halt,18.815303,83.982348,N,esri
,Sitaramapuram,16.474609,79.921113,N,esri
,Sitarampur Junction,23.723485,86.896059,Y,esri
,Sitarampur Link Cabin,23.741729,86.887584,N,esri
,Sithalavai,10.958244,78.273758,N,esri
,Sitimani,16.319529,75.866177,N,esri
,Sitpura,24.590944,80.758323,N,esri
,Sivadevunichikkala,16.536532,81.653637,N,esri
,Sivadi,12.03952,78.118314,N,esri
,Sivaganga,9.855009,78.500572,N,esri
,Sivakasi,9.462905,77.789043,N,esri
,Sivapur,13.670275,75.92869,N,esri
,Sivarakottai,9.760582,77.986999,N,esri
,Sivnar Halt,25.399248,85.89358,N,esri
,Sivni,22.053669,82.684466,N,esri
,Sivungaon,19.108325,77.544374,N,esri
,Siwaith,25.578354,81.870199,N,esri
,Sogaria,25.229808,75.901302,N,esri
,Sohansara,28.407656,75.860301,N,esri
,Sohsarai Halt,25.231264,85.538503,N,esri
,Solapur,17.664541,75.893161,N,esri
,Solapur Yard,17.643805,75.910434,N,esri
,Solapurwadi,18.91133,74.935372,N,esri
,Solari,19.800684,85.248183,N,esri
,Soldevanahalli,13.091403,77.489829,N,esri
,Solgampatti,10.78551,78.877245,N,esri
,Solu Majra Halt,29.86845,76.575482,N,esri
,Solur,13.069907,77.259006,N,esri
,Somalapuram,14.912386,76.869465,N,esri
,Somanayakkanpatti,12.574838,78.542685,N,esri
,Somankatti,15.764341,75.631272,N,esri
,Somanur,11.086541,77.185268,N,esri
,Someshwara,13.560326,77.512658,N,esri
,Somidevipalle,15.453217,79.03807,N,esri
,Sompur Road,15.421778,75.873287,N,esri
,Somthan,20.438659,77.577154,N,esri
,Sonachara,23.633861,87.147931,N,esri
,Sonakpur Halt,28.629865,78.701788,N,esri
,Sonaripur,28.487645,80.711961,N,esri
,Sondad,21.08615,80.096113,N,esri
,Sonegaon,20.628967,78.709314,N,esri
,Sonkhamb,21.276349,78.736375,N,esri
,Sonma Pranpur,25.632423,86.225147,N,esri
,Sonu,27.261944,70.643801,N,esri
,Sonuabori,26.173046,92.311385,N,esri
,Sonwal,25.550833,83.614859,N,esri
,Sorbhog,26.494103,90.884419,N,esri
,Soro,21.291098,86.692427,N,esri
,Sorta Halt,20.769235,78.33864,N,esri
,Sorupeta,26.499518,91.077288,N,esri
,Sravanur,12.739765,76.338416,N,esri
,Sri Bala Brahmeswara Jogulamba Halt,15.915636,78.041848,N,esri
,Sri Dungargarh,28.070898,74.006144,N,esri
,Sri Jhadeshwar Road,20.598969,86.022653,N,esri
,Sri Kalahasti,13.74586,79.683254,N,esri
,Sri Krishna Janam Sthan,27.504432,77.671023,N,esri
,Sri Ramgarh Halt,29.180183,74.971742,N,esri
,Sri Santh Sevalal Maharaj,16.771629,79.7993,N,esri
,Sri Sathya Sai Prashanthi Nilayam,14.161081,77.758861,N,esri
,Sri Venkata Perumal Raju Puram,13.513024,79.513324,N,esri
,Sri Venkateswarapalem,14.806481,79.981772,N,esri
,Sri Vijaynagar,29.240309,73.522709,N,esri
,Sribar,24.816796,93.009843,N,esri
,Srikona,24.839743,92.719052,N,esri
,Srinagar Kashmir,34.023809,74.847251,N,esri
,Srinagar Rajasthan,25.364055,75.56876,N,esri
,Srinivasa Nagar,17.880217,78.466798,N,esri
,Srinivasapur,13.32867,78.206926,N,esri
,Sripani,27.558699,94.632592,N,esri
,Sripur Colliery Siding,23.692593,87.050435,N,esri
,Sripuriagaon,27.466008,95.351769,N,esri
,Sriramanagar Grama Halt,15.491871,76.616177,N,esri
,Sriramnagar,16.303981,77.867715,N,esri
,Srirampur PH,23.324316,87.319117,N,esri
,Srirangam,10.857715,78.696063,N,esri
,Srivaikuntam,8.622707,77.905928,N,esri
,Srivilliputtur,9.497536,77.645172,N,esri
,Srungavruksham,16.543303,81.602012,N,esri
,St Thomas Mount,12.994934,80.199023,N,esri
,Stuartpuram,15.874542,80.415656,N,esri
,Suaheri,29.444964,78.197701,N,esri
,Subansiri,27.455568,94.239304,N,esri
,Subrahmanya Road,12.731555,75.557983,N,esri
,Suchi Pind,31.334973,75.617617,N,esri
,Suchindram,8.149301,77.466544,N,esri
,Suchitra Centre,17.488729,78.473054,N,esri
,Sudiyur,9.60046,78.485915,N,esri
,Sugapahari,24.282469,86.587587,N,esri
,Sujata Puram Halt,12.136023,76.674324,N,esri
,Sujnipara,24.570494,88.036969,N,esri
,Sukhisewaniyan,23.340426,77.485386,N,esri
,Sukinda,20.973748,85.90209,N,esri
,Sukinda Road,20.974986,86.051517,N,esri
,Sukli,21.666544,79.677929,N,esri
,Sukritipur,24.900559,92.577444,N,esri
,Suldhal,16.002295,74.678045,N,esri
,Sulehalli,17.080092,77.052637,N,esri
,Sulerjavalge,17.459039,75.974778,N,esri
,Sulgare,16.89298,74.903831,N,esri
,Sulikeri,16.122795,75.650849,N,esri
,Sullurupeta,13.696522,80.018192,N,esri
,Sultanabad,18.520377,79.331558,N,esri
,Sultanpur Gram,25.387619,85.318571,N,esri
,Sultanpur Lodhi,31.211098,75.202309,N,esri
,Sulur Road,11.049441,77.117221,N,esri
,Sumreri,24.007918,78.399095,N,esri
,Sundaraperumal Kovil,10.939664,79.311048,N,esri
,Sundarna,22.435622,72.815085,N,esri
,Sunderabad,23.131198,75.308034,N,esri
,Sunderpur,29.327176,76.421027,N,esri
,Sunderpur Halt,26.080029,86.61095,N,esri
,Sunehti Kharkhari,29.910717,77.69038,N,esri
,Sunokh,23.61531,73.249247,N,esri
,Suprakandi,24.791173,92.37825,N,esri
,Sur khand Ka Khera,24.1185,73.880546,N,esri
,Sura Nussi,31.380579,75.542636,N,esri
,Suraj Devel,22.495661,71.244683,N,esri
,Suraj Kunda,26.143626,81.204514,N,esri
,Surakachhar Colliery Siding,22.35254,82.624381,N,esri
,Surapur,26.494078,82.593898,N,esri
,Surareddipalem,15.408175,80.045984,N,esri
,Surathkal,12.990285,74.805368,N,esri
,Surendranagar East Cabin,22.749352,71.645205,N,esri
,Surendranagar West Cabin,22.741227,71.640472,N,esri
,Sureran,29.402601,74.696255,N,esri
,Surergoth,27.190926,76.612695,N,esri
,Surja Kamal,25.93598,87.849413,N,esri
,Sutei Badegan,21.489542,86.851801,N,esri
,Suwansa,25.698632,82.146397,N,esri
,Swami Narayan Chhapia,26.980573,82.396074,N,esri
,Swamihalli,14.976065,76.608949,N,esri
,Swamimalai,10.94216,79.328527,N,esri
,T Sakibanda,15.16287,77.173813,N,esri
,TTPS Siding Talcher,20.911249,85.214116,N,esri
,Tada,13.58866,80.036348,N,esri
,Tadakalpudi,17.51627,80.464672,N,esri
,Tadali Junction,20.034961,79.187678,Y,esri
,Tadepalligudem,16.810205,81.526584,N,esri
,Tadipatri,14.908627,77.977309,N,esri
,Tadla Pusapalli,17.626326,79.954881,N,esri
,Taduku,13.497121,79.530401,N,esri
,Tadwal,17.393355,75.975651,N,esri
,Taj Nagar,28.385515,76.82575,N,esri
,Taj Sultanpur,17.38196,76.830584,N,esri
,Takal,21.6529,76.533619,N,esri
,Takarkhede,21.035742,75.164302,N,esri
,Takazhi,9.370785,76.409069,N,esri
,Takha,27.136695,78.769774,N,esri
,Takhrau,27.275398,79.217925,N,esri
,Takkolam,13.024382,79.677466,N,esri
,Takli,20.832576,77.657167,N,esri
,Takli Bansali PH,21.355949,78.991522,N,esri
,Talaivasal,11.596795,78.7512,N,esri
,Talaiyuthu,8.784261,77.730218,N,esri
,Talakal,15.396963,75.995869,N,esri
,Talaku,14.446028,76.675156,N,esri
,Talamanchi,14.606208,79.997736,N,esri
,Talanallur,11.469846,79.269372,N,esri
,Talap,27.674155,95.563089,N,esri
,Talcher Road,20.88646,85.208042,N,esri
,Talguppa,14.214273,74.914362,N,esri
,Tall Junction,25.379262,85.955184,Y,esri
,Talli Saida Sahu,31.032224,74.746778,N,esri
,Talmadla,18.239603,78.357337,N,esri
,Talmadugu,19.641484,78.396138,N,esri
,Talni,20.754505,78.230281,N,esri
,Talodhi Road,20.452464,79.736584,N,esri
,Taloje Panchnand,19.078295,73.088201,N,esri
,Talwra,31.946166,75.854134,N,esri
,Tamaraipadi,10.400914,78.042136,N,esri
,Tambaram,12.925942,80.118055,N,esri
,Tambaram Sanatorium,12.937902,80.131354,N,esri
,Tamluk Junction Cabin,22.234288,87.938083,N,esri
,Tamna,23.269271,86.352416,N,esri
,Tanakallu,13.922646,78.201025,N,esri
,Tanchha,21.919441,72.899627,N,esri
,Tanda Thermal Power House,26.585252,82.604885,N,esri
,Tandarai,12.111783,79.155339,N,esri
,Tandavapura,12.169469,76.67758,N,esri
,Tandur,17.250897,77.585095,N,esri
,Tangani,27.452205,94.714872,N,esri
,Tangerbasli,23.374696,85.060775,N,esri
,Tangla,26.657006,91.905187,N,esri
,Tanguturu,15.337522,80.033441,N,esri
,Tanuku,16.75187,81.674047,N,esri
,Tanur,10.977811,75.881707,N,esri
,Tapa,30.30309,75.36693,N,esri
,Tapasi,23.66569,87.128436,N,esri
,Tapaswinarayan Nagar Halt,26.624523,85.457537,N,esri
,Tapona,20.341941,77.864479,N,esri
,Tappa Khajuria Halt,27.580608,80.776264,N,esri
,Tarabari,26.42983,92.694717,N,esri
,Taramani,12.978628,80.240888,N,esri
,Tarangambadi,11.024332,79.846504,N,esri
,Tarchhera Baraoliran,27.207005,77.127455,N,esri
,Tarigoppula,16.48547,80.835955,N,esri
,Tarikere,13.711597,75.812719,N,esri
,Tarlupadu,15.656439,79.209077,N,esri
,Taroki,19.958296,81.123131,N,esri
,Tarsod,21.025458,75.634491,N,esri
,Tarva,22.004659,73.263165,N,esri
,Tatanagar Junction,22.768737,86.199602,Y,esri
,Tatibahar,26.980229,93.819981,N,esri
,Taticherla,14.748794,77.594754,N,esri
,Tattapparai,8.827379,78.024008,N,esri
,Teegaon,21.637621,78.460255,N,esri
,Teesta Bazaar,27.055923,88.430112,N,esri
,Tejgarh,22.348681,73.899502,N,esri
,Tekkali Halt,18.604464,84.234242,N,esri
,Tekra Depot,22.926848,70.102461,N,esri
,Tektar,26.280681,85.84776,N,esri
,Telam,27.766123,95.003845,N,esri
,Telaprolu,16.598755,80.890597,N,esri
,Telapur,17.475081,78.285043,N,esri
,Telgaon,18.978507,76.176752,N,esri
,Teli,11.933501,79.405587,N,esri
,Teliamura,23.861448,91.618273,N,esri
,Teligi,14.659539,75.897816,N,esri
,Tempa,20.678454,79.605445,N,esri
,Tenali Junction,16.241919,80.64079,Y,esri
,Tengaria,20.912537,85.721456,N,esri
,Teni,10.014284,77.47332,N,esri
,Tenkasi Junction,8.96416,77.307405,Y,esri
,Tenmalai,8.968785,77.070417,N,esri
,Tenneru,16.488021,80.816009,N,esri
,Tetelia Junction,26.125484,92.022465,Y,esri
,Tetonbari,26.869015,93.491135,N,esri
,Tettu,15.04348,80.005539,N,esri
,Tezpur,26.617762,92.788216,N,esri
,Thailik Twisa,23.12459,91.613867,N,esri
,Thair,18.352655,76.150073,N,esri
,Thaiyat Hamira Junction,26.993317,71.078173,Y,esri
,Thakurbari,26.797238,92.700041,N,esri
,Thakurkuchi,26.233634,91.922129,N,esri
,Thakurvadi Cabin,18.833413,73.364124,N,esri
,Thal,18.700375,72.866913,N,esri
,Thalangai,13.003238,79.422489,N,esri
,Thalassery,11.753649,75.49238,N,esri
,Thandoni,10.933811,78.108852,N,esri
,Thangundi,16.803503,77.067971,N,esri
,Thanisandra,13.06309,77.628588,N,esri
,Thanjavur Junction,10.777942,79.138368,Y,esri
,Tharban,19.253249,77.667383,N,esri
,Tharsa,21.256438,79.414782,N,esri
,Thathankulam,8.630079,77.840849,N,esri
,Thein Dam Siding,32.372257,75.678553,N,esri
,Thekeraguri,26.205972,92.434757,N,esri
,Thippasandra,13.055178,77.118787,N,esri
,Thirukkovilur,11.97585,79.223521,N,esri
,Thirumayilai,13.034896,80.267088,N,esri
,Thirunallaru,10.933413,79.788455,N,esri
,Thiruthuraiyur,11.824505,79.53487,N,esri
,Thiruvananthapuram Central,8.486087,76.951164,Y,esri
,Thiruvananthapuram Pettah,8.495117,76.930979,N,esri
,Thiruvarur Junction,10.764664,79.633288,Y,esri
,Thokur,12.963369,74.829549,N,esri
,Thondaimanallur,10.623598,78.746519,N,esri
,Thondebhavi,13.504234,77.514865,N,esri
,Thonganur,12.081764,78.358224,N,esri
,Thrippunithura,9.94986,76.352605,N,esri
,Thrissur,10.516069,76.208413,N,esri
,Thrissur Punkunnam,10.534181,76.208962,N,esri
,Thudiyalur,11.0825,76.948204,N,esri
,Thurakapalli,15.087083,77.628078,N,esri
,Thurandahalli,13.234856,78.142598,N,esri
,Tihu,26.471771,91.267781,N,esri
,Tikauli Rawatpur,26.399062,80.613559,N,esri
,Tikekarwadi,17.615572,75.933634,N,esri
,Tikirapal PH,21.538657,86.950097,N,esri
,Tikkotti,11.489365,75.626508,N,esri
,Tikra Ph,21.667035,87.534512,N,esri
,Tilaiya Junction,24.822795,85.403419,Y,esri
,Tilaknagar,19.065361,72.891275,N,esri
,Tilati,17.529168,76.035711,N,esri
,Tilbhum,24.488749,92.271674,N,esri
,Tilda Neora,21.55078,81.794818,N,esri
,Tillaivilagam,10.443425,79.560026,N,esri
,Tillayadi,11.041254,79.815407,N,esri
,Tiloniya,26.653042,74.93456,N,esri
,Timmachipuram,10.952587,78.372466,N,esri
,Timmanacherla,15.162851,77.394096,N,esri
,Timmapur,17.169124,78.28896,N,esri
,Timmapuram,17.288396,82.450277,N,esri
,Timtala,20.812429,77.795346,N,esri
,Tindivanam,12.229474,79.651302,N,esri
,Tingrai,27.457986,95.560742,N,esri
,Tinkheda,21.407702,78.523497,N,esri
,Tinnappatti,11.812417,78.098395,N,esri
,Tinpheria,26.618381,84.293149,N,esri
,Tinsukia Junction,27.486894,95.357734,Y,esri
,Tipling,27.048152,93.832513,N,esri
,Tippapur,18.193949,78.376689,N,esri
,Tipparthi,17.005791,79.423909,N,esri
,Tiptur,13.255728,76.476254,N,esri
,Tirap Siding,27.295852,95.767463,N,esri
,Tirodi,21.679802,79.716539,N,esri
,Tirora,21.414141,79.917024,N,esri
,Tiruchanur,13.633492,79.482153,N,esri
,Tiruchchirappalli Fort,10.824681,78.689159,N,esri
,Tiruchchirappalli Junction,10.794012,78.686142,Y,esri
,Tiruchchirappalli Palakkarai,10.807094,78.694068,N,esri
,Tiruchchirappalli Town,10.829344,78.702982,N,esri
,Tiruchchuli,9.537804,78.198364,N,esri
,Tiruchendur,8.502932,78.117189,N,esri
,Tiruchitrambalam,10.341661,79.24631,N,esri
,Tirukkadaiyur,11.069408,79.803828,N,esri
,Tiruldih,23.134403,85.929207,N,esri
,Tirumalairayanpattinam,10.876606,79.839959,N,esri
,Tirumalpur,12.95625,79.6738,N,esri
,Tirumangalam,9.824245,77.990059,N,esri
,Tirumani,12.66723,79.988835,N,esri
,Tirumanthikunam,10.766989,79.540222,N,esri
,Tirumayam,10.240716,78.758777,N,esri
,Tirumullaivayil,13.115374,80.136952,N,esri
,Tirunagesvaram,10.975054,79.427835,N,esri
,Tirunelikkaval,10.653693,79.636263,N,esri
,Tirunelveli Jn Cabin,8.719813,77.706265,N,esri
,Tirunelveli Junction,8.733854,77.707949,Y,esri
,Tirunelveli Town,8.720105,77.686835,N,esri
,Tirunettur,9.934245,76.308478,N,esri
,Tiruninravur,13.123699,80.028222,N,esri
,Tirunnavaya,10.874995,75.985286,N,esri
,Tirupadripulyur,11.748263,79.754056,N,esri
,Tirupati,13.628345,79.419958,N,esri
,Tirupati West Halt,13.624892,79.405305,N,esri
,Tirupattur,12.498322,78.56181,N,esri
,Tiruppachetti,9.8012,78.295888,N,esri
,Tirupparankundram,9.878556,78.064746,N,esri
,Tiruppur,11.108568,77.339599,N,esri
,Tiruppur Kulipalayam,11.144191,77.390348,N,esri
,Tiruppuvanam,9.821711,78.259477,N,esri
,Tirur,10.91784,75.921742,N,esri
,Tirusulam,12.980114,80.165752,N,esri
,Tiruttangal,9.477431,77.810859,N,esri
,Tiruttani,13.179809,79.61181,N,esri
,Tiruturaipundi Junction,10.538711,79.63471,Y,esri
,Tiruvalam,12.975057,79.245804,N,esri
,Tiruvalangadu,13.090529,79.76364,N,esri
,Tiruvalla,9.392741,76.579878,N,esri
,Tiruvallikeni,13.055236,80.280619,N,esri
,Tiruvallur,13.116163,79.912837,N,esri
,Tiruvanmiyur,12.989284,80.251469,N,esri
,Tiruvannamalai,12.238378,79.077791,N,esri
,Tiruvennainallur,11.841388,79.412915,N,esri
,Tiruverumbur,10.787277,78.779041,N,esri
,Tiruvidaimarudur,10.991527,79.455006,N,esri
,Tiruvizha,9.642475,76.326452,N,esri
,Tiruvottiyur,13.15871,80.29615,N,esri
,Titabar,26.601825,94.199852,N,esri
,Titte,10.837265,79.181744,N,esri
,Titur,21.059993,79.289258,N,esri
,Titvala,19.295563,73.203015,N,esri
,Todiyapulam,11.152406,76.268715,N,esri
,Tokapal,19.006809,81.878525,N,esri
,Tokkottu,12.808852,74.857275,N,esri
,Tokwadi,18.875654,76.492252,N,esri
,Tolahunse,14.399663,75.964651,N,esri
,Tolasampatti,11.761611,77.980249,N,esri
,Tolewahi Halt,20.017103,79.605504,N,esri
,Tomka,21.107948,85.976021,N,esri
,Tondalagopavaram,16.867956,80.430736,N,esri
,Tondamanpatti,10.78612,78.822543,N,esri
,Tondiarpet,13.127293,80.281475,N,esri
,Tondiarpet Marshalling Yard,13.136664,80.286219,N,esri
,Toppur,11.931584,78.070163,N,esri
,Topputurai,10.39584,79.851315,N,esri
,Toranagallu Junction,15.203084,76.663151,Y,esri
,Tordi Sagar,26.223985,75.409596,N,esri
,Torna,22.951877,73.015157,N,esri
,Totiyapalayam,11.291952,77.68118,N,esri
,Tovalai,8.228143,77.506115,N,esri
,Tozhuppedu,12.368913,79.784704,N,esri
,Transport Nagar,26.777328,80.902518,N,esri
,Trikarpur,12.144176,75.175559,N,esri
,Trivediganj,26.656653,81.298265,N,esri
,Tsunduru,16.157228,80.585945,N,esri
,Tuggali,15.31104,77.530134,N,esri
,Tughlakabad Cabin,28.451665,77.304087,N,esri
,Tuglakabad,28.503578,77.297146,N,esri
,Tuglakabad East Cabin,28.535778,77.283259,N,esri
,Tuiya Pani,22.5198,80.044088,N,esri
,Tukaithad,21.427651,76.670554,N,esri
,Tuli,26.736577,94.612896,N,esri
,Tuljapur,20.80034,78.80763,N,esri
,Tulsi Ashram,25.342086,83.351112,N,esri
,Tulsi Nagar,26.220709,82.649492,N,esri
,Tulukapati,9.45915,77.933646,N,esri
,Tulwara Jhil,29.511788,74.587051,N,esri
,Tumakuru,13.333242,77.103078,N,esri
,Tumboli,9.519129,76.321824,N,esri
,Tummalacheruvu,16.528832,79.801565,N,esri
,Tummanamgutta,13.711813,78.3707,N,esri
,Tumsar Road Junction,21.342134,79.751195,Y,esri
,Tumsar Town,21.383496,79.741539,N,esri
,Tungabhadra Dam,15.263067,76.354227,N,esri
,Tungi Halt,25.171391,85.526704,N,esri
,Tunijan,27.129037,93.898709,N,esri
,Tupul,24.806025,93.675806,N,esri
,Turavur,9.774982,76.31027,N,esri
,Turbhe APM Complex,19.07607,73.017166,N,esri
,Turekela Road,20.562296,82.814333,N,esri
,Turinjapuram,12.31741,79.084582,N,esri
,Turki Road,24.547911,81.138128,N,esri
,Tuti Melur,8.808251,78.147062,N,esri
,Tuticorin,8.806004,78.155362,N,esri
,Tuvvur,11.120459,76.28318,N,esri
,Tyakal,12.984287,78.070539,N,esri
,Ubarni,26.122422,81.170807,N,esri
,Uchippuli,9.308733,79.012483,N,esri
,Udagamandalam,11.405305,76.696325,N,esri
,Udaipur (Tripura),23.510717,91.479988,N,esri
,Udaipur Khurd Halt,28.478078,80.186212,N,esri
,Udalguri,26.744681,92.097204,N,esri
,Udgir,18.390704,77.10991,N,esri
,Udumalaipettai,10.578976,77.250492,N,esri
,Udupi,13.336171,74.770869,N,esri
,Udyan Kheri,23.670653,76.628195,N,esri
,Udyognagar,21.212869,81.780151,N,esri
,Ugar Khurd,16.670133,74.821225,N,esri
,Ugna Halt,26.238447,86.095282,N,esri
,Ugu,26.778162,80.323081,N,esri
,Ugwe,20.805679,77.009167,N,esri
,Ujiarpur,25.780421,85.800386,N,esri
,Ujjain C Cabin,23.184902,75.802124,N,esri
,Ukai Songadh,21.148625,73.556836,N,esri
,Ukhali,18.909988,76.603336,N,esri
,Ukilerhat Halt,21.824781,88.23006,N,esri
,Ulavapadu,15.166913,80.013056,N,esri
,Ulhas Bridge Cabin,19.241404,73.072274,N,esri
,Ulindakonda,15.652465,77.968416,N,esri
,Ullal,12.792349,74.854843,N,esri
,Ulna Bhari,26.624709,82.326988,N,esri
,Ultadanga Road,22.597419,88.390718,N,esri
,Ulundurpet,11.70209,79.318128,N,esri
,Umargam Road,20.154687,72.791566,N,esri
,Umaria Isra Halt,22.054764,79.087732,N,esri
,Umdanagar,17.263406,78.393117,N,esri
,Umram,19.661935,78.437778,N,esri
,Umred,20.851085,79.331268,N,esri
,Umred Colliery Siding,20.875145,79.286037,N,esri
,Umri,19.042032,77.643383,N,esri
,Unai and Bansda Road,20.852462,73.339303,N,esri
,Unawa Vasan,23.330097,72.658974,N,esri
,Undasa Madhopur,23.088033,75.978574,N,esri
,Undi,16.580898,81.464289,N,esri
,Unguturu,16.824443,81.422834,N,esri
,Unjalur,11.129119,77.876651,N,esri
,Unkal,15.373913,75.125126,N,esri
,Upar Mal,25.274888,75.328543,N,esri
,Uplai,18.17959,75.634947,N,esri
,Uppal,18.1825,79.481921,N,esri
,Uppala,12.669705,74.906916,N,esri
,Uppalavai,18.424707,78.316091,N,esri
,Uppaluru,16.492834,80.780542,N,esri
,Uppugunduru,15.657722,80.202906,N,esri
,Urappakkam,12.867537,80.072145,N,esri
,Urdauli,27.632885,80.513738,N,esri
,Urkura,21.297333,81.651006,N,esri
,Urkura East Cabin,21.300238,81.654401,N,esri
,Urkura West Cabin,21.289553,81.64525,N,esri
,Urma,23.152795,86.248902,N,esri
,Usia Khas Halt,25.434703,83.707349,N,esri
,Usilampatti,9.970749,77.793881,N,esri
,Usmanpur,19.528205,76.281274,N,esri
,Usmanpur Dehat Halt,29.547655,77.376923,N,esri
,Utraitia Junction,26.763288,80.973969,Y,esri
,Uttamarkovil,10.878093,78.702685,N,esri
,Uttangal Mangalam,11.54027,79.431004,N,esri
,Uttar Radhanagar Halt,22.269236,88.383833,N,esri
,Uttarkathani,26.936976,93.791966,N,esri
,Uttukuli,11.154686,77.445774,N,esri
,V O C Nagar,13.140591,80.2878,N,esri
,VV Giri Halt,25.570843,84.176397,N,esri
,Vachhnad,21.838497,72.928724,N,esri
,Vadakannikapuram,10.639565,76.686904,N,esri
,Vadakara,11.593574,75.587003,N,esri
,Vadala Road,19.016468,72.858761,N,esri
,Vadalur,11.557064,79.546279,N,esri
,Vadamadura,10.437228,78.1035,N,esri
,Vadanamkurussi Halt,10.787533,76.252833,N,esri
,Vadapalanji Halt,9.938141,78.009817,N,esri
,Vadgaon Nila,18.929569,76.640562,N,esri
,Vadippatti,10.086302,77.946055,N,esri
,Vadlamannadu,16.300528,81.099481,N,esri
,Vadodara C Cabin,22.357511,73.149904,N,esri
,Vadodara D Cabin,22.359299,73.157049,N,esri
,Vadviyala,20.876424,70.967382,N,esri
,Vaghli,20.517802,75.068397,N,esri
,Vagra,21.849511,72.84465,N,esri
,Vahlyal,21.81683,72.772901,N,esri
,Vaikom Road,9.778199,76.474382,N,esri
,Vaithisvaran Koil,11.195887,79.703747,N,esri
,Vaiyampatti,10.543439,78.308574,N,esri
,Vajirabad,16.688197,79.644907,N,esri
,Vakada,16.889093,82.13941,N,esri
,Vakav,17.980035,75.588514,N,esri
,Valadi,10.872596,78.757907,N,esri
,Valantaravai,9.336482,78.915375,N,esri
,Valapattanam,11.926432,75.346238,N,esri
,Valappadi G Halt,11.655213,78.400114,N,esri
,Valaramanikkam,10.132049,78.92332,N,esri
,Valathoor,12.889861,78.839479,N,esri
,Valavanur,11.917856,79.574168,N,esri
,Valigonda,17.367205,79.00849,N,esri
,Valiveru,16.199645,80.614212,N,esri
,Vallabh Vidyanagar,22.542349,72.931069,N,esri
,Vallampadugai,11.35003,79.707973,N,esri
,Vallapuzha,10.84077,76.252412,N,esri
,Vallathol Nagar,10.731647,76.281369,N,esri
,Vallikunnu,11.092534,75.851225,N,esri
,Vallivedu,13.531027,79.06919,N,esri
,Valliyur,8.37683,77.614409,N,esri
,Valluru Halt,16.022687,77.918457,N,esri
,Vanchangiri,17.951081,79.667065,N,esri
,Vanchi Maniyachchi Junction,8.88194,77.891051,Y,esri
,Vandalur,12.89134,80.084429,N,esri
,Vangaichungpao,24.758644,93.180139,N,esri
,Vangal,11.042015,78.113296,N,esri
,Vanganur,14.847387,78.080932,N,esri
,Vaniyambadi,12.679337,78.622762,N,esri
,Vaniyambalam,11.187586,76.260671,N,esri
,Vanjipalaiyam,11.118168,77.266205,N,esri
,Varadapura,12.922467,78.191432,N,esri
,Varakalpattu,11.765894,79.711025,N,esri
,Varanasi Yard,25.324599,82.97951,N,esri
,Varangaon,21.010497,75.901347,N,esri
,Varkala Sivagiri,8.740793,76.723096,N,esri
,Varkhedi,20.657545,75.443918,N,esri
,Vasai Thirth Road,22.962349,69.917351,N,esri
,Vasan Iyawa,23.025258,72.3364,N,esri
,Vatlur,16.693958,81.044586,N,esri
,Vatva Yard,22.954922,72.63137,N,esri
,Vavera,21.124841,71.466002,N,esri
,Vayalar,9.741988,76.311907,N,esri
,Vayalpad,13.634266,78.623203,N,esri
,Vazeerpur Halt,28.150402,79.862789,N,esri
,Vedaranniyam,10.377608,79.855085,N,esri
,Vedayapalem,14.405465,79.957546,N,esri
,Veer Kunwar Singh Dharauli Halt,25.567208,84.257001,N,esri
,Veeravalli,16.616372,80.912499,N,esri
,Vejandla,16.240304,80.516307,N,esri
,Vejpur,22.742692,73.353562,N,esri
,Velachery,12.967225,80.219445,N,esri
,Velangi,16.87115,82.109102,N,esri
,Velankanni,10.687038,79.84629,N,esri
,Veldurti,15.553715,77.92745,N,esri
,Veli,8.522849,76.882715,N,esri
,Vellalcheruvu Halt,16.131591,79.88853,N,esri
,Vellanur,10.467891,78.796733,N,esri
,Vellarakkad,11.47225,75.652927,N,esri
,Vellayil,11.286292,75.76492,N,esri
,Vellikallu,14.174315,79.496779,N,esri
,Vellipalayam,10.776321,79.843873,N,esri
,Velliyani,10.840499,78.115434,N,esri
,Vellodu,10.319361,77.95246,N,esri
,Vellore Cantt,12.910422,79.127835,N,esri
,Vellore Town,12.923126,79.124956,N,esri
,Vellur Halt,11.241299,79.136762,N,esri
,Velpuru,16.724621,81.661624,N,esri
,Velpuru North,16.140613,79.853298,N,esri
,Vemar,22.00854,73.231589,N,esri
,Vembur,10.594532,78.0734,N,esri
,Vempalli,19.405052,79.529443,N,esri
,Vemulapadu,15.017842,77.853846,N,esri
,Vemuluripadu,16.308974,80.288174,N,esri
,Vemulwada,18.46355,78.874998,N,esri
,Vemuru,16.177283,80.742808,N,esri
,Vendodu,14.027095,79.728569,N,esri
,Vendra,16.579703,81.572276,N,esri
,Venkata Narasimha Raju Vari Peta,13.270854,79.581758,N,esri
,Venkatachalam,14.32697,79.926985,N,esri
,Venkatachalam Road Junction,14.294019,79.933454,Y,esri
,Venkatagiri,13.944068,79.60436,N,esri
,Venkatagiri Kote Halt,13.325906,77.731205,N,esri
,Venkatampalli,15.037783,77.462297,N,esri
,Venkatesapuram,11.931119,79.442657,N,esri
,Ventrapragada,16.474376,80.914231,N,esri
,Vepagunta,13.378907,79.5577,N,esri
,Veppampattu,13.123672,79.997782,N,esri
,Vetapalem,15.783623,80.300989,N,esri
,Viduraswattha,13.665893,77.509444,N,esri
,Vidya Nagar,17.401912,78.510893,N,esri
,Vighanwadi,19.018092,75.45674,N,esri
,Vijay Pur,24.492659,77.162328,N,esri
,Vijayamangalam,11.196239,77.521658,N,esri
,Vijayapura Bijapur,16.830517,75.739454,N,esri
,Vijayawada Junction,16.518753,80.619951,Y,esri
,Vijayawada New West Cabin,16.55906,80.592847,N,esri
,Vijayawada North Cabin,16.531385,80.628137,N,esri
,Vijayawada Yard,16.525679,80.621766,N,esri
,Vijaynagar,16.778212,74.69662,N,esri
,Vikarabad Junction,17.337413,77.909652,Y,esri
,Vikhran,21.295263,74.629617,N,esri
,Vikravandi,12.034079,79.534543,N,esri
,Vilegaon,20.592054,77.436168,N,esri
,Ville Parle,19.099359,72.844302,N,esri
,Villianur,11.920034,79.758421,N,esri
,Villivakkam,13.110101,80.208914,N,esri
,Villiyambakkam,12.752012,79.933985,N,esri
,Villupuram Cabin,11.92694,79.50006,N,esri
,Villupuram Junction,11.941739,79.499136,Y,esri
,Vinaekma Halt,26.055372,86.610346,N,esri
,Vindhyachal,25.160758,82.502104,N,esri
,Vinnamangalam,12.728321,78.678722,N,esri
,Vinukonda,16.050684,79.747797,N,esri
,Viramgam D Cabin,23.137879,72.042356,N,esri
,Virani Alur,8.194151,77.368259,N,esri
,Virapandy Road,11.596962,78.074484,N,esri
,Virapur,15.158515,77.132008,N,esri
,Virar Carshed,19.434926,72.814683,N,esri
,Virarakkiyam,10.938909,78.166007,N,esri
,Viravanallur,8.684933,77.512464,N,esri
,Viravasaram,16.542194,81.632723,N,esri
,Virinchipuram,12.962179,79.029992,N,esri
,Virkudi,10.817354,79.648235,N,esri
,Virudasampatty,11.810737,77.902914,N,esri
,Virudunagar Junction,9.595751,77.957492,Y,esri
,Virul,20.803591,78.338671,N,esri
,Visakhapatnam Electric Loco Shed,17.727528,83.286804,N,esri
,Visakhapatnam Junction,17.721431,83.290433,Y,esri
,Visakhapatnam Port,17.694294,83.300954,N,esri
,Vishnupuram,16.709783,79.637297,N,esri
,Vishrampura,22.448204,72.813458,N,esri
,Vishvamitri Junction,22.284672,73.178956,Y,esri
,Vishwanath Puri,25.036861,82.890315,N,esri
,Viswanath Charali,26.769669,93.165314,N,esri
,Vitthalapur,21.0454,77.805859,N,esri
,Vivekananda Nagar,19.9824,79.279296,N,esri
,Vriddhachalam Junction,11.53659,79.316527,Y,esri
,Vriddhachalam Town,11.519981,79.311509,N,esri
,Vyasa Colony Junction,15.186876,76.38349,Y,esri
,Vyasanakeri,15.230969,76.364432,N,esri
,Vyasarpadi Jeeva,13.108869,80.256782,N,esri
,WRS Colony PH,21.278254,81.639384,N,esri
,Wadakkanchery,10.651386,76.239742,N,esri
,Wadegaon,20.76405,79.981614,N,esri
,Wadhwan City,22.702856,71.672367,N,esri
,Wadi Chord Cabin,17.045469,76.999481,N,esri
,Wadi Goods Yard,17.050386,76.992222,N,esri
,Wadi Junction,17.052112,76.991868,Y,esri
,Wadiaram,17.97272,78.455255,N,esri
,Wadoda,20.888426,76.27989,N,esri
,Wadrengdisa,25.263985,93.178236,N,esri
,Wadsa,20.623905,79.963074,N,esri
,Wadsinge,18.066575,75.489153,N,esri
,Wadwal Nagnath,18.534624,76.81158,N,esri
,Wadwani,18.991939,76.021007,N,esri
,Wagah,31.590113,74.576597,N,esri
,Wagdod,23.974683,72.154336,N,esri
,Waghoda,21.279354,76.120646,N,esri
,Wagholi,20.582349,78.771767,N,esri
,Waghoriya,22.302222,73.40573,N,esri
,Walajabad,12.797395,79.817879,N,esri
,Walajah Road Junction,12.970877,79.36089,Y,esri
,Walayar,10.847335,76.837646,N,esri
,Walgaon,21.020282,77.710876,N,esri
,Walgaon Outer Cabin,21.027417,77.711008,N,esri
,Wan Road,21.215255,76.821606,N,esri
,Wanaparti Road,16.382111,77.885436,N,esri
,Wanawar Koteshwarnath Dham,25.055757,84.974596,N,esri
,Wandal,16.416471,75.864761,N,esri
,Wanegaon Halt,19.166448,77.251578,N,esri
,Wangapalli,17.581451,78.985111,N,esri
,Wani,20.066513,78.960931,N,esri
,Wankaner A Cabin,22.628351,70.959073,N,esri
,Warangal,17.973333,79.605376,N,esri
,Wardha Junction,20.733408,78.594243,Y,esri
,Warigaon Newada,25.584248,82.563819,N,esri
,Waris Ganj,26.435387,81.695607,N,esri
,Warisale Ganj,25.016287,85.643005,N,esri
,Warora,20.244065,79.0101,N,esri
,Warud,20.746762,78.651246,N,esri
,Warud Orange City,21.458609,78.275854,N,esri
,Warudkhed,20.386727,77.621339,N,esri
,Washermanpet,13.108685,80.282053,N,esri
,Washim,20.103107,77.148075,N,esri
,Washimbe,18.280439,75.016606,N,esri
,Wasud,17.377716,75.148022,N,esri
,Wedira,18.524288,79.042812,N,esri
,Wellington,11.356024,76.786122,N,esri
,West Hill,11.316391,75.752422,N,esri
,West Port Siding,22.787109,69.564636,N,esri
,West South Cabin Tundla,27.229886,78.210488,N,esri
,Whitefield,12.996445,77.761476,N,esri
,Whitefield Satellite Goods Terminal,12.99813,77.739927,Y,esri
,Wihirgaon,19.725622,79.441496,N,esri
,Wimco Nagar,13.180172,80.305717,N,esri
,Wirur,19.640973,79.431118,N,esri
,Y Hunasenahalli,13.400313,77.946657,N,esri
,Y Leg Connection Cabin,26.567552,88.765558,N,esri
,Yadadri (Raigir),17.551084,78.941535,N,esri
,Yadalapur,16.38488,77.327425,N,esri
,Yadavalli,15.408123,78.990378,N,esri
,Yadgir,16.744749,77.129611,N,esri
,Yadugram Block Hut,24.542664,85.324733,N,esri
,Yadvendranagar,25.761474,82.743013,N,esri
,Yakutpura,17.360068,78.492157,N,esri
,Yalvigi,15.037898,75.407883,N,esri
,Yamuna Bridge Agra,27.192321,78.039082,N,esri
,Yaqutganj,27.327837,79.618066,N,esri
,Yaragoppa,15.905983,75.648679,N,esri
,Yasantapuru,17.737148,79.206524,N,esri
,Yataluru,13.89329,79.626385,N,esri
,Yavatmal,20.387451,78.1198,N,esri
,Yedakumari,12.823003,75.663897,N,esri
,Yedamangala,12.714952,75.443221,N,esri
,Yedapalli,18.678819,77.953142,N,esri
,Yedshi,18.317751,75.9769,N,esri
,Yelahanka Junction,13.105175,77.591806,Y,esri
,Yelburga,15.606812,76.025557,N,esri
,Yelgur,17.861009,79.747314,N,esri
,Yeliyur,12.509959,76.828759,N,esri
,Yellakaru,13.846551,79.64956,N,esri
,Yenor,20.49413,78.840945,N,esri
,Yenugonda,16.757527,78.034843,N,esri
,Yermaras,16.272745,77.347244,N,esri
,Yerpedu,13.687463,79.575198,N,esri
,Yerragudipadu,14.62091,78.59562,N,esri
,Yerraguntla Junction,14.643607,78.533836,Y,esri
,Yeshwantnagar,15.040533,76.503176,N,esri
,Yesvantpur A Cabin,13.040609,77.547629,N,esri
,Yesvantpur Junction,13.022887,77.552245,Y,esri
,Yeulkhed,20.724886,77.075263,N,esri
,Yevat,18.489113,74.256646,N,esri
,Zahirabad,17.675752,77.610632,N,esri
,Zampani Halt,16.200727,80.713163,N,esri
,Zangalapalle,14.590199,77.641695,N,esri
,Zarpur Pali,28.325387,76.097335,N,esri
,Zorawar Pura Halt,29.757506,73.448626,N,esri
,lekhapani,27.299329,95.776362,N,esri
,nemalipuri,16.425726,79.933577,N,esri
